M-22,https://www.azlyrics.com/m/m22.html
M24,https://www.azlyrics.com/m/m24.html
M2M,https://www.azlyrics.com/m/m2m.html
M83,https://www.azlyrics.com/m/m83.html
Maan,https://www.azlyrics.com/m/maan.html
"Maan, Amrit",https://www.azlyrics.com/a/amritmaan.html
Mabel,https://www.azlyrics.com/m/mabel.html
Mabel Matiz,https://www.azlyrics.com/m/mabelmatiz.html
Mabes,https://www.azlyrics.com/m/mabes.html
"Mabey, Stephanie",https://www.azlyrics.com/s/stephaniemabey.html
Macabre,https://www.azlyrics.com/m/macabre.html
"Mac, Annah",https://www.azlyrics.com/a/annahmac.html
"Macatuno, Jem",https://www.azlyrics.com/j/jemmacatuno.html
Mac Ayres,https://www.azlyrics.com/m/macayres.html
"Maccabees, The",https://www.azlyrics.com/m/maccabees.html
"MacColl, Kirsty",https://www.azlyrics.com/k/kirstymaccoll.html
Mac Davis,https://www.azlyrics.com/m/macdavis.html
Mac DeMarco,https://www.azlyrics.com/m/macdemarco.html
"Macdonald, Amy",https://www.azlyrics.com/a/amymacdonald.html
"MacDonald, Grant",https://www.azlyrics.com/g/grantmcdonald.html
"MacDonald, Tom",https://www.azlyrics.com/t/tommacdonald.html
Mac Dre,https://www.azlyrics.com/m/macdre.html
Machete Empire Records,https://www.azlyrics.com/m/macheteempirerecords.html
Machine Gun Kelly,https://www.azlyrics.com/m/machinegunkelly.html
Machine Head,https://www.azlyrics.com/m/machinehead.html
machineheart,https://www.azlyrics.com/m/machineheart.html
Mack 10,https://www.azlyrics.com/m/mack10.html
"Mackampa, Jordan",https://www.azlyrics.com/j/jordanmackampa.html
Mack Brock,https://www.azlyrics.com/m/mackbrock.html
MacKenzie Bourg,https://www.azlyrics.com/m/mackenziebourg.html
Mackenzie Ziegler,https://www.azlyrics.com/m/mackenzieziegler.html
Macklemore,https://www.azlyrics.com/m/macklemore.html
Mack Maine,https://www.azlyrics.com/m/mackmaine.html
Mackned,https://www.azlyrics.com/m/mackned.html
Mack Wilds,https://www.azlyrics.com/m/mackwilds.html
Macky,https://www.azlyrics.com/m/macky.html
"Maclean, Dara",https://www.azlyrics.com/d/daramaclean.html
Mac Lethal,https://www.azlyrics.com/m/maclethal.html
Mac McAnally,https://www.azlyrics.com/m/macmcanally.html
Mac Miller,https://www.azlyrics.com/m/macmiller.html
Mac Tyer,https://www.azlyrics.com/m/mactyer.html
Macy Gray,https://www.azlyrics.com/g/gray.html
Macy Kate,https://www.azlyrics.com/m/macykate.html
Madame,https://www.azlyrics.com/m/madame.html
Madame Macabre,https://www.azlyrics.com/m/madamemacabre.html
Madame Monsieur,https://www.azlyrics.com/m/madamemonsieur.html
Madball,https://www.azlyrics.com/m/madball.html
Mad Caddies,https://www.azlyrics.com/m/madcaddies.html
Madchild,https://www.azlyrics.com/m/madchild.html
Mad Clip,https://www.azlyrics.com/m/madclip.html
Madcon,https://www.azlyrics.com/m/madcon.html
Madden,https://www.azlyrics.com/m/madden.html
"Madden Brothers, The",https://www.azlyrics.com/m/maddenbrothers.html
Maddie Poppe,https://www.azlyrics.com/m/maddiepoppe.html
Maddie & Tae,https://www.azlyrics.com/m/maddietae.html
Maddi Jane,https://www.azlyrics.com/m/maddijane.html
Made In Heights,https://www.azlyrics.com/m/madeinheights.html
MadeinTYO,https://www.azlyrics.com/m/madeintyo.html
"Madela, Jed",https://www.azlyrics.com/j/jedmadela.html
Madeleine Peyroux,https://www.azlyrics.com/m/madeleinepeyroux.html
Madeline Juno,https://www.azlyrics.com/m/madelinejuno.html
Madeline Merlo,https://www.azlyrics.com/m/madelinemerlo.html
Madeon,https://www.azlyrics.com/m/madeon.html
Madi Diaz,https://www.azlyrics.com/m/madidiaz.html
Madilyn Bailey,https://www.azlyrics.com/m/madilynbailey.html
Madilyn Paige,https://www.azlyrics.com/m/madilynpaige.html
Madina Lake,https://www.azlyrics.com/m/madinalake.html
Madison Avenue,https://www.azlyrics.com/m/madisonavenue.html
Madison Beer,https://www.azlyrics.com/m/madisonbeer.html
MadMan,https://www.azlyrics.com/m/madman.html
Madness,https://www.azlyrics.com/m/madness.html
Madonna,https://www.azlyrics.com/m/madonna.html
Madrugada,https://www.azlyrics.com/m/madrugada.html
Mad Season,https://www.azlyrics.com/m/madseason.html
Madsen,https://www.azlyrics.com/m/madsen.html
Mads Hansen,https://www.azlyrics.com/m/madshansen.html
Mads Langer,https://www.azlyrics.com/m/madslanger.html
Ma$E,https://www.azlyrics.com/m/mase.html
Mae,https://www.azlyrics.com/m/mae.html
"Maé, Christophe",https://www.azlyrics.com/c/christophemae.html
"Mae, Clara",https://www.azlyrics.com/c/claramae.html
Maejor Ali,https://www.azlyrics.com/m/maejorali.html
"Maejor, Bei",https://www.azlyrics.com/b/beimaejor.html
Mae Muller,https://www.azlyrics.com/m/maemuller.html
"Mae, Ria",https://www.azlyrics.com/r/riamae.html
Maes,https://www.azlyrics.com/m/maes.html
Maestro,https://www.azlyrics.com/m/maestro.html
"Maffay, Peter",https://www.azlyrics.com/p/petermaffay.html
Mafikizolo,https://www.azlyrics.com/m/mafikizolo.html
"Magán, Juan",https://www.azlyrics.com/j/juanmagan.html
Maggie Eckford,https://www.azlyrics.com/m/maggieeckford.html
Maggie Lindemann,https://www.azlyrics.com/m/maggielindemann.html
Maggie Rogers,https://www.azlyrics.com/m/maggierogers.html
Maggie Rose,https://www.azlyrics.com/m/maggierose.html
"Maggio, Veronica",https://www.azlyrics.com/v/veronicamaggio.html
MAGIC!,https://www.azlyrics.com/m/magic.html
"Magic Gang, The",https://www.azlyrics.com/m/magicgang.html
"Magician, The",https://www.azlyrics.com/m/magician.html
Magic Man,https://www.azlyrics.com/m/magicman.html
"Magic Numbers, The",https://www.azlyrics.com/m/magicnumbers.html
Magic System,https://www.azlyrics.com/m/magicsystem.html
Magna-Fi,https://www.azlyrics.com/m/magnafi.html
"Magnetic Fields, The",https://www.azlyrics.com/m/magneticfields.html
Magnum,https://www.azlyrics.com/m/magnum.html
"Magnus, Gavin",https://www.azlyrics.com/g/gavinmagnus.html
Magnus Haven,https://www.azlyrics.com/m/magnushaven.html
Mägo De Oz,https://www.azlyrics.com/m/mgodeoz.html
"Maguire, Clare",https://www.azlyrics.com/c/claremaguire.html
"Mahal, Deva",https://www.azlyrics.com/d/devamahal.html
Mahalia,https://www.azlyrics.com/m/mahalia.html
Mahen,https://www.azlyrics.com/m/mahen.html
Maher Zain,https://www.azlyrics.com/m/maherzain.html
Mahmood,https://www.azlyrics.com/m/mahmood.html
Mahmut Orhan,https://www.azlyrics.com/m/mahmutorhan.html
Mahogany Lox,https://www.azlyrics.com/m/mahoganylox.html
"Mahone, Austin",https://www.azlyrics.com/a/austinmahone.html
Maia Mitchell,https://www.azlyrics.com/m/maiamitchell.html
"Mai, Ella",https://www.azlyrics.com/e/ellamai.html
Maikel Delacalle,https://www.azlyrics.com/m/maikeldelacalle.html
Maine Mendoza,https://www.azlyrics.com/m/mainemendoza.html
"Maines, Natalie",https://www.azlyrics.com/n/nataliemaines.html
"Maine, The",https://www.azlyrics.com/m/maine.html
"Main Ingredient, The",https://www.azlyrics.com/m/mainingredient.html
Maino,https://www.azlyrics.com/m/maino.html
Maisie Peters,https://www.azlyrics.com/m/maisiepeters.html
Maître Gims,https://www.azlyrics.com/m/matregims.html
MAJ,https://www.azlyrics.com/m/maj.html
MAJAN,https://www.azlyrics.com/m/majan.html
Maja Salvador,https://www.azlyrics.com/m/majasalvador.html
Majestica,https://www.azlyrics.com/m/majestica.html
Majical Cloudz,https://www.azlyrics.com/m/majicalcloudz.html
Majid Jordan,https://www.azlyrics.com/m/majidjordan.html
Majk,https://www.azlyrics.com/m/majk.html
Majoe,https://www.azlyrics.com/m/majoe.html
MAJOR.,https://www.azlyrics.com/m/major.html
Major Lazer,https://www.azlyrics.com/m/majorlazer.html
Major Nine,https://www.azlyrics.com/m/majornine.html
Major SPZ,https://www.azlyrics.com/m/majorspz.html
Makari,https://www.azlyrics.com/m/makari.html
MAKE LOVE (МЭЙКЛАВ),https://www.azlyrics.com/m/makelove.html
Makeout,https://www.azlyrics.com/m/makeout.html
Make Out Monday,https://www.azlyrics.com/m/makeoutmonday.html
Make Them Suffer,https://www.azlyrics.com/m/makethemsuffer.html
"Makino, Nik",https://www.azlyrics.com/n/nikmakino.html
Mako,https://www.azlyrics.com/m/mako.html
Mak Sauce,https://www.azlyrics.com/m/maksauce.html
Malaya Macaraeg,https://www.azlyrics.com/m/malayamacaraeg.html
Malbec (Мальбэк),https://www.azlyrics.com/m/malbec.html
"Malcolm, Ryan",https://www.azlyrics.com/m/malcolm.html
"Malcolm, Steven",https://www.azlyrics.com/s/stevenmalcolm.html
Maldita,https://www.azlyrics.com/m/maldita.html
Maleek Berry,https://www.azlyrics.com/m/maleekberry.html
Malia Civetz,https://www.azlyrics.com/m/maliacivetz.html
Malik Montana,https://www.azlyrics.com/m/malikmontana.html
Mali Music,https://www.azlyrics.com/m/malimusic.html
"Malinchak, Chris",https://www.azlyrics.com/c/chrismalinchak.html
Maliq & D'Essentials,https://www.azlyrics.com/m/maliqdessentials.html
Mallary Hope,https://www.azlyrics.com/m/mallaryhope.html
Mallory Knox,https://www.azlyrics.com/m/malloryknox.html
Mallrat,https://www.azlyrics.com/m/mallrat.html
"Malmsteen, Yngwie",https://www.azlyrics.com/y/yngwiemalmsteen.html
"Malone, Bugzy",https://www.azlyrics.com/b/bugzymalone.html
Małpa,https://www.azlyrics.com/m/malpa.html
Malukah,https://www.azlyrics.com/m/malukah.html
Maluma,https://www.azlyrics.com/m/maluma.html
Malú,https://www.azlyrics.com/m/mal.html
Malu Trevejo,https://www.azlyrics.com/m/malutrevejo.html
Mamamoo,https://www.azlyrics.com/m/mamamoo.html
"Mamas And The Papas, The",https://www.azlyrics.com/m/mamasandthepapas.html
MamboLosco,https://www.azlyrics.com/m/mambolosco.html
"Mami, Paloma",https://www.azlyrics.com/p/palomamami.html
Mamma Mia! Cast,https://www.azlyrics.com/m/mammamiacast.html
Maná,https://www.azlyrics.com/m/mana.html
Manafest,https://www.azlyrics.com/m/manafest.html
"Manak, Jass",https://www.azlyrics.com/j/jassmanak.html
"Manaois, Tatiana",https://www.azlyrics.com/t/tatianamanaois.html
Manchester Orchestra,https://www.azlyrics.com/m/manchesterorchestra.html
"Mancuso, Rudy",https://www.azlyrics.com/r/rudymancuso.html
Mandisa,https://www.azlyrics.com/m/mandisa.html
Mando Diao,https://www.azlyrics.com/m/mandodiao.html
Mandolin Orange,https://www.azlyrics.com/m/mandolinorange.html
MandoPony,https://www.azlyrics.com/m/mandopony.html
"Mandrell, Barbara",https://www.azlyrics.com/b/barbaramandrell.html
Mandy Harvey,https://www.azlyrics.com/m/mandyharvey.html
Mandy Moore,https://www.azlyrics.com/m/mandymoore.html
Måneskin,https://www.azlyrics.com/m/mneskin.html
Manfred Mann's Earth Band,https://www.azlyrics.com/m/manfredmannsearthband.html
maNga,https://www.azlyrics.com/m/manga.html
"Mangan, Dan",https://www.azlyrics.com/d/danmangan.html
"Mangeshkar, Lata",https://www.azlyrics.com/l/latamangeshkar.html
"Mangubat, Sam",https://www.azlyrics.com/s/sammangubat.html
"Manhattans, The",https://www.azlyrics.com/m/manhattans.html
"Manhattan Transfer, The",https://www.azlyrics.com/m/manhattantransfer.html
Manic Drive,https://www.azlyrics.com/m/manicdrive.html
Manic Street Preachers,https://www.azlyrics.com/m/manic.html
MANILA GREY,https://www.azlyrics.com/m/manilagrey.html
"Manilow, Barry",https://www.azlyrics.com/b/barrymanilow.html
Manizha,https://www.azlyrics.com/m/manizha.html
Mankirt Aulakh,https://www.azlyrics.com/m/mankirtaulakh.html
Man Man,https://www.azlyrics.com/m/manman.html
MANN,https://www.azlyrics.com/m/mann.html
"Mann, Aimee",https://www.azlyrics.com/a/aimeemann.html
"Mann, Chris",https://www.azlyrics.com/c/chrismann.html
Mannequin Pussy,https://www.azlyrics.com/m/mannequinpussy.html
Mannie Fresh,https://www.azlyrics.com/m/manniefresh.html
"Manning, Caroline",https://www.azlyrics.com/c/carolinemanning.html
"Mann, Tamela",https://www.azlyrics.com/t/tamelamann.html
"Manor, The",https://www.azlyrics.com/m/manor.html
"Manos, Peter",https://www.azlyrics.com/p/petermanos.html
Man Overboard,https://www.azlyrics.com/m/manoverboard.html
Manowar,https://www.azlyrics.com/m/manowar.html
Mansionair,https://www.azlyrics.com/m/mansionair.html
mansionz,https://www.azlyrics.com/m/mansionz.html
Mansun,https://www.azlyrics.com/m/mansun.html
Måns Zelmerlöw,https://www.azlyrics.com/m/mnszelmerlw.html
Manu Chao,https://www.azlyrics.com/m/manuchao.html
Manu Crooks,https://www.azlyrics.com/m/manucrooks.html
Manuellsen,https://www.azlyrics.com/m/manuellsen.html
Manuel Riva,https://www.azlyrics.com/m/manuelriva.html
Manuel Turizo,https://www.azlyrics.com/m/manuelturizo.html
Manu Pilas,https://www.azlyrics.com/m/manupilas.html
MAN WITH A MISSION,https://www.azlyrics.com/m/manwithamission.html
Mapei,https://www.azlyrics.com/m/mapei.html
"Marais, Jonah",https://www.azlyrics.com/j/jonahmarais.html
"Marano, Laura",https://www.azlyrics.com/l/lauramarano.html
Marc Anthony,https://www.azlyrics.com/a/anthony.html
Marc Broussard,https://www.azlyrics.com/b/broussard.html
Marc Cohn,https://www.azlyrics.com/m/marccohn.html
Marc E. Bassy,https://www.azlyrics.com/m/marcebassy.html
"Marcel, Adrian",https://www.azlyrics.com/a/adrianmarcel.html
Marcell,https://www.azlyrics.com/m/marcell.html
"Marcels, The",https://www.azlyrics.com/m/marcels.html
MARCO-9,https://www.azlyrics.com/m/marco9.html
Marco Antonio Solis,https://www.azlyrics.com/m/marcoantoniosolis.html
Marco Borsato,https://www.azlyrics.com/m/marcoborsato.html
Marco Mengoni,https://www.azlyrics.com/m/marcomengoni.html
Marco Sentieri,https://www.azlyrics.com/m/marcosentieri.html
Marcos Hernandez,https://www.azlyrics.com/m/marcoshernandez.html
Marc Scibilia,https://www.azlyrics.com/m/marcscibilia.html
Marcus Butler,https://www.azlyrics.com/m/marcusbutler.html
Marcus Canty,https://www.azlyrics.com/m/marcuscanty.html
Marcus Collins,https://www.azlyrics.com/m/marcuscollins.html
"Marcus King Band, The",https://www.azlyrics.com/m/marcuskingband.html
Marcus & Martinus,https://www.azlyrics.com/m/marcusmartinus.html
Marcy Playground,https://www.azlyrics.com/m/marcyplayground.html
"Mardones, Benny",https://www.azlyrics.com/b/bennymardones.html
Marduk,https://www.azlyrics.com/m/marduk.html
Maren Morris,https://www.azlyrics.com/m/maren-morris.html
Margaret,https://www.azlyrics.com/m/margaret.html
"Margaret, Anna",https://www.azlyrics.com/a/annamargaret.html
Margeaux,https://www.azlyrics.com/m/margeaux.html
Margo Price,https://www.azlyrics.com/m/margoprice.html
Margot & The Nuclear So And So's,https://www.azlyrics.com/m/margotthenuclearsoandsos.html
Maria,https://www.azlyrics.com/m/maria.html
Maria Becerra,https://www.azlyrics.com/m/mariabecerra.html
Mariah Carey,https://www.azlyrics.com/m/mariahcarey.html
Mariah,https://www.azlyrics.com/m/mariah.html
Maria Lynn,https://www.azlyrics.com/m/marialynn.html
Maria McKee,https://www.azlyrics.com/m/mariamckee.html
Maria Mena,https://www.azlyrics.com/m/mariamena.html
Marianas Trench,https://www.azlyrics.com/m/marianastrench.html
Marian Hill,https://www.azlyrics.com/m/marianhill.html
Marianne Faithfull,https://www.azlyrics.com/m/mariannefaithfull.html
"Marias, The",https://www.azlyrics.com/m/marias.html
Maria Taylor,https://www.azlyrics.com/m/mariataylor.html
Marie Digby,https://www.azlyrics.com/m/mariedigby.html
"Marie, Faith",https://www.azlyrics.com/f/faithmarie.html
Marie Hines,https://www.azlyrics.com/m/mariehines.html
Marie Miller,https://www.azlyrics.com/m/mariemiller.html
Marie Osmond,https://www.azlyrics.com/m/marieosmond.html
Marie Serneholt,https://www.azlyrics.com/m/marieserneholt.html
Marika,https://www.azlyrics.com/m/marika.html
Mari Kraimbrery (Мари Краймбрери),https://www.azlyrics.com/m/marikraimbrery.html
Marília Mendonça,https://www.azlyrics.com/m/marliamendona.html
Marillion,https://www.azlyrics.com/m/marillion.html
Marilyn Manson,https://www.azlyrics.com/m/marilyn.html
"Marimi, Kobi",https://www.azlyrics.com/k/kobimarimi.html
"Marina, Anya",https://www.azlyrics.com/a/anyamarina.html
Marina Kaye,https://www.azlyrics.com/m/marinakaye.html
Marina & The Diamonds,https://www.azlyrics.com/m/marinathediamonds.html
Mario,https://www.azlyrics.com/m/mario.html
Mario Bautista,https://www.azlyrics.com/m/mariobautista.html
Mario Judah,https://www.azlyrics.com/m/mariojudah.html
Marion Aunor,https://www.azlyrics.com/m/marionaunor.html
Marion Jola,https://www.azlyrics.com/m/marionjola.html
Marion Raven,https://www.azlyrics.com/m/marionraven.html
Mario Vazquez,https://www.azlyrics.com/m/mariovazquez.html
Mario Winans,https://www.azlyrics.com/w/winans.html
Marisa Monte,https://www.azlyrics.com/m/monte.html
Maris Racal,https://www.azlyrics.com/m/marisracal.html
"Mari, Teairra",https://www.azlyrics.com/t/teairramari.html
Marit Larsen,https://www.azlyrics.com/m/maritlarsen.html
"Mark, Amber",https://www.azlyrics.com/a/ambermark.html
Mark Battles,https://www.azlyrics.com/m/markbattles.html
Mark Carpio,https://www.azlyrics.com/m/markcarpio.html
Mark Chesnutt,https://www.azlyrics.com/m/markchesnutt.html
Mark Diamond,https://www.azlyrics.com/m/markdiamond.html
Mark Dinning,https://www.azlyrics.com/m/markdinning.html
Mark Dohner,https://www.azlyrics.com/m/markdohner.html
Mark Forster,https://www.azlyrics.com/m/markforster.html
Mark Knopfler,https://www.azlyrics.com/m/markknopfler.html
Mark Lanegan,https://www.azlyrics.com/m/marklanegan.html
Mark Morrison,https://www.azlyrics.com/m/markmorrison.html
Mark Morton,https://www.azlyrics.com/m/markmorton.html
Marko Hietala,https://www.azlyrics.com/m/markohietala.html
Mark Owen,https://www.azlyrics.com/o/owen.html
Mark Ronson,https://www.azlyrics.com/r/ronson.html
Mark Schultz,https://www.azlyrics.com/m/markschultz.html
"Marks, Cory",https://www.azlyrics.com/c/corymarks.html
Mark Thomas,https://www.azlyrics.com/m/markthomas.html
Markul,https://www.azlyrics.com/m/markul.html
Markus Feehily,https://www.azlyrics.com/m/markusfeehily.html
Markus Krunegård,https://www.azlyrics.com/m/markuskrunegard.html
Mark Wills,https://www.azlyrics.com/m/markwills.html
Marky Mark And The Funky Bunch,https://www.azlyrics.com/m/markymarkandthefunkybunch.html
"Marley, Bob",https://www.azlyrics.com/b/bobmarley.html
"Marley, Damian",https://www.azlyrics.com/d/damianmarley.html
"Marley, Ky-Mani",https://www.azlyrics.com/k/kymanimarley.html
"Marley, Naira",https://www.azlyrics.com/n/nairamarley.html
"Marley, Skip",https://www.azlyrics.com/s/skipmarley.html
"Marley, Stephen",https://www.azlyrics.com/s/stephenmarley.html
"Marley, Ziggy",https://www.azlyrics.com/z/ziggymarley.html
"Marling, Laura",https://www.azlyrics.com/l/lauramarling.html
"Marlin, Lene",https://www.azlyrics.com/l/lenemarlin.html
Marlisa,https://www.azlyrics.com/m/marlisa.html
MARLO,https://www.azlyrics.com/m/marlo.html
Marlo,https://www.azlyrics.com/m/marlorapper.html
Marlon Craft,https://www.azlyrics.com/m/marloncraft.html
Marlon Roudette,https://www.azlyrics.com/m/marlonroudette.html
Marmalade,https://www.azlyrics.com/m/marmalade.html
MarMar Oso,https://www.azlyrics.com/m/marmaroso.html
Marmozets,https://www.azlyrics.com/m/marmozets.html
Marnik,https://www.azlyrics.com/m/marnik.html
"Maroney, Briston",https://www.azlyrics.com/b/bristonmaroney.html
Maroon 5,https://www.azlyrics.com/m/maroon5.html
Marques Houston,https://www.azlyrics.com/h/houstonm.html
Marracash,https://www.azlyrics.com/m/marracash.html
"Marr, Johnny",https://www.azlyrics.com/j/johnnymarr.html
MARS,https://www.azlyrics.com/m/mars.html
Mars Argo,https://www.azlyrics.com/m/marsargo.html
"Mars, Bruno",https://www.azlyrics.com/b/brunomars.html
Marsha Ambrosius,https://www.azlyrics.com/m/marshaambrosius.html
"Marshall, Amanda",https://www.azlyrics.com/a/amandamarshall.html
"Marshall Tucker Band, The",https://www.azlyrics.com/m/marshalltuckerband.html
"Marsh, Kym",https://www.azlyrics.com/m/marsh.html
Marshmello,https://www.azlyrics.com/m/marshmello.html
"Mars Volta, The",https://www.azlyrics.com/m/marsvolta.html
Marteen,https://www.azlyrics.com/m/marteen.html
Marteria,https://www.azlyrics.com/m/marteria.html
Martha And The Vandellas,https://www.azlyrics.com/m/marthaandthevandellas.html
Martha Munizzi,https://www.azlyrics.com/m/marthamunizzi.html
Martha Reeves,https://www.azlyrics.com/m/marthareeves.html
Martha & The Muffins,https://www.azlyrics.com/m/marthathemuffins.html
Martha Wainwright,https://www.azlyrics.com/m/marthawainwright.html
Martika,https://www.azlyrics.com/m/martika.html
Martina McBride,https://www.azlyrics.com/m/mcbride.html
"Martin, Chris",https://www.azlyrics.com/c/chrismartin.html
"Martin, Dean",https://www.azlyrics.com/d/deanmartin.html
Martine McCutcheon,https://www.azlyrics.com/m/mccutcheon.html
"Martinez, Angie",https://www.azlyrics.com/m/martinez.html
"Martinez, India",https://www.azlyrics.com/i/indiamartinez.html
Martinez Twins,https://www.azlyrics.com/m/martineztwins.html
"Martinez, Vicci",https://www.azlyrics.com/v/viccimartinez.html
Martin Garrix,https://www.azlyrics.com/m/martingarrix.html
"Martini, Lori",https://www.azlyrics.com/l/lorimartini.html
Martin Jensen,https://www.azlyrics.com/m/martinjensen.html
"Martin, John",https://www.azlyrics.com/j/johnmartin.html
"Martin, Keith",https://www.azlyrics.com/k/keithmartin.html
Martin Nievera,https://www.azlyrics.com/m/martinnievera.html
"Martin, Ricky",https://www.azlyrics.com/m/martin.html
Martin Solveig,https://www.azlyrics.com/m/martinsolveig.html
"Martin, Terrace",https://www.azlyrics.com/t/terracemartin.html
Martin Tungevaag,https://www.azlyrics.com/m/martintungevaag.html
MARTY,https://www.azlyrics.com/m/marty.html
Marty Balin,https://www.azlyrics.com/m/martybalin.html
"Martyn, John",https://www.azlyrics.com/j/johnmartyn.html
Marty Robbins,https://www.azlyrics.com/m/martyrobbins.html
MARUV,https://www.azlyrics.com/m/maruv.html
"Marvelettes, The",https://www.azlyrics.com/m/marvelettes.html
Marvin Dark,https://www.azlyrics.com/m/marvindark.html
Marvin Game,https://www.azlyrics.com/m/marvingame.html
Marvin Gaye,https://www.azlyrics.com/m/marvingaye.html
Marvin Priest,https://www.azlyrics.com/m/marvinpriest.html
Marvin Sapp,https://www.azlyrics.com/m/marvinsapp.html
Marwa Loud,https://www.azlyrics.com/m/marwaloud.html
"Marx, Richard",https://www.azlyrics.com/r/richardmarx.html
Mary Black,https://www.azlyrics.com/m/maryblack.html
Mary Chapin Carpenter,https://www.azlyrics.com/m/marychapincarpenter.html
Mary Gauthier,https://www.azlyrics.com/m/marygauthier.html
Mary Hopkin,https://www.azlyrics.com/m/maryhopkin.html
Mary Jane Girls,https://www.azlyrics.com/m/maryjanegirls.html
Mary J Blige,https://www.azlyrics.com/b/blige.html
Mary Lambert,https://www.azlyrics.com/m/marylambert.html
Mary Mary,https://www.azlyrics.com/m/marymary.html
Mary Wells,https://www.azlyrics.com/m/marywells.html
MASE,https://www.azlyrics.com/m/mase12150.html
Masego,https://www.azlyrics.com/m/masego.html
"Mase, Yoe",https://www.azlyrics.com/y/yoemase.html
Mashonda,https://www.azlyrics.com/m/mashonda.html
"Mash, The",https://www.azlyrics.com/m/mash.html
Masicka,https://www.azlyrics.com/m/masicka.html
Masked Intruder,https://www.azlyrics.com/m/maskedintruder.html
maslo chernogo tmina (масло черного тмина),https://www.azlyrics.com/m/maslochernogotmina.html
"Maslow, James",https://www.azlyrics.com/j/jamesmaslow.html
MASN,https://www.azlyrics.com/m/masn.html
"Mason, Dave",https://www.azlyrics.com/d/davemason.html
Mason Jennings,https://www.azlyrics.com/j/jennings.html
Mason Ramsey,https://www.azlyrics.com/m/masonramsey.html
Massad,https://www.azlyrics.com/m/massad.html
Massaka,https://www.azlyrics.com/m/massaka.html
"Massara, Indiana",https://www.azlyrics.com/i/indianamassara.html
Massari,https://www.azlyrics.com/m/massari.html
Massimo Pericolo,https://www.azlyrics.com/m/massimopericolo.html
Massiv,https://www.azlyrics.com/m/massiv.html
Massive Attack,https://www.azlyrics.com/m/massive.html
Mass Of Man,https://www.azlyrics.com/m/massofman.html
Masta Ace,https://www.azlyrics.com/m/mastaace.html
Master KG,https://www.azlyrics.com/m/masterkg.html
Mastermind,https://www.azlyrics.com/m/mastermind.html
Master Of Death,https://www.azlyrics.com/m/masterofdeath.html
Master P,https://www.azlyrics.com/m/masterp.html
Masterplan,https://www.azlyrics.com/m/masterplan.html
"Mastin, Reece",https://www.azlyrics.com/r/reecemastin.html
Mastodon,https://www.azlyrics.com/m/mastodon.html
Mata,https://www.azlyrics.com/m/mata.html
Matchbook Romance,https://www.azlyrics.com/m/matchbookromance.html
Matchbox 20,https://www.azlyrics.com/m/matchbox20.html
"Matches, The",https://www.azlyrics.com/m/matches.html
"Mateo, Abraham",https://www.azlyrics.com/a/abrahammateo.html
Mathea,https://www.azlyrics.com/m/mathea.html
"Mathis, Johnny",https://www.azlyrics.com/j/johnnymathis.html
Mati Gómez,https://www.azlyrics.com/m/matigomez.html
Matisse,https://www.azlyrics.com/m/matisse.html
Matisyahu,https://www.azlyrics.com/m/matisyahu.html
Mat Kearney,https://www.azlyrics.com/m/matkearney.html
Mat Kerekes,https://www.azlyrics.com/m/matkerekes.html
Matoma,https://www.azlyrics.com/m/matoma.html
MATRANG,https://www.azlyrics.com/m/matrang.html
Mattafix,https://www.azlyrics.com/m/mattafix.html
Matt Berninger,https://www.azlyrics.com/m/mattberninger.html
Matt Cardle,https://www.azlyrics.com/m/mattcardle.html
Matt Corby,https://www.azlyrics.com/m/mattcorby.html
Matt Costa,https://www.azlyrics.com/m/mattcosta.html
Matt Dusk,https://www.azlyrics.com/d/dusk.html
"Mattel, Trixie",https://www.azlyrics.com/t/trixiemattel.html
Matteo,https://www.azlyrics.com/m/matteo.html
Matthaios,https://www.azlyrics.com/m/matthaios.html
Matt Hammitt,https://www.azlyrics.com/m/matthammitt.html
Matthew And The Atlas,https://www.azlyrics.com/m/matthewandtheatlas.html
"Matthew, Dylan",https://www.azlyrics.com/d/dylanmatthew.html
Matthew Good,https://www.azlyrics.com/m/matthewgood.html
Matthew Good Band,https://www.azlyrics.com/m/matthewgoodband.html
Matthew Koma,https://www.azlyrics.com/m/matthewkoma.html
Matthew Mole,https://www.azlyrics.com/m/matthewmole.html
Matthew Morrison,https://www.azlyrics.com/m/matthewmorrison.html
Matthew Parker,https://www.azlyrics.com/m/matthewparker.html
"Matthews, Conor",https://www.azlyrics.com/c/conormatthews.html
"Matthews, Dave",https://www.azlyrics.com/m/matthews.html
Matthew Sweet,https://www.azlyrics.com/m/matthewsweet.html
Matthew West,https://www.azlyrics.com/m/matthewwest.html
Matthew Wilder,https://www.azlyrics.com/m/matthewwilder.html
Matt Hires,https://www.azlyrics.com/m/matthires.html
Matt Hunter,https://www.azlyrics.com/m/matthunter.html
Matt Kennon,https://www.azlyrics.com/m/mattkennon.html
Matt & Kim,https://www.azlyrics.com/m/mattkim.html
Matt Maeson,https://www.azlyrics.com/m/mattmaeson.html
Matt Maher,https://www.azlyrics.com/m/mattmaher.html
Matt Maltese,https://www.azlyrics.com/m/mattmaltese.html
Matt McAndrew,https://www.azlyrics.com/m/mattmcandrew.html
Matt Morris,https://www.azlyrics.com/m/mattmorris.html
Matt Nathanson,https://www.azlyrics.com/m/mattnathanson.html
Matt OX,https://www.azlyrics.com/m/mattox.html
Matt Redman,https://www.azlyrics.com/m/mattredman.html
Matt Simons,https://www.azlyrics.com/m/mattsimons.html
"Mattson, Alex",https://www.azlyrics.com/a/alexmattson.html
Matt Stell,https://www.azlyrics.com/m/mattstell.html
Matt Terry,https://www.azlyrics.com/m/mattterry.html
Matt Webb,https://www.azlyrics.com/m/mattwebb.html
Matt Wertz,https://www.azlyrics.com/m/mattwertz.html
Matt White,https://www.azlyrics.com/m/mattwhite.html
Matt Willis,https://www.azlyrics.com/m/mattwillis.html
MattyB,https://www.azlyrics.com/m/mattyb.html
Matty Mullins,https://www.azlyrics.com/m/mattymullins.html
Matuê,https://www.azlyrics.com/m/matu.html
Maty Noyes,https://www.azlyrics.com/m/matynoyes.html
"Mauboy, Jessica",https://www.azlyrics.com/j/jessicamauboy.html
Maureen McGovern,https://www.azlyrics.com/m/maureenmcgovern.html
Maurette Brown Clark,https://www.azlyrics.com/m/maurettebrownclark.html
Maurice Moore,https://www.azlyrics.com/m/mauricemoore.html
"Maus, John",https://www.azlyrics.com/j/johnmaus.html
Mau y Ricky,https://www.azlyrics.com/m/mauyricky.html
Mavado,https://www.azlyrics.com/m/mavado.html
Maverick City Music,https://www.azlyrics.com/m/maverickcitymusic.html
Maverick Sabre,https://www.azlyrics.com/m/mavericksabre.html
"Mavericks, The",https://www.azlyrics.com/m/mavericks.html
Mavis Staples,https://www.azlyrics.com/m/mavisstaples.html
Mavl (Мэвл),https://www.azlyrics.com/m/mavl.html
Mawar De Jongh,https://www.azlyrics.com/m/mawardejongh.html
Max B,https://www.azlyrics.com/m/maxb.html
Max Barskih (Макс Барских),https://www.azlyrics.com/m/maxbarskih.html
Maxenss,https://www.azlyrics.com/m/maxenss.html
Max Frost,https://www.azlyrics.com/m/maxfrost.html
Max George,https://www.azlyrics.com/m/maxgeorge.html
Max Giesinger,https://www.azlyrics.com/m/maxgiesinger.html
Max & Harvey,https://www.azlyrics.com/m/maxharvey.html
Max Herre,https://www.azlyrics.com/m/maxherre.html
MaximilianMus,https://www.azlyrics.com/m/maximilianmus.html
Maximillian,https://www.azlyrics.com/m/maximillian.html
Maximo Park,https://www.azlyrics.com/m/maximopark.html
Maxi Priest,https://www.azlyrics.com/m/maxipriest.html
Max Jury,https://www.azlyrics.com/m/max-jury.html
Max Korzh (Макс Корж),https://www.azlyrics.com/m/maxkorzh.html
MAX,https://www.azlyrics.com/m/max.html
Maxo Kream,https://www.azlyrics.com/m/maxokream.html
Maxwell,https://www.azlyrics.com/m/maxwell.html
Maxwell,https://www.azlyrics.com/m/maxwell187.html
Maya B,https://www.azlyrics.com/m/mayab.html
"Maya, Edward",https://www.azlyrics.com/e/edwardmaya.html
"Mayall, John",https://www.azlyrics.com/j/johnmayall.html
Maybach Music Group,https://www.azlyrics.com/m/maybachmusicgroup.html
MAYBE BABY (МЭЙБИ БЭЙБИ),https://www.azlyrics.com/m/maybebaby.html
"May, Brian",https://www.azlyrics.com/b/brianmay.html
¡Mayday!,https://www.azlyrics.com/m/mayday.html
Mayday Parade,https://www.azlyrics.com/m/maydayparade.html
Mayer Hawthorne,https://www.azlyrics.com/m/mayerhawthorne.html
"Mayer, John",https://www.azlyrics.com/m/mayer.html
"Mayfield, Curtis",https://www.azlyrics.com/c/curtismayfield.html
"Mayfield Four, The",https://www.azlyrics.com/m/mayfieldfour.html
Mayhem,https://www.azlyrics.com/m/mayhem.html
"May, Imelda",https://www.azlyrics.com/i/imeldamay.html
Maymay & Edward,https://www.azlyrics.com/m/maymayedward.html
Maymay Entrata,https://www.azlyrics.com/m/maymayentrata.html
"Maynard, Conor",https://www.azlyrics.com/c/conormaynard.html
Mayonnaise,https://www.azlyrics.com/m/mayonnaise.html
Mayorkun,https://www.azlyrics.com/m/mayorkun.html
MAYOT,https://www.azlyrics.com/m/mayot.html
Maze,https://www.azlyrics.com/m/maze.html
"Mazur, Fabian",https://www.azlyrics.com/f/fabianmazur.html
Mazzy Star,https://www.azlyrics.com/m/mazzystar.html
"Mbayang, Rey",https://www.azlyrics.com/r/reymbayang.html
MBNel,https://www.azlyrics.com/m/mbnel.html
MC5,https://www.azlyrics.com/m/mc5.html
"McAllister, Katy",https://www.azlyrics.com/k/katymcallister.html
McAuley Schenker Group,https://www.azlyrics.com/m/mcauleyschenkergroup.html
MC Bilal,https://www.azlyrics.com/m/mcbilal.html
MC Bruninho,https://www.azlyrics.com/m/mcbruninho.html
"McBryde, Ashley",https://www.azlyrics.com/a/ashleymcbryde.html
McBusted,https://www.azlyrics.com/m/mcbusted.html
McCafferty,https://www.azlyrics.com/m/mccafferty.html
"McCain, Edwin",https://www.azlyrics.com/m/mccain.html
"McCall, C. W.",https://www.azlyrics.com/c/cwmccall.html
"McCall, Kevin",https://www.azlyrics.com/k/kevinmccall.html
"McCann, Lila",https://www.azlyrics.com/l/lilamccann.html
"McCarley, Erin",https://www.azlyrics.com/e/erinmccarley.html
"McCartney, Jesse",https://www.azlyrics.com/m/mccartney.html
"McCartney, Paul",https://www.azlyrics.com/p/paulmccartney.html
MC Chris,https://www.azlyrics.com/m/mcchris.html
"McClain, China Anne",https://www.azlyrics.com/c/chinaannemcclain.html
McClain Sisters,https://www.azlyrics.com/m/mcclainsisters.html
"McClarney, Chris",https://www.azlyrics.com/c/chrismcclarney.html
"McClinton, Delbert",https://www.azlyrics.com/d/delbertmcclinton.html
"McClures, The",https://www.azlyrics.com/m/mcclures.html
"McClurkin, Donnie",https://www.azlyrics.com/d/donniemcclurkin.html
"McCollum, Parker",https://www.azlyrics.com/p/parkermccollum.html
"McCombs, Cass",https://www.azlyrics.com/c/cassmccombs.html
"McCoy, Neal",https://www.azlyrics.com/n/nealmccoy.html
"McCoys, The",https://www.azlyrics.com/m/mccoys.html
"McCoy, Travie",https://www.azlyrics.com/t/traviemccoy.html
"McCrae, George",https://www.azlyrics.com/g/georgemccrae.html
"McCreery, Scotty",https://www.azlyrics.com/s/scottymccreery.html
"McCurdy, Jennette",https://www.azlyrics.com/j/jennettemccurdy.html
MC Daleste,https://www.azlyrics.com/m/mcdaleste.html
"McDell, Jamie",https://www.azlyrics.com/j/jamiemcdell.html
"McDonald, Paul",https://www.azlyrics.com/p/paulmcdonald.html
"McDonald, Shawn",https://www.azlyrics.com/s/shawnmcdonald.html
MC Don Juan,https://www.azlyrics.com/m/mcdonjuan.html
"McDowell, William",https://www.azlyrics.com/w/williammcdowell.html
MC Du Black,https://www.azlyrics.com/m/mcdublack.html
"McElderry, Joe",https://www.azlyrics.com/j/joemcelderry.html
"McEntire, Reba",https://www.azlyrics.com/r/rebamcentire.html
"McFadden, Brian",https://www.azlyrics.com/b/brianmcfadden.html
"McFall, Leah",https://www.azlyrics.com/l/leahmcfall.html
"McFerrin, Bobby",https://www.azlyrics.com/b/bobbymcferrin.html
MC Fioti,https://www.azlyrics.com/m/mcfioti.html
McFly,https://www.azlyrics.com/m/mcfly.html
"McGee, Sean",https://www.azlyrics.com/s/seanmcgee.html
"McGrath, Blake",https://www.azlyrics.com/b/blakemcgrath.html
"McGrath, Catherine",https://www.azlyrics.com/c/catherinemcgrath.html
"McGraw, Tim",https://www.azlyrics.com/m/mcgraw.html
"McGuire, Barry",https://www.azlyrics.com/b/barrymcguire.html
"McHale, Kevin",https://www.azlyrics.com/k/kevinmchale.html
MC Hammer,https://www.azlyrics.com/m/mchammer.html
MC Igu,https://www.azlyrics.com/m/mcigu.html
"McIntosh, Stephanie",https://www.azlyrics.com/s/stephaniemcintosh.html
"McIntyre, Joey",https://www.azlyrics.com/m/mcintyre.html
M City JR,https://www.azlyrics.com/m/mcityjr.html
"McKay, Nellie",https://www.azlyrics.com/m/mckay.html
"McKee, Bonnie",https://www.azlyrics.com/b/bonniemckee.html
"McKenna, Declan",https://www.azlyrics.com/d/declanmckenna.html
"McKenna, Lori",https://www.azlyrics.com/l/lorimckenna.html
"McKennitt, Loreena",https://www.azlyrics.com/l/loreenamckennitt.html
"McKenzie, Scott",https://www.azlyrics.com/s/scottmckenzie.html
McKenzie Small,https://www.azlyrics.com/m/mckenziesmall.html
MC Kevinho,https://www.azlyrics.com/m/mckevinho.html
MC Kevin o Chris,https://www.azlyrics.com/m/mckevinochris.html
"McKinley, Arlo",https://www.azlyrics.com/a/arlomckinley.html
"McKinney, Demetria",https://www.azlyrics.com/d/demetriamckinney.html
"McKnight, Brian",https://www.azlyrics.com/m/mcknight.html
MC Kresha,https://www.azlyrics.com/m/mckresha.html
"McLachlan, Sarah",https://www.azlyrics.com/m/mclachlan.html
MC Lars,https://www.azlyrics.com/m/mclars.html
"McLaughlin, Jon",https://www.azlyrics.com/j/jonmclaughlin.html
"McLean, AJ",https://www.azlyrics.com/a/ajmclean.html
"McLean, Don",https://www.azlyrics.com/d/donmclean.html
MC Livinho,https://www.azlyrics.com/m/mclivinho.html
MC Loma e as Gêmeas Lacração,https://www.azlyrics.com/m/mcloma.html
MC Lyte,https://www.azlyrics.com/m/mclyte.html
MC Magic,https://www.azlyrics.com/m/mcmagic.html
MC Maha,https://www.azlyrics.com/m/mcmaha.html
"McMahon, Angie",https://www.azlyrics.com/a/angiemcmahon.html
"McMillan, Jalen",https://www.azlyrics.com/j/jalenmcmillan.html
"McMillan, John Mark",https://www.azlyrics.com/j/johnmarkmcmillan.html
MC MM,https://www.azlyrics.com/m/mcmm.html
"McMorris, Tim",https://www.azlyrics.com/t/timmcmorris.html
"McMorrow, James Vincent",https://www.azlyrics.com/j/jamesvincentmcmorrow.html
"McMurtry, James",https://www.azlyrics.com/j/jamesmcmurtry.html
"McNamara, Katherine",https://www.azlyrics.com/k/katherinemcnamara.html
MCND,https://www.azlyrics.com/m/mcnd.html
MC Pat Flynn,https://www.azlyrics.com/m/mcpatflynn.html
"McPhee, Katharine",https://www.azlyrics.com/k/katharinemcphee.html
"McRae, Tate",https://www.azlyrics.com/t/tatemcrae.html
"McReynolds, Jonathan",https://www.azlyrics.com/j/jonathanmcreynolds.html
MC Rita,https://www.azlyrics.com/m/mcrita.html
MC Solaar,https://www.azlyrics.com/m/mcsolaar.html
MC WM,https://www.azlyrics.com/m/mcwm.html
MDSN,https://www.azlyrics.com/m/mdsn.html
Meadowlark,https://www.azlyrics.com/m/meadowlark.html
Meadows,https://www.azlyrics.com/m/meadows.html
Me And That Man,https://www.azlyrics.com/m/meandthatman.html
Mean Girls Cast,https://www.azlyrics.com/m/meangirlscast.html
Meat Loaf,https://www.azlyrics.com/m/meatloaf.html
Meat Puppets,https://www.azlyrics.com/m/meatpuppets.html
Mecca Kalani,https://www.azlyrics.com/m/meccakalani.html
Mecna,https://www.azlyrics.com/m/mecna.html
Medasin,https://www.azlyrics.com/m/medasin.html
Meddy,https://www.azlyrics.com/m/meddy.html
"Medic Droid, The",https://www.azlyrics.com/m/medicdroid.html
Medina,https://www.azlyrics.com/m/medina.html
"Medina, Chris",https://www.azlyrics.com/c/chrismedina.html
Médine,https://www.azlyrics.com/m/mdine.html
Meduza,https://www.azlyrics.com/m/meduza.html
"Meekins, Cam",https://www.azlyrics.com/c/cammeekins.html
Meek Mill,https://www.azlyrics.com/m/meekmill.html
Meekz,https://www.azlyrics.com/m/meekz.html
MeerFly,https://www.azlyrics.com/m/meerfly.html
"Meester, Leighton",https://www.azlyrics.com/l/leightonmeester.html
Me First And The Gimme Gimmes,https://www.azlyrics.com/m/mefirstandthegimmegimmes.html
Megadeth,https://www.azlyrics.com/m/megadeth.html
Megaloh,https://www.azlyrics.com/m/megaloh.html
Megan Hilty,https://www.azlyrics.com/m/meganhilty.html
Megan & Liz,https://www.azlyrics.com/m/meganliz.html
Megan McCauley,https://www.azlyrics.com/m/meganmccauley.html
Megan McKenna,https://www.azlyrics.com/m/meganmckenna.html
Megan Nicole,https://www.azlyrics.com/m/megannicole.html
Megan Rochell,https://www.azlyrics.com/m/meganrochell.html
Megan Thee Stallion,https://www.azlyrics.com/m/megantheestallion.html
Meg & Dia,https://www.azlyrics.com/m/megdia.html
Meg Donnelly,https://www.azlyrics.com/m/megdonnelly.html
Meghan Patrick,https://www.azlyrics.com/m/meghanpatrick.html
Meghan Trainor,https://www.azlyrics.com/m/meghantrainor.html
Meg Mac,https://www.azlyrics.com/m/megmac.html
Meg Myers,https://www.azlyrics.com/m/megmyers.html
"Meiers, Sophie",https://www.azlyrics.com/s/sophiemeiers.html
Meiko,https://www.azlyrics.com/m/meiko.html
Meja,https://www.azlyrics.com/m/meja.html
Melanie Amaro,https://www.azlyrics.com/m/melanieamaro.html
Melanie B,https://www.azlyrics.com/m/melanieb.html
Melanie C,https://www.azlyrics.com/m/melaniec.html
Melanie Fiona,https://www.azlyrics.com/m/melaniefiona.html
Melanie Martinez,https://www.azlyrics.com/m/melaniemartinez.html
Melanie,https://www.azlyrics.com/m/melanie.html
Melee,https://www.azlyrics.com/m/melee.html
Melendi,https://www.azlyrics.com/m/melendi.html
Melii,https://www.azlyrics.com/m/melii.html
Melike Şahin,https://www.azlyrics.com/m/melikesahin.html
Melim,https://www.azlyrics.com/m/melim.html
Meli'sa Morgan,https://www.azlyrics.com/m/melisamorgan.html
Melissa Etheridge,https://www.azlyrics.com/e/etheridge.html
Melissa Gorga,https://www.azlyrics.com/m/melissagorga.html
Melissa Manchester,https://www.azlyrics.com/m/melissamanchester.html
Melissa O'Neil,https://www.azlyrics.com/m/melissaoneil.html
Melissa Steel,https://www.azlyrics.com/m/melissasteel.html
Melisses,https://www.azlyrics.com/m/melisses.html
MellemFingaMuzik,https://www.azlyrics.com/m/mellemfingamuzik.html
"Mellencamp, John",https://www.azlyrics.com/j/johnmellencamp.html
"Meller, Petite",https://www.azlyrics.com/p/petitemeller.html
Mellow Fellow,https://www.azlyrics.com/m/mellowfellow.html
MellowHype,https://www.azlyrics.com/m/mellowhype.html
Mel McDaniel,https://www.azlyrics.com/m/melmcdaniel.html
Melo,https://www.azlyrics.com/m/melo.html
"Melo, Brian",https://www.azlyrics.com/b/brianmelo.html
Melody Gardot,https://www.azlyrics.com/m/melodygardot.html
Melody's Echo Chamber,https://www.azlyrics.com/m/melodysechochamber.html
MeloMance,https://www.azlyrics.com/m/melomance.html
Melovin,https://www.azlyrics.com/m/melovin.html
Mel Tillis,https://www.azlyrics.com/m/meltillis.html
"Melua, Katie",https://www.azlyrics.com/m/melua.html
Melvins,https://www.azlyrics.com/m/melvins.html
Memphis Bleek,https://www.azlyrics.com/m/memphisbleek.html
Memphis Depay,https://www.azlyrics.com/m/memphisdepay.html
Memphis May Fire,https://www.azlyrics.com/m/memphismayfire.html
Men At Work,https://www.azlyrics.com/m/menatwork.html
"Mendes, Sergio",https://www.azlyrics.com/s/sergiomendes.html
"Mendes, Shawn",https://www.azlyrics.com/s/shawnmendes.html
"Mendler, Bridgit",https://www.azlyrics.com/b/bridgitmendler.html
Men I Trust,https://www.azlyrics.com/m/menitrust.html
"Mensa, Vic",https://www.azlyrics.com/v/vicmensa.html
Mental As Anything,https://www.azlyrics.com/m/mentalasanything.html
Mente Fuerte,https://www.azlyrics.com/m/mentefuerte.html
Men Without Hats,https://www.azlyrics.com/m/menwithouthats.html
"Menzel, Idina",https://www.azlyrics.com/i/idinamenzel.html
"Menzingers, The",https://www.azlyrics.com/m/menzingers.html
"Merced, Isabela",https://www.azlyrics.com/i/isabelamerced.html
"Merchant, Natalie",https://www.azlyrics.com/m/merchant.html
"Mercury, Freddie",https://www.azlyrics.com/f/freddiemercury.html
Mercury Rev,https://www.azlyrics.com/m/mercuryrev.html
Mercy Chinwo,https://www.azlyrics.com/m/mercychinwo.html
Mercyful Fate,https://www.azlyrics.com/m/mercyfulfate.html
MercyMe,https://www.azlyrics.com/m/mercyme.html
Mereba,https://www.azlyrics.com/m/mereba.html
Meredith Andrews,https://www.azlyrics.com/m/meredithandrews.html
Meredith Brooks,https://www.azlyrics.com/b/brooksm.html
Meridian Dan,https://www.azlyrics.com/m/meridiandan.html
Merk & Kremont,https://www.azlyrics.com/m/merkkremont.html
Merkules,https://www.azlyrics.com/m/merkules.html
Merle Haggard,https://www.azlyrics.com/m/merlehaggard.html
MERO,https://www.azlyrics.com/m/mero.html
Merrell Twins,https://www.azlyrics.com/m/merrelltwins.html
"Merriweather, Daniel",https://www.azlyrics.com/d/danielmerriweather.html
"Merrygold, Aston",https://www.azlyrics.com/a/astonmerrygold.html
Mert,https://www.azlyrics.com/m/mert.html
"Merton, Alice",https://www.azlyrics.com/a/alicemerton.html
Merve Özbey,https://www.azlyrics.com/m/mervezbey.html
Meshuggah,https://www.azlyrics.com/m/meshuggah.html
Mesita,https://www.azlyrics.com/m/mesita.html
"Messina, Jo Dee",https://www.azlyrics.com/j/jodeemessina.html
Messy Marv,https://www.azlyrics.com/m/messymarv.html
Mest,https://www.azlyrics.com/m/mest.html
"Meta, Ermal",https://www.azlyrics.com/e/ermalmeta.html
Metal Church,https://www.azlyrics.com/m/metalchurch.html
Metalite,https://www.azlyrics.com/m/metalite.html
Metallica,https://www.azlyrics.com/m/metallica.html
Metel (Метель),https://www.azlyrics.com/m/metel.html
"Meters, The",https://www.azlyrics.com/m/meters.html
Method Man,https://www.azlyrics.com/m/methodman.html
Methyl Ethel,https://www.azlyrics.com/m/methylethel.html
Metric,https://www.azlyrics.com/m/metric.html
Metrickz,https://www.azlyrics.com/m/metrickz.html
Metro Boomin,https://www.azlyrics.com/m/metroboomin.html
Metronomy,https://www.azlyrics.com/m/metronomy.html
Metro Station,https://www.azlyrics.com/m/metrostation.html
METZ,https://www.azlyrics.com/m/metz.html
"Metz, Chrissy",https://www.azlyrics.com/c/chrissymetz.html
Mew,https://www.azlyrics.com/m/mew.html
mewithoutYou,https://www.azlyrics.com/m/mewithoutyou.html
"Meyer-Landrut, Lena",https://www.azlyrics.com/l/lenameyerlandrut.html
"Meyers, Krystal",https://www.azlyrics.com/k/krystalmeyers.html
MezzoSangue,https://www.azlyrics.com/m/mezzosangue.html
MF Doom,https://www.azlyrics.com/m/mfdoom.html
MG,https://www.azlyrics.com/m/mg.html
Mgła,https://www.azlyrics.com/m/mgla.html
MGMT,https://www.azlyrics.com/m/mgmt.html
MHD,https://www.azlyrics.com/m/mhd.html
M Huncho,https://www.azlyrics.com/m/mhuncho.html
M.I.A.,https://www.azlyrics.com/m/mia.html
Mia Boyka,https://www.azlyrics.com/m/miaboyka.html
Mia Martina,https://www.azlyrics.com/m/miamartina.html
Miami Horror,https://www.azlyrics.com/m/miamihorror.html
Miami Yacine,https://www.azlyrics.com/m/miamiyacine.html
Mia Wray,https://www.azlyrics.com/m/miawray.html
"Mica, Alex",https://www.azlyrics.com/a/alexmica.html
Micah Stampley,https://www.azlyrics.com/m/micahstampley.html
Micah Tyler,https://www.azlyrics.com/m/micahtyler.html
Mi Casa,https://www.azlyrics.com/m/micasa.html
Mic Christopher,https://www.azlyrics.com/m/micchristopher.html
Michael Bolton,https://www.azlyrics.com/m/michaelbolton.html
Michael Brun,https://www.azlyrics.com/m/michaelbrun.html
Michael Buble,https://www.azlyrics.com/b/buble.html
Michael Dutchi Libranda,https://www.azlyrics.com/m/michaeldutchilibranda.html
Michael Franks,https://www.azlyrics.com/m/michaelfranks.html
Michael Franti & Spearhead,https://www.azlyrics.com/m/michaelfrantispearhead.html
"Michael, George",https://www.azlyrics.com/m/michael.html
Michael Grimm,https://www.azlyrics.com/m/michaelgrimm.html
Michael Heart,https://www.azlyrics.com/m/michaelheart.html
Michael Jackson,https://www.azlyrics.com/j/jackson.html
Michael Ketterer,https://www.azlyrics.com/m/michaelketterer.html
Michael Kiske,https://www.azlyrics.com/m/michaelkiske.html
Michael Kiwanuka,https://www.azlyrics.com/m/michael-kiwanuka.html
Michael Learns To Rock,https://www.azlyrics.com/m/mltr.html
Michael Leonardi,https://www.azlyrics.com/m/michaelleonardi.html
Michael Malarkey,https://www.azlyrics.com/m/michaelmalarkey.html
Michael McDonald,https://www.azlyrics.com/m/michaelmcdonald.html
Michael Pangilinan,https://www.azlyrics.com/m/michaelpangilinan.html
Michael Patrick Kelly,https://www.azlyrics.com/m/michaelpatrickkelly.html
Michael Ray,https://www.azlyrics.com/m/michaelray.html
Michael Schulte,https://www.azlyrics.com/m/michaelschulte.html
Michael Sembello,https://www.azlyrics.com/m/michaelsembello.html
"Michaels, Julia",https://www.azlyrics.com/j/juliamichaels.html
"Michaelson, Ingrid",https://www.azlyrics.com/i/ingridmichaelson.html
Michael Tolcher,https://www.azlyrics.com/m/michaeltolcher.html
Michael W. Smith,https://www.azlyrics.com/m/michaelwsmith.html
"Michalka, AJ",https://www.azlyrics.com/a/ajmichalka.html
Michela Pace,https://www.azlyrics.com/m/michelapace.html
"Michele, Chrisette",https://www.azlyrics.com/c/chrisettemichele.html
"Michele, Lea",https://www.azlyrics.com/l/leamichele.html
"Michel, Emeline",https://www.azlyrics.com/e/emelinemichel.html
Michele Morrone,https://www.azlyrics.com/m/michelemorrone.html
Michelle Branch,https://www.azlyrics.com/b/branch.html
Michelle Chamuel,https://www.azlyrics.com/m/michellechamuel.html
"Michelle, Davina",https://www.azlyrics.com/d/davinamichelle.html
Michelle McManus,https://www.azlyrics.com/m/mcmanus.html
Michelle Williams,https://www.azlyrics.com/m/michellewilliams.html
Michel Sardou,https://www.azlyrics.com/m/michelsardou.html
"Michelson, Jackson",https://www.azlyrics.com/j/jacksonmichelson.html
Michel Telo,https://www.azlyrics.com/m/micheltelo.html
"Michielin, Francesca",https://www.azlyrics.com/f/francescamichielin.html
Michl,https://www.azlyrics.com/m/michl.html
Mickey Avalon,https://www.azlyrics.com/m/mickeyavalon.html
Mickey Gilley,https://www.azlyrics.com/m/mickeygilley.html
Mickey Guyton,https://www.azlyrics.com/m/mickeyguyton.html
Mickey Valen,https://www.azlyrics.com/m/mickeyvalen.html
Mick Jagger,https://www.azlyrics.com/j/jagger.html
Mick Jenkins,https://www.azlyrics.com/m/mickjenkins.html
MiC LOWRY,https://www.azlyrics.com/m/miclowry.html
Micro TDH,https://www.azlyrics.com/m/microtdh.html
Microwave,https://www.azlyrics.com/m/microwave.html
Middle Class Rut,https://www.azlyrics.com/m/middleclassrut.html
"Middle East, The",https://www.azlyrics.com/m/middleeast.html
Middle Kids,https://www.azlyrics.com/m/middlekids.html
Middle Of The Road,https://www.azlyrics.com/m/middleoftheroad.html
Midge Ure,https://www.azlyrics.com/m/midgeure.html
Midian,https://www.azlyrics.com/m/midian.html
Midlake,https://www.azlyrics.com/m/midlake.html
Midland,https://www.azlyrics.com/m/midland.html
"Midler, Bette",https://www.azlyrics.com/m/midler.html
Midnasty,https://www.azlyrics.com/m/midnasty.html
"Midnight Beast, The",https://www.azlyrics.com/m/midnightbeast.html
Midnight Kids,https://www.azlyrics.com/m/midnightkids.html
Midnight Oil,https://www.azlyrics.com/m/midnightoil.html
Midnight Panic,https://www.azlyrics.com/m/midnightpanic.html
Midnight Red,https://www.azlyrics.com/m/midnightred.html
"Midnight, The",https://www.azlyrics.com/m/midnight.html
Midtown,https://www.azlyrics.com/m/midtown.html
"Midway State, The",https://www.azlyrics.com/m/midwaystate.html
"Mighty, Duncan",https://www.azlyrics.com/d/duncanmighty.html
"Mighty Mighty Bosstones, The",https://www.azlyrics.com/m/mightymightybosstones.html
Mighty Oaks,https://www.azlyrics.com/m/mightyoaks.html
Migo Adecer,https://www.azlyrics.com/m/migoadecer.html
Migos,https://www.azlyrics.com/m/migos.html
Miguel,https://www.azlyrics.com/m/miguel.html
Miguel Bose,https://www.azlyrics.com/m/miguelbose.html
"Miguel, Luis",https://www.azlyrics.com/l/luismiguel.html
Migz Haleco,https://www.azlyrics.com/m/migzhaleco.html
MIIA,https://www.azlyrics.com/m/miia.html
Miike Snow,https://www.azlyrics.com/m/miikesnow.html
MIKA,https://www.azlyrics.com/m/mika.html
"Mikael, Sebastian",https://www.azlyrics.com/s/sebastianmikael.html
Mikaila,https://www.azlyrics.com/m/mikaila.html
Mike Bahía,https://www.azlyrics.com/m/mikebahia.html
Mike Darole,https://www.azlyrics.com/m/mikedarole.html
Mike G,https://www.azlyrics.com/m/mikeg.html
Mike Jones,https://www.azlyrics.com/m/mikejones.html
Mike Love,https://www.azlyrics.com/m/mikelove.html
Mike Mago,https://www.azlyrics.com/m/mikemago.html
Mike Oldfield,https://www.azlyrics.com/m/mikeoldfield.html
Mike Patton,https://www.azlyrics.com/m/mikepatton.html
Mike Perry,https://www.azlyrics.com/m/mikeperry.html
Mike Posner,https://www.azlyrics.com/m/mikeposner.html
Mikeschair,https://www.azlyrics.com/m/mikeschair.html
Mike Sherm,https://www.azlyrics.com/m/mikesherm.html
Mike Shinoda,https://www.azlyrics.com/m/mikeshinoda.html
Mike Singer,https://www.azlyrics.com/m/mikesinger.html
Mike Smiff,https://www.azlyrics.com/m/mikesmiff.html
Mike Stud,https://www.azlyrics.com/m/mikestud.html
Mike + The Mechanics,https://www.azlyrics.com/m/mikethemechanics.html
Mike Williams,https://www.azlyrics.com/m/mikewilliams.html
Mike WiLL Made-It,https://www.azlyrics.com/m/mikewillmadeit.html
Miki Howard,https://www.azlyrics.com/m/mikihoward.html
Miki Núñez,https://www.azlyrics.com/m/mikinez.html
Mikky Ekko,https://www.azlyrics.com/m/mikkyekko.html
Mikolas Josef,https://www.azlyrics.com/m/mikolasjosef.html
Miky Woodz,https://www.azlyrics.com/m/mikywoodz.html
Mila J,https://www.azlyrics.com/m/milaj.html
Milano,https://www.azlyrics.com/m/milano.html
Milan Stanković,https://www.azlyrics.com/m/milanstankovic.html
"Milby, Sam",https://www.azlyrics.com/s/sammilby.html
MILCK,https://www.azlyrics.com/m/milck.html
Mild Orange,https://www.azlyrics.com/m/mildorange.html
"Miles, Chris",https://www.azlyrics.com/c/chrismiles.html
Miles Jacoby,https://www.azlyrics.com/m/milesjacoby.html
Miles Kane,https://www.azlyrics.com/m/mileskane.html
Milestones,https://www.azlyrics.com/m/milestones.html
Miley Cyrus,https://www.azlyrics.com/m/mileycyrus.html
"Milian, Christina",https://www.azlyrics.com/m/milian.html
"Milk Carton Kids, The",https://www.azlyrics.com/m/milkcartonkids.html
Milky Chance,https://www.azlyrics.com/m/milkychance.html
"Millare, Armi",https://www.azlyrics.com/a/armimillare.html
Millencolin,https://www.azlyrics.com/m/millencolin.html
"Miller, Angie",https://www.azlyrics.com/a/angiemiller.html
"Miller, Bea",https://www.azlyrics.com/b/beamiller.html
"Miller-Heidke, Kate",https://www.azlyrics.com/k/katemillerheidke.html
"Miller, Jake",https://www.azlyrics.com/j/jakemiller.html
"Miller, Rhett",https://www.azlyrics.com/r/rhettmiller.html
"Miller, Roger",https://www.azlyrics.com/r/rogermiller.html
"Miller, Romeo",https://www.azlyrics.com/l/lilromeo.html
"Miller, Tor",https://www.azlyrics.com/t/tormiller.html
Millie B,https://www.azlyrics.com/m/millieb.html
Millie Small,https://www.azlyrics.com/m/milliesmall.html
Millionaires,https://www.azlyrics.com/m/millionaires.html
Milli Vanilli,https://www.azlyrics.com/m/millivanilli.html
"Millsap, Parker",https://www.azlyrics.com/p/parkermillsap.html
"Mills, Rob",https://www.azlyrics.com/m/mills.html
"mills, sofia",https://www.azlyrics.com/s/sofiamills.html
"Mills, Stephanie",https://www.azlyrics.com/s/stephaniemills.html
milo,https://www.azlyrics.com/m/milo.html
Milo Greene,https://www.azlyrics.com/m/milogreene.html
Milonair,https://www.azlyrics.com/m/milonair.html
Milow,https://www.azlyrics.com/m/milow.html
"Milsap, Ronnie",https://www.azlyrics.com/r/ronniemilsap.html
Mims,https://www.azlyrics.com/m/mims.html
Mina,https://www.azlyrics.com/m/mina.html
"Minaj, Nicki",https://www.azlyrics.com/n/nickiminaj.html
Mindless Behavior,https://www.azlyrics.com/m/mindlessbehavior.html
Mindless Self Indulgence,https://www.azlyrics.com/m/mindlessselfindulgence.html
Mindy Gledhill,https://www.azlyrics.com/m/mindygledhill.html
Mindy McCready,https://www.azlyrics.com/m/mindymccready.html
Mindy Smith,https://www.azlyrics.com/s/smithm.html
"Mineo, Andy",https://www.azlyrics.com/a/andymineo.html
Minho,https://www.azlyrics.com/m/minho.html
Minhyun,https://www.azlyrics.com/m/minhyun.html
Mini Mansions,https://www.azlyrics.com/m/minimansions.html
Ministry,https://www.azlyrics.com/m/ministry.html
Mini Thin,https://www.azlyrics.com/m/minithin.html
Mini Viva,https://www.azlyrics.com/m/miniviva.html
Minnie Riperton,https://www.azlyrics.com/m/minnieriperton.html
MINO,https://www.azlyrics.com/m/mino.html
"Minogue, Dannii",https://www.azlyrics.com/m/minogued.html
"Minogue, Kylie",https://www.azlyrics.com/m/minogue.html
"Minor, Derek",https://www.azlyrics.com/d/derekminor.html
Minor Threat,https://www.azlyrics.com/m/minorthreat.html
Mint Condition,https://www.azlyrics.com/m/mintcondition.html
Minus The Bear,https://www.azlyrics.com/m/minusthebear.html
MINZY,https://www.azlyrics.com/m/minzy.html
Mipso,https://www.azlyrics.com/m/mipso.html
Miquela,https://www.azlyrics.com/m/miquela.html
Mirah,https://www.azlyrics.com/m/mirah.html
Miranda Brooke,https://www.azlyrics.com/m/mirandabrooke.html
Miranda Cosgrove,https://www.azlyrics.com/m/mirandacosgrove.html
"Miranda, Holly",https://www.azlyrics.com/h/hollymiranda.html
Miranda Lambert,https://www.azlyrics.com/m/mirandalambert.html
"Miranda, Lin-Manuel",https://www.azlyrics.com/l/linmanuelmiranda.html
Miranda Sings,https://www.azlyrics.com/m/mirandasings.html
Miriam Bryant,https://www.azlyrics.com/m/miriambryant.html
"Misalucha, Lani",https://www.azlyrics.com/l/lanimisalucha.html
"Misch, Tom",https://www.azlyrics.com/t/tommisch.html
Misfits,https://www.azlyrics.com/m/misfits.html
Mishaal,https://www.azlyrics.com/m/mishaal.html
Misha B,https://www.azlyrics.com/m/mishab.html
Misha Marvin (Миша Марвин),https://www.azlyrics.com/m/mishamarvin.html
mishlawi,https://www.azlyrics.com/m/mishlawi.html
Mishon,https://www.azlyrics.com/m/mishon.html
"Missal, Donna",https://www.azlyrics.com/d/donnamissal.html
Miss Benny,https://www.azlyrics.com/m/missbenny.html
Miss E,https://www.azlyrics.com/m/misse.html
Missez,https://www.azlyrics.com/m/missez.html
Missing Persons,https://www.azlyrics.com/m/missingpersons.html
MISSIO,https://www.azlyrics.com/m/missio.html
"Mission, The",https://www.azlyrics.com/m/mission.html
Miss Lawrence,https://www.azlyrics.com/m/misslawrence.html
Miss May I,https://www.azlyrics.com/m/missmayi.html
Miss Mulatto,https://www.azlyrics.com/m/missmulatto.html
Miss Tila,https://www.azlyrics.com/m/misstila.html
Missy Higgins,https://www.azlyrics.com/h/higgins.html
Missy 'Misdemeanor' Elliott,https://www.azlyrics.com/m/missy.html
MIST,https://www.azlyrics.com/m/mist.html
Mis-Teeq,https://www.azlyrics.com/m/misteeq.html
Mister V,https://www.azlyrics.com/m/misterv.html
MisterWives,https://www.azlyrics.com/m/misterwives.html
Mister You,https://www.azlyrics.com/m/misteryou.html
Mistmorn,https://www.azlyrics.com/m/mistmorn.html
"Mitchell, AJ",https://www.azlyrics.com/a/aj.html
"Mitchell, Beverley",https://www.azlyrics.com/b/beverleymitchell.html
Mitchell Hope,https://www.azlyrics.com/m/mitchellhope.html
"Mitchell, Joni",https://www.azlyrics.com/j/jonimitchell.html
"Mitchell, Kim",https://www.azlyrics.com/k/kimmitchell.html
"Mitchell, Lisa",https://www.azlyrics.com/l/lisamitchell.html
Mitchell Tenpenny,https://www.azlyrics.com/m/mitchelltenpenny.html
"Mitchell, Tonya",https://www.azlyrics.com/m/mitchell.html
"Mitchell, VaShawn",https://www.azlyrics.com/v/vashawnmitchell.html
Mitchel Musso,https://www.azlyrics.com/m/mitchelmusso.html
Mitch James,https://www.azlyrics.com/m/mitchjames.html
MitiS,https://www.azlyrics.com/m/mitis.html
Mitski,https://www.azlyrics.com/m/mitski.html
Miya Folick,https://www.azlyrics.com/m/miyafolick.html
MiyaGi,https://www.azlyrics.com/m/miyagi.html
MiyaGi x Эндшпиль,https://www.azlyrics.com/m/miyagix.html
MIYO,https://www.azlyrics.com/m/miyo.html
"Mize, Logan",https://www.azlyrics.com/l/loganmize.html
MizOrMac,https://www.azlyrics.com/m/mizormac.html
Mizz Nina,https://www.azlyrics.com/m/mizznina.html
MK,https://www.azlyrics.com/m/mk.html
MKDMSK,https://www.azlyrics.com/m/mkdmsk.html
MKTO,https://www.azlyrics.com/m/mkto.html
Mlindo The Vocalist,https://www.azlyrics.com/m/mlindothevocalist.html
MLK+,https://www.azlyrics.com/m/mlk.html
mlodyskiny,https://www.azlyrics.com/m/mlodyskiny.html
MMZ,https://www.azlyrics.com/m/mmz.html
MNEK,https://www.azlyrics.com/m/mnek.html
MNL48,https://www.azlyrics.com/m/mnl48.html
Mnogoznaal,https://www.azlyrics.com/m/mnogoznaal.html
MNQN,https://www.azlyrics.com/m/mnqn.html
MO3,https://www.azlyrics.com/m/mo3.html
MØ,https://www.azlyrics.com/m/m.html
M.O,https://www.azlyrics.com/m/mo-uk.html
"Moakler, Steve",https://www.azlyrics.com/s/stevemoakler.html
Moana Cast,https://www.azlyrics.com/m/moanacast.html
Mobb Deep,https://www.azlyrics.com/m/mobbdeep.html
Mobile,https://www.azlyrics.com/m/mobile.html
Moby,https://www.azlyrics.com/m/moby.html
Moby Rich,https://www.azlyrics.com/m/mobyrich.html
Mocca,https://www.azlyrics.com/m/mocca.html
Moccasin Creek,https://www.azlyrics.com/m/moccasincreek.html
"Mock Turtles, The",https://www.azlyrics.com/m/mockturtles.html
Moderat,https://www.azlyrics.com/m/moderat.html
Modern Baseball,https://www.azlyrics.com/m/modernbaseball.html
Modern Day Escape,https://www.azlyrics.com/m/moderndayescape.html
Modern Day Zero,https://www.azlyrics.com/m/moderndayzero.html
Modern English,https://www.azlyrics.com/m/modernenglish.html
Modern Maps,https://www.azlyrics.com/m/modernmaps.html
Modern Talking,https://www.azlyrics.com/m/moderntalking.html
Modestep,https://www.azlyrics.com/m/modestep.html
Modest Mouse,https://www.azlyrics.com/m/modestmouse.html
Modjo,https://www.azlyrics.com/m/modjo.html
MOD SUN,https://www.azlyrics.com/m/modsun.html
"Moen, Don",https://www.azlyrics.com/d/donmoen.html
Moe Phoenix,https://www.azlyrics.com/m/moephoenix.html
"Moffatts, The",https://www.azlyrics.com/m/moffatts.html
"Moffet, Alicia",https://www.azlyrics.com/a/aliciamoffet.html
Moguai,https://www.azlyrics.com/m/moguai.html
Mogwai,https://www.azlyrics.com/m/mogwai.html
Moha La Squale,https://www.azlyrics.com/m/mohalasquale.html
Mohombi,https://www.azlyrics.com/m/mohombi.html
Moira Dela Torre,https://www.azlyrics.com/m/moiradelatorre.html
Mois,https://www.azlyrics.com/m/mois.html
Moist,https://www.azlyrics.com/m/moist.html
Mokita,https://www.azlyrics.com/m/mokita.html
Molchat Doma (Молчат Дома),https://www.azlyrics.com/m/molchatdoma.html
"Moldy Peaches, The",https://www.azlyrics.com/m/moldypeaches.html
"Molitor, Joakim",https://www.azlyrics.com/j/joakimmolitor.html
Molly Brazy,https://www.azlyrics.com/m/mollybrazy.html
Molly Burch,https://www.azlyrics.com/m/mollyburch.html
Molly Hatchet,https://www.azlyrics.com/m/mollyhatchet.html
Molly Kate Kestner,https://www.azlyrics.com/m/mollykatekestner.html
Molly Sandén,https://www.azlyrics.com/m/mollysanden.html
Moloko,https://www.azlyrics.com/m/moloko.html
Molo,https://www.azlyrics.com/m/molo.html
Molotov,https://www.azlyrics.com/m/molotov.html
Møme,https://www.azlyrics.com/m/mme.html
Moments In Grace,https://www.azlyrics.com/m/momentsingrace.html
Mom Jeans.,https://www.azlyrics.com/m/momjeans.html
MOMOLAND,https://www.azlyrics.com/m/momoland.html
"Monáe, Janelle",https://www.azlyrics.com/j/janellemone.html
MONATIK,https://www.azlyrics.com/m/monatik.html
Moncrieff,https://www.azlyrics.com/m/moncrieff.html
Mondays,https://www.azlyrics.com/m/mondays.html
Mondo Cozmo,https://www.azlyrics.com/m/mondocozmo.html
Monet192,https://www.azlyrics.com/m/monet192.html
"Monet, Amelia",https://www.azlyrics.com/a/ameliamonet.html
"Monet, Jerzee",https://www.azlyrics.com/m/monet.html
monetochka (монеточка),https://www.azlyrics.com/m/monetochka.html
"Monét, Victoria",https://www.azlyrics.com/v/victoria-monet.html
MONEY,https://www.azlyrics.com/m/money.html
Moneybagg Yo,https://www.azlyrics.com/m/moneybaggyo.html
Money Man,https://www.azlyrics.com/m/moneyman.html
"Mongeau, Tana",https://www.azlyrics.com/t/tanamongeau.html
Monica,https://www.azlyrics.com/m/monica.html
"Monica, Agnes",https://www.azlyrics.com/a/agnesmonica.html
Monita Tahalea,https://www.azlyrics.com/m/monitatahalea.html
Monk,https://www.azlyrics.com/m/monk.html
"Monkees, The",https://www.azlyrics.com/m/monkees.html
Mon Laferte,https://www.azlyrics.com/m/monlaferte.html
Mono Inc.,https://www.azlyrics.com/m/monoinc.html
Monolink,https://www.azlyrics.com/m/monolink.html
Monolord,https://www.azlyrics.com/m/monolord.html
"Monroe, Asher",https://www.azlyrics.com/a/ashermonroe.html
"Monroe, Ashley",https://www.azlyrics.com/a/ashleymonroe.html
"Monroe, Lola",https://www.azlyrics.com/l/lolamonroe.html
Monrose,https://www.azlyrics.com/m/monrose.html
Monsieur Periné,https://www.azlyrics.com/m/monsieurperin.html
MONSTA X,https://www.azlyrics.com/m/monstax.html
Monster Magnet,https://www.azlyrics.com/m/monstermagnet.html
Monster Truck,https://www.azlyrics.com/m/monstertruck.html
"Montag, Heidi",https://www.azlyrics.com/h/heidimontag.html
Montaigne,https://www.azlyrics.com/m/montaigne.html
"Montana, Joey",https://www.azlyrics.com/j/joeymontana.html
Montana Of 300,https://www.azlyrics.com/m/montanaof300.html
"Montana, Randy",https://www.azlyrics.com/r/randymontana.html
"Montana, Tim",https://www.azlyrics.com/t/timmontana.html
"Montaner, Ricardo",https://www.azlyrics.com/r/ricardomontaner.html
Montell Jordan,https://www.azlyrics.com/j/jordan.html
"Monterde, TJ",https://www.azlyrics.com/t/tjmonterde.html
"Montero, Amaia",https://www.azlyrics.com/a/amaiamontero.html
Montez De Durango,https://www.azlyrics.com/m/montezdedurango.html
Montgomery Gentry,https://www.azlyrics.com/m/montgomerygentry.html
"Montgomery, John Michael",https://www.azlyrics.com/j/johnmichaelmontgomery.html
"Montgomery, Ricky",https://www.azlyrics.com/r/rickymontgomery.html
Montrose,https://www.azlyrics.com/m/montrose.html
Monty Are I,https://www.azlyrics.com/m/montyarei.html
Monuments,https://www.azlyrics.com/m/monuments.html
"Moody Blues, The",https://www.azlyrics.com/m/moody.html
Moonbyul,https://www.azlyrics.com/m/moonbyul.html
Moonchild,https://www.azlyrics.com/m/moonchild.html
Moonkey,https://www.azlyrics.com/m/moonkey.html
Moonshine Bandits,https://www.azlyrics.com/m/moonshinebandits.html
Moonspell,https://www.azlyrics.com/m/moonspell.html
Moonstar88,https://www.azlyrics.com/m/moonstar88.html
Moon Taxi,https://www.azlyrics.com/m/moontaxi.html
"Moore, Blaise",https://www.azlyrics.com/b/blaisemoore.html
"Moore, Chanté",https://www.azlyrics.com/c/chantemoore.html
"Moore, Christy",https://www.azlyrics.com/c/christymoore.html
"Moore, Gary",https://www.azlyrics.com/g/garymoore.html
"Moore, Justin",https://www.azlyrics.com/j/justinmoore.html
"Moore, Kip",https://www.azlyrics.com/k/kipmoore.html
"Moore, Lily",https://www.azlyrics.com/l/lilymoore.html
Moose Blood,https://www.azlyrics.com/m/mooseblood.html
"Moose Wala, Sidhu",https://www.azlyrics.com/s/sidhumoosewala.html
M.O.P.,https://www.azlyrics.com/m/mop.html
Mo Pitney,https://www.azlyrics.com/m/mopitney.html
Mora,https://www.azlyrics.com/m/mora.html
Morandi,https://www.azlyrics.com/m/morandi.html
"Moran, Trevi",https://www.azlyrics.com/t/trevormoran.html
Morat,https://www.azlyrics.com/m/morat.html
Morbid Angel,https://www.azlyrics.com/m/morbidangel.html
"Morby, Kevin",https://www.azlyrics.com/k/kevinmorby.html
Morcheeba,https://www.azlyrics.com/m/morcheeba.html
"Moreland, John",https://www.azlyrics.com/j/johnmoreland.html
"Morello, Tom",https://www.azlyrics.com/t/tommorello.html
"Moreno, Chino",https://www.azlyrics.com/c/chinomoreno.html
MORGAN,https://www.azlyrics.com/m/morgan.html
"Morgan, Craig",https://www.azlyrics.com/c/craigmorgan.html
Morgan Evans,https://www.azlyrics.com/m/morganevans.html
Morgan Heritage,https://www.azlyrics.com/m/morganheritage.html
"Morgan, Laza",https://www.azlyrics.com/l/lazamorgan.html
"Morgan, Lorrie",https://www.azlyrics.com/l/lorriemorgan.html
Morgan Page,https://www.azlyrics.com/m/morganpage.html
Morgan Rose,https://www.azlyrics.com/m/morganrose.html
Morgan Saint,https://www.azlyrics.com/m/morgansaint.html
Morgan Wallen,https://www.azlyrics.com/m/morganwallen.html
"Morgan, William Michael",https://www.azlyrics.com/w/williammichaelmorgan.html
MORGENSHTERN,https://www.azlyrics.com/m/morgenshtern.html
"Morgue, Kailee",https://www.azlyrics.com/k/kaileemorgue.html
morgxn,https://www.azlyrics.com/m/morgxn.html
Moriah Peters,https://www.azlyrics.com/m/moriahpeters.html
Moriarty,https://www.azlyrics.com/m/moriarty.html
"Moriondo, Chloe",https://www.azlyrics.com/c/chloemoriondo.html
"Morissette, Alanis",https://www.azlyrics.com/m/morissette.html
Morissette,https://www.azlyrics.com/m/morissette8167.html
MorMor,https://www.azlyrics.com/m/mormor.html
Morning Parade,https://www.azlyrics.com/m/morningparade.html
Morningsiders,https://www.azlyrics.com/m/morningsiders.html
Morningwood,https://www.azlyrics.com/m/morningwood.html
"Moroder, Giorgio",https://www.azlyrics.com/g/giorgiomoroder.html
Morphine,https://www.azlyrics.com/m/morphine.html
"Morris, Kendra",https://www.azlyrics.com/k/kendramorris.html
"Morrison, Carla",https://www.azlyrics.com/c/carlamorrison.html
"Morrison, Glenn",https://www.azlyrics.com/g/glennmorrison.html
"Morrison, James",https://www.azlyrics.com/j/jamesmorrison.html
"Morris, Rae",https://www.azlyrics.com/r/raemorris.html
Morrissey,https://www.azlyrics.com/m/morrissey.html
Morrisson,https://www.azlyrics.com/m/morrisson.html
Mors Principium Est,https://www.azlyrics.com/m/morsprincipiumest.html
Morten Harket,https://www.azlyrics.com/m/mortenharket.html
mor ve ötesi,https://www.azlyrics.com/m/morveotesi.html
Mosaic MSC,https://www.azlyrics.com/m/mosaicmsc.html
Mos Def,https://www.azlyrics.com/m/mosdef.html
"Moses, Joe",https://www.azlyrics.com/j/joe-moses.html
Moses Sumney,https://www.azlyrics.com/m/mosessumney.html
"Moses, Teedra",https://www.azlyrics.com/t/teedramoses.html
Mosh36,https://www.azlyrics.com/m/mosh36.html
"Moskaluke, Jess",https://www.azlyrics.com/j/jessmoskaluke.html
"Mosley, Natasha",https://www.azlyrics.com/n/natashamosley.html
Mosquit,https://www.azlyrics.com/m/mosquit.html
"Moss, Elliot",https://www.azlyrics.com/e/elliotmoss.html
MoStack,https://www.azlyrics.com/m/mostack.html
Mostro,https://www.azlyrics.com/m/mostro.html
"Mota, Bethany",https://www.azlyrics.com/b/bethanymota.html
"Motels, The",https://www.azlyrics.com/m/motels.html
Mother Love Bone,https://www.azlyrics.com/m/motherlovebone.html
Mother Mother,https://www.azlyrics.com/m/mothermother.html
Mothica,https://www.azlyrics.com/m/mothica.html
"Moth & The Flame, The",https://www.azlyrics.com/m/moththeflame.html
Motion City Soundtrack,https://www.azlyrics.com/m/motioncitysoundtrack.html
Motionless In White,https://www.azlyrics.com/m/motionlessinwhite.html
Motive,https://www.azlyrics.com/m/motive.html
Motley Crue,https://www.azlyrics.com/m/motleycrue.html
Motograter,https://www.azlyrics.com/m/motograter.html
Motorhead,https://www.azlyrics.com/m/motorhead.html
"Motors, The",https://www.azlyrics.com/m/motors.html
MoTrip,https://www.azlyrics.com/m/motrip.html
Mott The Hoople,https://www.azlyrics.com/m/mottthehoople.html
Mounika.,https://www.azlyrics.com/m/mounika.html
Mountain,https://www.azlyrics.com/m/mountain.html
"Mountain Goats, The",https://www.azlyrics.com/m/mountaingoats.html
Mount Eerie,https://www.azlyrics.com/m/mounteerie.html
Movements,https://www.azlyrics.com/m/movements.html
"Movement, The",https://www.azlyrics.com/m/movement.html
"Movielife, The",https://www.azlyrics.com/m/movielife.html
MÖWE,https://www.azlyrics.com/m/mowe.html
"Mowgli's, The",https://www.azlyrics.com/m/mowglis.html
"Moyet, Alison",https://www.azlyrics.com/a/alisonmoyet.html
Mozella,https://www.azlyrics.com/m/mozella.html
Mozzik,https://www.azlyrics.com/m/mozzik.html
Mozzy,https://www.azlyrics.com/m/mozzy.html
M. Pokora,https://www.azlyrics.com/m/mpokora.html
"Mraz, Jason",https://www.azlyrics.com/m/mraz.html
Mr. Big,https://www.azlyrics.com/m/mrbig.html
Mr. Bungle,https://www.azlyrics.com/m/mrbungle.html
MRC,https://www.azlyrics.com/m/mrc.html
Mr. Cheeks,https://www.azlyrics.com/m/mrcheeks.html
Mr Eazi,https://www.azlyrics.com/m/mreazi.html
Mr Hudson,https://www.azlyrics.com/m/mrhudson.html
Mr Lambo,https://www.azlyrics.com/m/mrlambo.html
Mr. Mister,https://www.azlyrics.com/m/mrmister.html
Mr. Polska,https://www.azlyrics.com/m/mrpolska.html
Mr. Probz,https://www.azlyrics.com/m/mrprobz.html
Mr Traumatik,https://www.azlyrics.com/m/mrtraumatik.html
Mr. Vegas,https://www.azlyrics.com/m/mrvegas.html
Ms Banks,https://www.azlyrics.com/m/msbanks.html
Ms. Dynamite,https://www.azlyrics.com/m/msdynamite.html
MSG (Michael Schenker Group),https://www.azlyrics.com/m/msgmichaelschenkergroup.html
Ms. Jade,https://www.azlyrics.com/m/msjade.html
Ms Krazie,https://www.azlyrics.com/m/mskrazie.html
MS MR,https://www.azlyrics.com/m/msmr.html
Mt. Joy,https://www.azlyrics.com/m/mtjoy.html
Mtume,https://www.azlyrics.com/m/mtume.html
Mud,https://www.azlyrics.com/m/mud.html
Mudcrutch,https://www.azlyrics.com/m/mudcrutch.html
Muddy Waters,https://www.azlyrics.com/m/muddywaters.html
Mudhoney,https://www.azlyrics.com/m/mudhoney.html
Mudimbi,https://www.azlyrics.com/m/mudimbi.html
Mudvayne,https://www.azlyrics.com/m/mudvayne.html
"Muffs, The",https://www.azlyrics.com/m/muffs.html
MUKKA (МУККА),https://www.azlyrics.com/m/mukka.html
Mula B,https://www.azlyrics.com/m/mulab.html
"Mullen, Nicole C.",https://www.azlyrics.com/n/nicolecmullen.html
"Mullins, Rich",https://www.azlyrics.com/r/richmullins.html
"Mullins, Shawn",https://www.azlyrics.com/s/shawnmullins.html
"Mulvey, Nick",https://www.azlyrics.com/n/nickmulvey.html
"Mumay, Ece",https://www.azlyrics.com/e/ecemumay.html
"Mumba, Samantha",https://www.azlyrics.com/m/mumba.html
Mumford & Sons,https://www.azlyrics.com/m/mumfordsons.html
MUNA,https://www.azlyrics.com/m/muna.html
Mungo Jerry,https://www.azlyrics.com/m/mungojerry.html
Municipal Waste,https://www.azlyrics.com/m/municipalwaste.html
Munimuni,https://www.azlyrics.com/m/munimuni.html
"Munsick, Ian",https://www.azlyrics.com/i/ianmunsick.html
"Munther, Ulrik",https://www.azlyrics.com/u/ulrikmunther.html
Mura Masa,https://www.azlyrics.com/m/muramasa.html
Murat Boz,https://www.azlyrics.com/m/muratboz.html
Murda,https://www.azlyrics.com/m/murda.html
Murda Beatz,https://www.azlyrics.com/m/murdabeatz.html
Murder By Death,https://www.azlyrics.com/m/murderbydeath.html
"Murder Capital, The",https://www.azlyrics.com/m/murdercapital.html
Murderdolls,https://www.azlyrics.com/m/murderdolls.html
"Murdoch, Alexi",https://www.azlyrics.com/a/aleximurdoch.html
"Murphy, Branan",https://www.azlyrics.com/b/brananmurphy.html
"Murphy, David Lee",https://www.azlyrics.com/d/davidleemurphy.html
"Murphy, Eddie",https://www.azlyrics.com/e/eddiemurphy.html
Murphy Lee,https://www.azlyrics.com/l/leem.html
"Murphy, Peter",https://www.azlyrics.com/p/petermurphy.html
"Murphy, Roisin",https://www.azlyrics.com/r/roisinmurphy.html
"Murphy, William",https://www.azlyrics.com/w/williammurphy.html
"Murray, Anne",https://www.azlyrics.com/a/annemurray.html
Murray Head,https://www.azlyrics.com/m/murrayhead.html
"Murray, Jasmine",https://www.azlyrics.com/j/jasminemurray.html
"Murray, Pete",https://www.azlyrics.com/m/murray.html
Murs,https://www.azlyrics.com/m/murs.html
"Murs, Olly",https://www.azlyrics.com/o/ollymurs.html
Muscadine Bloodline,https://www.azlyrics.com/m/muscadinebloodline.html
Muse,https://www.azlyrics.com/m/muse.html
"Musgraves, Kacey",https://www.azlyrics.com/k/kaceymusgraves.html
Mushroomhead,https://www.azlyrics.com/m/mushroomhead.html
Musical Youth,https://www.azlyrics.com/m/musicalyouth.html
Music Hero,https://www.azlyrics.com/m/musichero.html
"Music, The",https://www.azlyrics.com/m/music.html
Musiq Soulchild,https://www.azlyrics.com/m/musiq.html
Mustafa,https://www.azlyrics.com/m/mustafa.html
Mustafa Ceceli,https://www.azlyrics.com/m/mustafaceceli.html
Mustafa Sandal,https://www.azlyrics.com/m/mustafasandal.html
Mutemath,https://www.azlyrics.com/m/mutemath.html
Mutya Buena,https://www.azlyrics.com/m/mutyabuena.html
"Mvula, Laura",https://www.azlyrics.com/l/lauramvula.html
mxmtoon,https://www.azlyrics.com/m/mxmtoon.html
MxPx,https://www.azlyrics.com/m/mxpx.html
Mýa,https://www.azlyrics.com/m/mya.html
My Bloody Valentine,https://www.azlyrics.com/m/mybloodyvalentine.html
My Brightest Diamond,https://www.azlyrics.com/m/mybrightestdiamond.html
My Chemical Romance,https://www.azlyrics.com/m/mychemicalromance.html
My Darkest Days,https://www.azlyrics.com/m/mydarkestdays.html
My Dying Bride,https://www.azlyrics.com/m/mydyingbride.html
My Enemies & I,https://www.azlyrics.com/m/myenemiesi.html
"Myers, Bryant",https://www.azlyrics.com/b/bryantmyers.html
My Favorite Highway,https://www.azlyrics.com/m/myfavoritehighway.html
"Myka, Relocate",https://www.azlyrics.com/m/mykarelocate.html
Myke Towers,https://www.azlyrics.com/m/myketowers.html
MyKey,https://www.azlyrics.com/m/mykey.html
Mykki Blanco,https://www.azlyrics.com/m/mykkiblanco.html
Mylene Farmer,https://www.azlyrics.com/m/mylenefarmer.html
"Myles, Alannah",https://www.azlyrics.com/a/alannahmyles.html
Myles Kennedy,https://www.azlyrics.com/m/myleskennedy.html
MyLifeAsEva,https://www.azlyrics.com/m/mylifeaseva.html
My Morning Jacket,https://www.azlyrics.com/m/mymorningjacket.html
MYMP,https://www.azlyrics.com/m/mymp.html
Myra,https://www.azlyrics.com/m/myra.html
Myrath,https://www.azlyrics.com/m/myrath.html
Myrkur,https://www.azlyrics.com/m/myrkur.html
MYRNE,https://www.azlyrics.com/m/myrne.html
Myron Butler,https://www.azlyrics.com/m/myronbutler.html
Mystery Jets,https://www.azlyrics.com/m/mysteryjets.html
Mystery Skulls,https://www.azlyrics.com/m/mysteryskulls.html
Mystikal,https://www.azlyrics.com/m/mystikal.html
Mỹ Tâm,https://www.azlyrics.com/m/mytam.html
Mytown,https://www.azlyrics.com/m/mytown.html
MY (МЫ),https://www.azlyrics.com/m/my.html
MZ,https://www.azlyrics.com/m/mz.html
