$-Crew,https://www.azlyrics.com/s/screw.html
$hirak,https://www.azlyrics.com/s/shirak.html
$NOT,https://www.azlyrics.com/s/snotrapper.html
S1mba,https://www.azlyrics.com/s/s1mba.html
S3RL,https://www.azlyrics.com/s/s3rl.html
S4MM,https://www.azlyrics.com/s/s4mm.html
Sa4,https://www.azlyrics.com/s/sa4.html
"Saade, Eric",https://www.azlyrics.com/e/ericsaade.html
"Saadiq, Raphael",https://www.azlyrics.com/r/raphaelsaadiq.html
Saad Lamjarred,https://www.azlyrics.com/s/saadlamjarred.html
Saara Aalto,https://www.azlyrics.com/s/saaraaalto.html
SABA,https://www.azlyrics.com/s/saba.html
"Sabanis, Giorgos",https://www.azlyrics.com/g/giorgossabanis.html
Sabaton,https://www.azlyrics.com/s/sabaton.html
Sabi,https://www.azlyrics.com/s/sabi.html
Sabina Ddumba,https://www.azlyrics.com/s/sabinaddumba.html
"Sabina, Joaquin",https://www.azlyrics.com/j/joaquinsabina.html
Sabino,https://www.azlyrics.com/s/sabino.html
"Sabre, Maverick",https://www.azlyrics.com/m/mavericksabre.html
Sabrina Carpenter,https://www.azlyrics.com/s/sabrinacarpenter.html
Sabrina Claudio,https://www.azlyrics.com/s/sabrinaclaudio.html
Sabyan Gambus,https://www.azlyrics.com/s/sabyangambus.html
Sacred Reich,https://www.azlyrics.com/s/sacredreich.html
Sada Baby,https://www.azlyrics.com/s/sadababy.html
SadBoyProlific,https://www.azlyrics.com/s/sadboyprolific.html
Sade,https://www.azlyrics.com/s/sade.html
Sadek,https://www.azlyrics.com/s/sadek.html
Sad Eye,https://www.azlyrics.com/s/sadeye.html
sadeyes,https://www.azlyrics.com/s/sadeyes.html
SadiQ,https://www.azlyrics.com/s/sadiq.html
SAFE,https://www.azlyrics.com/s/safe.html
SafetySuit,https://www.azlyrics.com/s/safetysuit.html
SAFIA,https://www.azlyrics.com/s/safia.html
Saga,https://www.azlyrics.com/s/saga.html
Sage Francis,https://www.azlyrics.com/s/sagefrancis.html
Sage The Gemini,https://www.azlyrics.com/s/sagethegemini.html
Sagopa Kajmer,https://www.azlyrics.com/s/sagopakajmer.html
Sagun,https://www.azlyrics.com/s/sagun.html
SahBabii,https://www.azlyrics.com/s/sahbabii.html
"Şahin, Melike",https://www.azlyrics.com/m/melikesahin.html
"Sahl, Nicklas",https://www.azlyrics.com/n/nicklassahl.html
Said The Sky,https://www.azlyrics.com/s/saidthesky.html
Said The Whale,https://www.azlyrics.com/s/saidthewhale.html
Saigon,https://www.azlyrics.com/s/saigon.html
Saigon Kick,https://www.azlyrics.com/s/saigonkick.html
Sailor,https://www.azlyrics.com/s/sailor.html
"Sails, Chris",https://www.azlyrics.com/c/chrissails.html
Saint Asonia,https://www.azlyrics.com/s/saintasonia.html
SAINTE,https://www.azlyrics.com/s/sainte.html
Saint Etienne,https://www.azlyrics.com/s/saintetienne.html
SAINt JHN,https://www.azlyrics.com/s/saintjhn.html
Saint Motel,https://www.azlyrics.com/s/saintmotel.html
SAINT PHNX,https://www.azlyrics.com/s/saintphnx.html
Saint Raymond,https://www.azlyrics.com/s/saintraymond.html
Saint Saviour,https://www.azlyrics.com/s/saintsaviour.html
"Sakamoto, Kyu",https://www.azlyrics.com/k/kyusakamoto.html
Sak Noel,https://www.azlyrics.com/s/saknoel.html
"Saleh, Adam",https://www.azlyrics.com/a/adamsaleh.html
"saleh, dua",https://www.azlyrics.com/d/duasaleh.html
Salem Ilese,https://www.azlyrics.com/s/salemilese.html
SALES,https://www.azlyrics.com/s/sales.html
Sal Houdini,https://www.azlyrics.com/s/salhoudini.html
Saliva,https://www.azlyrics.com/s/saliva.html
Salmo,https://www.azlyrics.com/s/salmo.html
"Salonga, Lea",https://www.azlyrics.com/l/leasalonga.html
Sal Priadi,https://www.azlyrics.com/s/salpriadi.html
Saltatio Mortis,https://www.azlyrics.com/s/saltatiomortis.html
Salt 'n' Pepa,https://www.azlyrics.com/s/saltnpepa.html
SALUKI,https://www.azlyrics.com/s/saluki.html
"Salvador, Janella",https://www.azlyrics.com/j/janellasalvador.html
"Salvador, Maja",https://www.azlyrics.com/m/majasalvador.html
Salvador Sobral,https://www.azlyrics.com/s/salvadorsobral.html
"Salvat, Josef",https://www.azlyrics.com/j/josefsalvat.html
Şam,https://www.azlyrics.com/s/sam.html
Samael,https://www.azlyrics.com/s/samael.html
Sam And The Womp,https://www.azlyrics.com/s/samandthewomp.html
Samantha Fish,https://www.azlyrics.com/s/samanthafish.html
Samantha Harvey,https://www.azlyrics.com/s/samanthaharvey.html
Samantha J,https://www.azlyrics.com/s/samanthaj.html
Samantha Jade,https://www.azlyrics.com/s/samanthajade.html
Samantha Mumba,https://www.azlyrics.com/m/mumba.html
Sam Bailey,https://www.azlyrics.com/s/sambailey.html
Sam Bluer,https://www.azlyrics.com/s/sambluer.html
"Sambora, Richie",https://www.azlyrics.com/r/richiesambora.html
Sam Brown,https://www.azlyrics.com/s/sambrown.html
Sam Bruno,https://www.azlyrics.com/s/sambruno.html
Sam Concepcion,https://www.azlyrics.com/s/samconcepcion.html
Sam Cooke,https://www.azlyrics.com/s/samcooke.html
Sam & Dave,https://www.azlyrics.com/s/samdave.html
Same Difference,https://www.azlyrics.com/s/samedifference.html
Samey,https://www.azlyrics.com/s/samey.html
Sam Feldt,https://www.azlyrics.com/s/samfeldt.html
Sam Fender,https://www.azlyrics.com/s/samfender.html
Sam Fischer,https://www.azlyrics.com/s/samfischer.html
Sam Hunt,https://www.azlyrics.com/s/samhunt.html
Samia,https://www.azlyrics.com/s/samia.html
"Sami, Adnan",https://www.azlyrics.com/a/adnansami.html
Sami Yusuf,https://www.azlyrics.com/s/samiyusuf.html
Sam Kim,https://www.azlyrics.com/s/samkim.html
Sam Mangubat,https://www.azlyrics.com/s/sammangubat.html
Samm Henshaw,https://www.azlyrics.com/s/sammhenshaw.html
Sammie,https://www.azlyrics.com/s/sammie.html
Sam Milby,https://www.azlyrics.com/s/sammilby.html
Sammy Adams,https://www.azlyrics.com/s/sammyadams.html
Sammy Davis Jr.,https://www.azlyrics.com/s/sammydavisjr.html
Sammy Hagar,https://www.azlyrics.com/s/sammyhagar.html
Sammy Johns,https://www.azlyrics.com/s/sammyjohns.html
Sammy Johnson,https://www.azlyrics.com/s/sammyjohnson.html
Sammy Kershaw,https://www.azlyrics.com/s/sammykershaw.html
Sammy Wilk,https://www.azlyrics.com/s/sammywilk.html
Sampaguita,https://www.azlyrics.com/s/sampaguita.html
Sampa The Great,https://www.azlyrics.com/s/sampathegreat.html
Sampha,https://www.azlyrics.com/s/sampha.html
"Sampson, Alex",https://www.azlyrics.com/a/alexsampson.html
"Sampson, Cesar",https://www.azlyrics.com/c/cesarsampson.html
Samra,https://www.azlyrics.com/s/samra.html
Sam Riggs,https://www.azlyrics.com/s/samriggs.html
Sam Roberts,https://www.azlyrics.com/s/samroberts.html
samsa,https://www.azlyrics.com/s/samsa.html
Sam Smith,https://www.azlyrics.com/s/samsmith.html
Sam Sparro,https://www.azlyrics.com/s/samsparro.html
Sam The Sham And The Pharaohs,https://www.azlyrics.com/s/samtheshamandthepharaohs.html
Sam Tinnesz,https://www.azlyrics.com/s/samtinnesz.html
Sam Tsui,https://www.azlyrics.com/s/samtsui.html
Samurai Jay,https://www.azlyrics.com/s/samuraijay.html
Samy Deluxe,https://www.azlyrics.com/s/samydeluxe.html
Sanah,https://www.azlyrics.com/s/sanah.html
"Sanchez, Jessica",https://www.azlyrics.com/j/jessicasanchez.html
"Sanchez, Leroy",https://www.azlyrics.com/l/leroysanchez.html
San Cisco,https://www.azlyrics.com/s/sancisco.html
Sanctity,https://www.azlyrics.com/s/sanctity.html
Sanctus Real,https://www.azlyrics.com/s/sanctusreal.html
"Sandal, Mustafa",https://www.azlyrics.com/m/mustafasandal.html
"Sandé, Emeli",https://www.azlyrics.com/e/emelisand.html
"Sandén, Molly",https://www.azlyrics.com/m/mollysanden.html
"Sanderson, Lauren",https://www.azlyrics.com/l/laurensanderson.html
"Sanders, Thomas",https://www.azlyrics.com/t/thomassanders.html
Sandi Thom,https://www.azlyrics.com/s/sandithom.html
"Sandler, Adam",https://www.azlyrics.com/s/sandler.html
"Sandman, Felix",https://www.azlyrics.com/f/felixsandman.html
Sandra,https://www.azlyrics.com/s/sandra.html
Sandro Cavazza,https://www.azlyrics.com/s/sandrocavazza.html
(Sandy) Alex G,https://www.azlyrics.com/s/sandyalexg.html
Sandy Denny,https://www.azlyrics.com/s/sandydenny.html
San Fermin,https://www.azlyrics.com/s/sanfermin.html
Sango,https://www.azlyrics.com/s/sango.html
San Holo,https://www.azlyrics.com/s/sanholo.html
Şanışer,https://www.azlyrics.com/s/sanser.html
"San Jose, Julie Anne",https://www.azlyrics.com/j/julieannesanjose.html
Sanna Nielsen,https://www.azlyrics.com/s/sannanielsen.html
Sanni,https://www.azlyrics.com/s/sanni10702.html
Sanni,https://www.azlyrics.com/s/sanni.html
Sansar Salvo,https://www.azlyrics.com/s/sansarsalvo.html
Santana,https://www.azlyrics.com/s/santana.html
"Santana, Fredo",https://www.azlyrics.com/f/fredosantana.html
"Santana, Juelz",https://www.azlyrics.com/s/santanaj.html
"Santana, Luan",https://www.azlyrics.com/l/luansantana.html
"Santiago, Eddie",https://www.azlyrics.com/e/eddiesantiago.html
Santiano,https://www.azlyrics.com/s/santiano.html
Santigold,https://www.azlyrics.com/s/santigold.html
"Santino, Nick",https://www.azlyrics.com/n/nicksantino.html
Santiz,https://www.azlyrics.com/s/santiz.html
"Santos, Caleb",https://www.azlyrics.com/c/calebsantos.html
"Santos, Erik",https://www.azlyrics.com/e/eriksantos.html
"Santos, Nico",https://www.azlyrics.com/n/nicosantos.html
"Santos, Romeo",https://www.azlyrics.com/r/romeosantos.html
"Sanz, Alejandro",https://www.azlyrics.com/a/alejandrosanz.html
Saosin,https://www.azlyrics.com/s/saosin.html
"Sapp, Marvin",https://www.azlyrics.com/m/marvinsapp.html
Sara Bareilles,https://www.azlyrics.com/s/sarabareilles.html
Sara Evans,https://www.azlyrics.com/s/saraevans.html
Sara Groves,https://www.azlyrics.com/s/saragroves.html
Sara Hartman,https://www.azlyrics.com/s/sarahartman.html
Sara Haze,https://www.azlyrics.com/s/sarahaze.html
Sarah Barrios,https://www.azlyrics.com/s/sarahbarrios.html
Sarah Blaine,https://www.azlyrics.com/s/sarahblaine.html
Sarah Brightman,https://www.azlyrics.com/b/brightman.html
Sarah Buxton,https://www.azlyrics.com/s/sarahbuxton.html
Sarah Close,https://www.azlyrics.com/s/sarahclose.html
Sarah Connor,https://www.azlyrics.com/c/connor.html
Sarah Darling,https://www.azlyrics.com/s/sarahdarling.html
Sarah Geronimo,https://www.azlyrics.com/s/sarahgeronimo.html
Sarah Hudson,https://www.azlyrics.com/s/sarahhudson.html
Sarah Jaffe,https://www.azlyrics.com/s/sarahjaffe.html
Sarah Jarosz,https://www.azlyrics.com/s/sarahjarosz.html
Sarah Jeffery,https://www.azlyrics.com/s/sarahjeffery.html
Sarah McLachlan,https://www.azlyrics.com/m/mclachlan.html
Sarah Reeves,https://www.azlyrics.com/s/sarahreeves.html
Sarah Ross,https://www.azlyrics.com/s/sarahross.html
Sarah Vaughan,https://www.azlyrics.com/s/sarahvaughan.html
Sarai,https://www.azlyrics.com/s/sarai.html
Sara Kays,https://www.azlyrics.com/s/sarakays.html
Sara Paxton,https://www.azlyrics.com/s/sarapaxton.html
Sara Ramirez,https://www.azlyrics.com/s/sararamirez.html
"Sarasvati, Isyana",https://www.azlyrics.com/i/isyanasarasvati.html
"Sardou, Michel",https://www.azlyrics.com/m/michelsardou.html
Sarhad,https://www.azlyrics.com/s/sarhad.html
"Sariñana, Ximena",https://www.azlyrics.com/x/ximenasarinana.html
Sarina Paris,https://www.azlyrics.com/p/paris.html
Sarius,https://www.azlyrics.com/s/sarius.html
Sarkodie,https://www.azlyrics.com/s/sarkodie.html
"Sartorius, Jacob",https://www.azlyrics.com/j/jacobsartorius.html
Sash!,https://www.azlyrics.com/s/sash.html
Sasha Lopez,https://www.azlyrics.com/s/sashalopez.html
Sasha Pieterse,https://www.azlyrics.com/s/sashapieterse.html
Sasha Sloan,https://www.azlyrics.com/s/sashasloan.html
Saske,https://www.azlyrics.com/s/saske.html
Saski,https://www.azlyrics.com/s/saski.html
Satin Jackets,https://www.azlyrics.com/s/satinjackets.html
"Saturdays, The",https://www.azlyrics.com/s/saturdays.html
Satyricon,https://www.azlyrics.com/s/satyricon.html
Sauce Twinz,https://www.azlyrics.com/s/saucetwinz.html
Sauce Walka,https://www.azlyrics.com/s/saucewalka.html
Saucy Santana,https://www.azlyrics.com/s/saucysantana.html
SAULT,https://www.azlyrics.com/s/sault.html
Sauti Sol,https://www.azlyrics.com/s/sautisol.html
Savage,https://www.azlyrics.com/s/savage.html
"Savage, Brennan",https://www.azlyrics.com/b/brennansavage.html
Savage Ga$p,https://www.azlyrics.com/s/savagegap.html
Savage Garden,https://www.azlyrics.com/s/savagegarden.html
Savage Hands,https://www.azlyrics.com/s/savagehands.html
SavageRealm,https://www.azlyrics.com/s/savagerealm.html
Savages,https://www.azlyrics.com/s/savages.html
"Savage, Tiwa",https://www.azlyrics.com/t/tiwasavage.html
Savannah Dexter,https://www.azlyrics.com/s/savannahdexter.html
Savatage,https://www.azlyrics.com/s/savatage.html
Save Ferris,https://www.azlyrics.com/s/saveferris.html
Saves The Day,https://www.azlyrics.com/s/savestheday.html
Savina & Drones,https://www.azlyrics.com/s/savinadrones.html
Saving Abel,https://www.azlyrics.com/s/savingabel.html
Saving Jane,https://www.azlyrics.com/s/savingjane.html
"Savior, Alexandra",https://www.azlyrics.com/a/alexandrasavior.html
"Savoretti, Jack",https://www.azlyrics.com/j/jacksavoretti.html
Savoy Brown,https://www.azlyrics.com/s/savoybrown.html
"Sawayama, Rina",https://www.azlyrics.com/r/rinasawayama.html
Saweetie,https://www.azlyrics.com/s/saweetie.html
Sawyer Brown,https://www.azlyrics.com/s/sawyerbrown.html
Sawyer Fredericks,https://www.azlyrics.com/s/sawyerfredericks.html
Saxon,https://www.azlyrics.com/s/saxon.html
Say Anything,https://www.azlyrics.com/s/sayanything.html
Saybia,https://www.azlyrics.com/s/saybia.html
"Sayer, Leo",https://www.azlyrics.com/l/leosayer.html
Say Lou Lou,https://www.azlyrics.com/s/sayloulou.html
Say Mo,https://www.azlyrics.com/s/saymo.html
SayWeCanFly,https://www.azlyrics.com/s/saywecanfly.html
SB19,https://www.azlyrics.com/s/sb19.html
SB Maffija,https://www.azlyrics.com/s/sbmaffija.html
SBMG,https://www.azlyrics.com/s/sbmg.html
SBTRKT,https://www.azlyrics.com/s/sbtrkt.html
"Scaggs, Boz",https://www.azlyrics.com/b/bozscaggs.html
Scandal,https://www.azlyrics.com/s/scandal.html
Scandal 'Us,https://www.azlyrics.com/s/scandalus.html
Scarface,https://www.azlyrics.com/s/scarface.html
Scarlet Pleasure,https://www.azlyrics.com/s/scarletpleasure.html
Scarlett Johansson,https://www.azlyrics.com/s/scarlettjohansson.html
Scarling,https://www.azlyrics.com/s/scarling.html
Scarlxrd,https://www.azlyrics.com/s/scarlxrd.html
Scars On 45,https://www.azlyrics.com/s/scarson45.html
Scars On Broadway,https://www.azlyrics.com/s/scarsonbroadway.html
Scar Symmetry,https://www.azlyrics.com/s/scarsymmetry.html
Scar The Martyr,https://www.azlyrics.com/s/scarthemartyr.html
Scary Kids Scaring Kids,https://www.azlyrics.com/s/scarykidsscaringkids.html
Scatman John,https://www.azlyrics.com/s/scatmanjohn.html
Scene 23,https://www.azlyrics.com/s/scene23.html
"Scene Aesthetic, The",https://www.azlyrics.com/s/sceneaesthetic.html
SCH,https://www.azlyrics.com/s/sch.html
schafter,https://www.azlyrics.com/s/schafter.html
"Scherzinger, Nicole",https://www.azlyrics.com/n/nicolescherzinger.html
"Schnacky, Noah",https://www.azlyrics.com/n/noahschnacky.html
"Schneider, Dylan",https://www.azlyrics.com/d/dylanschneider.html
Schokk,https://www.azlyrics.com/s/schokk.html
ScHoolboy Q,https://www.azlyrics.com/s/schoolboyq.html
School Gyrls,https://www.azlyrics.com/s/schoolgyrls.html
School Of Seven Bells,https://www.azlyrics.com/s/schoolofsevenbells.html
"Schulte, Michael",https://www.azlyrics.com/m/michaelschulte.html
"Schultz, Mark",https://www.azlyrics.com/m/markschultz.html
"Schulz, Robin",https://www.azlyrics.com/r/robinschulz.html
"Schutte, Dan",https://www.azlyrics.com/d/danschutte.html
Schuyler Fisk,https://www.azlyrics.com/s/schuylerfisk.html
Schwesta Ewa,https://www.azlyrics.com/s/schwestaewa.html
"Scibilia, Marc",https://www.azlyrics.com/m/marcscibilia.html
Scissor Sisters,https://www.azlyrics.com/s/scissorsisters.html
S Club,https://www.azlyrics.com/s/sclub.html
S Club 7,https://www.azlyrics.com/s/sclub7.html
S Club 8,https://www.azlyrics.com/s/sclub8.html
S Club Juniors,https://www.azlyrics.com/s/sclubjuniors.html
Scooter,https://www.azlyrics.com/s/scooter.html
"Score, The",https://www.azlyrics.com/s/score.html
Scorpions,https://www.azlyrics.com/s/scorpions.html
"Scott, Calum",https://www.azlyrics.com/c/calumscott.html
"Scott, Dylan",https://www.azlyrics.com/d/dylanscott.html
Scott Helman,https://www.azlyrics.com/s/scotthelman.html
"Scott-Heron, Gil",https://www.azlyrics.com/g/gilscottheron.html
"Scott, Hillary",https://www.azlyrics.com/h/hillaryscott.html
"Scott, Jake",https://www.azlyrics.com/j/jakescott.html
"Scott, Jamie",https://www.azlyrics.com/j/jamiescott.html
"Scott, Jill",https://www.azlyrics.com/s/scott.html
Scott McKenzie,https://www.azlyrics.com/s/scottmckenzie.html
"Scott, Penelope",https://www.azlyrics.com/p/penelopescott.html
"Scott, Ray",https://www.azlyrics.com/r/rayscott.html
Scott Stapp,https://www.azlyrics.com/s/scottstapp.html
"Scott, Travis",https://www.azlyrics.com/t/travisscott.html
Scott Walker,https://www.azlyrics.com/s/scottwalker.html
Scotty Cain,https://www.azlyrics.com/s/scottycain.html
Scotty McCreery,https://www.azlyrics.com/s/scottymccreery.html
Scotty Sire,https://www.azlyrics.com/s/scottysire.html
Scouting For Girls,https://www.azlyrics.com/s/scoutingforgirls.html
Screaming Females,https://www.azlyrics.com/s/screamingfemales.html
"Screaming Jets, The",https://www.azlyrics.com/s/screamingjets.html
Screaming Trees,https://www.azlyrics.com/s/screamingtrees.html
Scribe,https://www.azlyrics.com/s/scribe.html
Scridge,https://www.azlyrics.com/s/scridge.html
Scrim,https://www.azlyrics.com/s/scrim.html
Scriptonite (Скриптонит),https://www.azlyrics.com/s/scriptonite.html
"Script, The",https://www.azlyrics.com/s/script.html
Scroodgee (Скруджи),https://www.azlyrics.com/s/scroodgee.html
"Scruby, Cal",https://www.azlyrics.com/c/calscruby.html
Scylla,https://www.azlyrics.com/s/scylla.html
SDM,https://www.azlyrics.com/s/sdm.html
SDP,https://www.azlyrics.com/s/sdp.html
"Seabra, Anson",https://www.azlyrics.com/a/ansonseabra.html
Seaforth,https://www.azlyrics.com/s/seaforth.html
Seafret,https://www.azlyrics.com/s/seafret.html
Sea Girls,https://www.azlyrics.com/s/seagirls.html
Seahaven,https://www.azlyrics.com/s/seahaven.html
"Seahorses, The",https://www.azlyrics.com/s/seahorses.html
Seal,https://www.azlyrics.com/s/seal.html
Seals & Crofts,https://www.azlyrics.com/s/sealscrofts.html
"Seals, Dan",https://www.azlyrics.com/d/danseals.html
Sean Garrett,https://www.azlyrics.com/s/seangarrett.html
"Sean, Jay",https://www.azlyrics.com/j/jaysean.html
Sean Kingston,https://www.azlyrics.com/s/seankingston.html
Sean Lennon,https://www.azlyrics.com/s/seanlennon.html
Sean McGee,https://www.azlyrics.com/s/seanmcgee.html
Sean Paul,https://www.azlyrics.com/p/paul.html
Sean Price,https://www.azlyrics.com/s/seanprice.html
"Searchers, The",https://www.azlyrics.com/s/searchers.html
Seasick Steve,https://www.azlyrics.com/s/seasicksteve.html
Seaway,https://www.azlyrics.com/s/seaway.html
Sea Wolf,https://www.azlyrics.com/s/seawolf.html
"Sebastian, Guy",https://www.azlyrics.com/g/guysebastian.html
Sebastian Ingrosso,https://www.azlyrics.com/s/sebastianingrosso.html
Sebastian Mikael,https://www.azlyrics.com/s/sebastianmikael.html
Sebastian Olzanski,https://www.azlyrics.com/s/sebastianolzanski.html
Sebastian Paul,https://www.azlyrics.com/s/sebastianpaul.html
Sebastian Yatra,https://www.azlyrics.com/s/sebastianyatra.html
"Secada, Jon",https://www.azlyrics.com/s/secada.html
Sech,https://www.azlyrics.com/s/sech.html
Seçil Gür,https://www.azlyrics.com/s/secilgur.html
"Seçkin, Ece",https://www.azlyrics.com/e/eceseckin.html
Seckond Chaynce,https://www.azlyrics.com/s/seckondchaynce.html
Secondhand Serenade,https://www.azlyrics.com/s/secondhandserenade.html
Secret Band,https://www.azlyrics.com/s/secretband.html
Secret Eyes,https://www.azlyrics.com/s/secreteyes.html
Secret Garden,https://www.azlyrics.com/s/secretgarden.html
"Secret Handshake, The",https://www.azlyrics.com/s/secrethandshake.html
SECRET NUMBER,https://www.azlyrics.com/s/secretnumber.html
Secrets,https://www.azlyrics.com/s/secrets.html
"Secret Sisters, The",https://www.azlyrics.com/s/secretsisters.html
"Sedaka, Neil",https://www.azlyrics.com/n/neilsedaka.html
Seeb,https://www.azlyrics.com/s/seeb.html
"Seebach, Rasmus",https://www.azlyrics.com/r/rasmusseebach.html
"See, Chester",https://www.azlyrics.com/c/chestersee.html
Seeed,https://www.azlyrics.com/s/seeed.html
"Seekers, The",https://www.azlyrics.com/s/seekers.html
"Seeley, Drew",https://www.azlyrics.com/d/drewseeley.html
Seemless,https://www.azlyrics.com/s/seemless.html
Seether,https://www.azlyrics.com/s/seether.html
SeeYouSpaceCowboy,https://www.azlyrics.com/s/seeyouspacecowboy.html
"Segall, Ty",https://www.azlyrics.com/t/tysegall.html
"Seger, Bob",https://www.azlyrics.com/b/bobseger.html
"Seguerra, Aiza",https://www.azlyrics.com/a/aizaseguerra.html
Sehabe,https://www.azlyrics.com/s/sehabe.html
Şehinşah,https://www.azlyrics.com/s/sehinsah.html
"Seige, The",https://www.azlyrics.com/s/seige.html
Seinabo Sey,https://www.azlyrics.com/s/seinabosey.html
Sejeong,https://www.azlyrics.com/s/sejeong.html
Selah,https://www.azlyrics.com/s/selah.html
Selah Sue,https://www.azlyrics.com/s/selahsue.html
Selena,https://www.azlyrics.com/s/selena.html
Selena Gomez,https://www.azlyrics.com/s/selenagomez.html
Selena Gomez & The Scene,https://www.azlyrics.com/s/selenagomezthescene.html
Selin Ciğerci,https://www.azlyrics.com/s/selincigerci.html
Selwyn,https://www.azlyrics.com/s/selwyn.html
"Sembello, Michael",https://www.azlyrics.com/m/michaelsembello.html
Semblant,https://www.azlyrics.com/s/semblant.html
Semisonic,https://www.azlyrics.com/s/semisonic.html
Sena Şener,https://www.azlyrics.com/s/senasener.html
Senidah,https://www.azlyrics.com/s/senidah.html
Senja,https://www.azlyrics.com/s/senja.html
Senses Fail,https://www.azlyrics.com/s/sensesfail.html
Sent By Ravens,https://www.azlyrics.com/s/sentbyravens.html
"Sentieri, Marco",https://www.azlyrics.com/m/marcosentieri.html
Sentino,https://www.azlyrics.com/s/sentino.html
Seohyun,https://www.azlyrics.com/s/seohyun.html
September,https://www.azlyrics.com/s/september.html
Septicflesh,https://www.azlyrics.com/s/septicflesh.html
Sepultura,https://www.azlyrics.com/s/sepultura.html
Serani,https://www.azlyrics.com/s/serani.html
Serayah,https://www.azlyrics.com/s/serayah.html
Serebro,https://www.azlyrics.com/s/serebro.html
Serena Ryder,https://www.azlyrics.com/s/serenaryder.html
Serenity,https://www.azlyrics.com/s/serenity.html
Serge Gainsbourg,https://www.azlyrics.com/s/sergegainsbourg.html
Sergey Lazarev,https://www.azlyrics.com/s/sergeylazarev.html
Sergio Mendes,https://www.azlyrics.com/s/sergiomendes.html
Serhat Durmus,https://www.azlyrics.com/s/serhatdurmus.html
Serial Joe,https://www.azlyrics.com/s/serialjoe.html
Serj Tankian,https://www.azlyrics.com/s/serjtankian.html
"Sermon, Erick",https://www.azlyrics.com/s/sermon.html
"Serneholt, Marie",https://www.azlyrics.com/m/marieserneholt.html
Sero El Mero,https://www.azlyrics.com/s/seroelmero.html
serpentwithfeet,https://www.azlyrics.com/s/serpentwithfeet.html
"Serrat, Joan Manuel",https://www.azlyrics.com/j/joanmanuelserrat.html
Sertab Erener,https://www.azlyrics.com/s/sertaberener.html
Session Road,https://www.azlyrics.com/s/sessionroad.html
"Sesto, Camilo",https://www.azlyrics.com/c/camilosesto.html
Seth Ennis,https://www.azlyrics.com/s/sethennis.html
Seth Sentry,https://www.azlyrics.com/s/sethsentry.html
Set It Off,https://www.azlyrics.com/s/setitoff.html
Settle Your Scores,https://www.azlyrics.com/s/settleyourscores.html
Set Your Goals,https://www.azlyrics.com/s/setyourgoals.html
Seungkwan,https://www.azlyrics.com/s/seungkwan.html
Seungri,https://www.azlyrics.com/s/seungri.html
Sev,https://www.azlyrics.com/s/sev.html
Sevdaliza,https://www.azlyrics.com/s/sevdaliza.html
Seven And The Sun,https://www.azlyrics.com/s/sevenandthesun.html
Seven Channels,https://www.azlyrics.com/s/sevenchannels.html
Sevendust,https://www.azlyrics.com/s/sevendust.html
Seven Kayne,https://www.azlyrics.com/s/sevenkayne.html
Seven Lions,https://www.azlyrics.com/s/sevenlions.html
Seven Mary Three,https://www.azlyrics.com/s/sevenmarythree.html
Seven Places,https://www.azlyrics.com/s/sevenplaces.html
Seventeen,https://www.azlyrics.com/s/seventeen-indonesia.html
SEVENTEEN,https://www.azlyrics.com/s/seventeen.html
Seventh Day Slumber,https://www.azlyrics.com/s/seventhdayslumber.html
Seven Wiser,https://www.azlyrics.com/s/sevenwiser.html
Severina,https://www.azlyrics.com/s/severina.html
"Severo, Juan Miguel",https://www.azlyrics.com/j/juanmiguelsevero.html
Sevn Alias,https://www.azlyrics.com/s/sevnalias.html
Sevyn Streeter,https://www.azlyrics.com/s/sevynstreeter.html
"Sewell, Conrad",https://www.azlyrics.com/c/conradsewell.html
Sexion d'Assaut,https://www.azlyrics.com/s/sexiondassaut.html
Sex Pistols,https://www.azlyrics.com/s/sexpistols.html
Seyed,https://www.azlyrics.com/s/seyed.html
"Seyfried, Amanda",https://www.azlyrics.com/a/amandaseyfried.html
Sezen Aksu,https://www.azlyrics.com/s/sezenaksu.html
SF9,https://www.azlyrics.com/s/sf9.html
SFB,https://www.azlyrics.com/s/sfb.html
Sfera Ebbasta,https://www.azlyrics.com/s/sferaebbasta.html
SG Lewis,https://www.azlyrics.com/s/sglewis.html
Shablo,https://www.azlyrics.com/s/shablo.html
Shaboozey,https://www.azlyrics.com/s/shaboozey.html
Shade,https://www.azlyrics.com/s/shade.html
Shadow Of Intent,https://www.azlyrics.com/s/shadowofintent.html
Shadows Fall,https://www.azlyrics.com/s/shadowsfall.html
SHAED,https://www.azlyrics.com/s/shaed.html
"Shaggs, The",https://www.azlyrics.com/s/shaggs.html
Shaggy,https://www.azlyrics.com/s/shaggy.html
Shahmen,https://www.azlyrics.com/s/shahmen.html
Shai,https://www.azlyrics.com/s/shai.html
Shaka Ponk,https://www.azlyrics.com/s/shakaponk.html
Shakespear's Sister,https://www.azlyrics.com/s/shakespearssister.html
Shakewell,https://www.azlyrics.com/s/shakewell.html
Shakey Graves,https://www.azlyrics.com/s/shakeygraves.html
Shakin' Stevens,https://www.azlyrics.com/s/shakinstevens.html
Shakira,https://www.azlyrics.com/s/shakira.html
Shakka,https://www.azlyrics.com/s/shakka.html
Shalamar,https://www.azlyrics.com/s/shalamar.html
Shaliek,https://www.azlyrics.com/s/shaliek.html
Shallou,https://www.azlyrics.com/s/shallou.html
Shallow Side,https://www.azlyrics.com/s/shallowside.html
Shaman's Harvest,https://www.azlyrics.com/s/shamansharvest.html
Shame,https://www.azlyrics.com/s/shame.html
Shamir,https://www.azlyrics.com/s/shamir.html
Shamrock,https://www.azlyrics.com/s/shamrock.html
Shana Wilson-Williams,https://www.azlyrics.com/s/shanawilsonwilliams.html
Shane Dawson,https://www.azlyrics.com/s/shanedawson.html
Shane Filan,https://www.azlyrics.com/s/shanefilan.html
Shane Harper,https://www.azlyrics.com/s/shaneharper.html
"Shane, Kodie",https://www.azlyrics.com/k/kodieshane.html
Shanell,https://www.azlyrics.com/s/shanell.html
Shane & Shane,https://www.azlyrics.com/s/shaneshane.html
Shane Smith & The Saints,https://www.azlyrics.com/s/shanesmiththesaints.html
"Shangri-Las, The",https://www.azlyrics.com/s/shangrilas.html
Shania Twain,https://www.azlyrics.com/t/twain.html
Shanice,https://www.azlyrics.com/s/shanice.html
Shannon Noll,https://www.azlyrics.com/n/noll.html
"Shannon, Raphiel",https://www.azlyrics.com/r/raphielshannon.html
Shannon Saunders,https://www.azlyrics.com/s/shannonsaunders.html
Shannon Taylor,https://www.azlyrics.com/s/shannontaylor.html
Shanti Dope,https://www.azlyrics.com/s/shantidope.html
Shareefa,https://www.azlyrics.com/s/shareefa.html
Sharissa,https://www.azlyrics.com/s/sharissa.html
"Shark, Amy",https://www.azlyrics.com/a/amyshark.html
Sharkboy,https://www.azlyrics.com/s/sharkboy.html
Sharon Van Etten,https://www.azlyrics.com/s/sharonvanetten.html
Sharptooth,https://www.azlyrics.com/s/sharptooth.html
Shatta Wale,https://www.azlyrics.com/s/shattawale.html
"Shauf, Andy",https://www.azlyrics.com/a/andyshauf.html
Shaun,https://www.azlyrics.com/s/shaun.html
"Shaver, Billy Joe",https://www.azlyrics.com/b/billyjoeshaver.html
"Shawanda, Crystal",https://www.azlyrics.com/c/crystalshawanda.html
Shawn Austin,https://www.azlyrics.com/s/shawnaustin.html
Shawn Colvin,https://www.azlyrics.com/s/shawncolvin.html
Shawn Desman,https://www.azlyrics.com/d/desman.html
Shawn Hook,https://www.azlyrics.com/s/shawnhook.html
Shawn James,https://www.azlyrics.com/s/shawnjames.html
Shawn McDonald,https://www.azlyrics.com/s/shawnmcdonald.html
Shawn Mendes,https://www.azlyrics.com/s/shawnmendes.html
Shawn Mullins,https://www.azlyrics.com/s/shawnmullins.html
Shawnna,https://www.azlyrics.com/s/shawnna.html
Shawn Wasabi,https://www.azlyrics.com/s/shawnwasabi.html
"Shaw, Tyler",https://www.azlyrics.com/t/tylershaw.html
Shawty Lo,https://www.azlyrics.com/s/shawtylo.html
"Shay, Dani",https://www.azlyrics.com/d/danishay.html
Shayne Ward,https://www.azlyrics.com/s/shayneward.html
SHÉ,https://www.azlyrics.com/s/she.html
Shealeigh,https://www.azlyrics.com/s/shealeigh.html
"Sheard, Kierra",https://www.azlyrics.com/k/kierrasheard.html
Sheck Wes,https://www.azlyrics.com/s/sheckwes.html
SHeDAISY,https://www.azlyrics.com/s/shedaisy.html
Shed Seven,https://www.azlyrics.com/s/shedseven.html
Sheek Louch,https://www.azlyrics.com/s/sheeklouch.html
Sheena Easton,https://www.azlyrics.com/s/sheenaeaston.html
"Sheepdogs, The",https://www.azlyrics.com/s/sheepdogs.html
"Sheeran, Ed",https://www.azlyrics.com/e/edsheeran.html
"Sheer, Julia",https://www.azlyrics.com/j/juliasheer.html
Sheff G,https://www.azlyrics.com/s/sheffg.html
She & Him,https://www.azlyrics.com/s/shehim.html
"Sheik, Duncan",https://www.azlyrics.com/s/sheik.html
Sheila E.,https://www.azlyrics.com/s/sheilae.html
Sheila On 7,https://www.azlyrics.com/s/sheilaon7.html
She Is We,https://www.azlyrics.com/s/sheiswe.html
Shekhinah,https://www.azlyrics.com/s/shekhinah.html
Shekinah Glory Ministry,https://www.azlyrics.com/s/shekinahgloryministry.html
"Shelley, George",https://www.azlyrics.com/g/georgeshelley.html
"Shelley, Pete",https://www.azlyrics.com/p/peteshelley.html
"Shelton, Blake",https://www.azlyrics.com/b/blakeshelton.html
"Shelton, Ricky Van",https://www.azlyrics.com/r/rickyvanshelton.html
Shenandoah,https://www.azlyrics.com/s/shenandoah.html
Shenseea,https://www.azlyrics.com/s/shenseea.html
"Shepherd, Ashton",https://www.azlyrics.com/a/ashtonshepherd.html
"Shepherd, Kenny Wayne",https://www.azlyrics.com/k/kennywayneshepherd.html
Sheppard,https://www.azlyrics.com/s/sheppard.html
"Sherlocks, The",https://www.azlyrics.com/s/sherlocks.html
"Sherm, Mike",https://www.azlyrics.com/m/mikesherm.html
Sheryl Crow,https://www.azlyrics.com/c/crow.html
Sheryl Sheinafia,https://www.azlyrics.com/s/sherylsheinafia.html
She Wants Revenge,https://www.azlyrics.com/s/shewantsrevenge.html
Shift K3Y,https://www.azlyrics.com/s/shiftk3y.html
Shifty,https://www.azlyrics.com/s/shifty.html
Shihad,https://www.azlyrics.com/s/shihad.html
Shiki (TMNS),https://www.azlyrics.com/s/shikitmns.html
Shiloh,https://www.azlyrics.com/s/shiloh.html
Shiloh Dynasty,https://www.azlyrics.com/s/shilohdynasty.html
Shindy,https://www.azlyrics.com/s/shindy.html
Shinedown,https://www.azlyrics.com/s/shinedown.html
SHInee,https://www.azlyrics.com/s/shinee.html
shinigami,https://www.azlyrics.com/s/shinigami.html
"Shinoda, Mike",https://www.azlyrics.com/m/mikeshinoda.html
"Shins, The",https://www.azlyrics.com/s/shins.html
Shiny Toy Guns,https://www.azlyrics.com/s/shinytoyguns.html
"Shirelles, The",https://www.azlyrics.com/s/shirelles.html
"Shires, The",https://www.azlyrics.com/s/shires.html
Shirin David,https://www.azlyrics.com/s/shirindavid.html
Shirley Bassey,https://www.azlyrics.com/s/shirleybassey.html
Shirley Caesar,https://www.azlyrics.com/s/shirleycaesar.html
Shiva,https://www.azlyrics.com/s/shiva.html
Shivaree,https://www.azlyrics.com/s/shivaree.html
"Shmurda, Bobby",https://www.azlyrics.com/b/bobbyshmurda.html
Shocking Blue,https://www.azlyrics.com/s/shockingblue.html
Shoffy,https://www.azlyrics.com/s/shoffy.html
Shontelle,https://www.azlyrics.com/s/shontelle.html
ShooterGang Kony,https://www.azlyrics.com/s/shootergangkony.html
Shooter Jennings,https://www.azlyrics.com/s/shooterjennings.html
Shop Boyz,https://www.azlyrics.com/s/shopboyz.html
Shordie Shordie,https://www.azlyrics.com/s/shordieshordie.html
"Shore, Alisson",https://www.azlyrics.com/a/alissonshore.html
Shoreline Mafia,https://www.azlyrics.com/s/shorelinemafia.html
"Shorr, Kalie",https://www.azlyrics.com/k/kalieshorr.html
Shortparis,https://www.azlyrics.com/s/shortparis.html
Short Stack,https://www.azlyrics.com/s/shortstack.html
Shotgun Rider,https://www.azlyrics.com/s/shotgunrider.html
Shotgun Willy,https://www.azlyrics.com/s/shotgunwilly.html
Shotta Spence,https://www.azlyrics.com/s/shottaspence.html
Shout Out Louds,https://www.azlyrics.com/s/shoutoutlouds.html
Shovels & Rope,https://www.azlyrics.com/s/shovelsrope.html
Showaddywaddy,https://www.azlyrics.com/s/showaddywaddy.html
Show Me The Body,https://www.azlyrics.com/s/showmethebody.html
Showtek,https://www.azlyrics.com/s/showtek.html
Shungudzo,https://www.azlyrics.com/s/shungudzo.html
Shura,https://www.azlyrics.com/s/shura.html
"Shust, Aaron",https://www.azlyrics.com/a/aaronshust.html
SHVPES,https://www.azlyrics.com/s/shvpes.html
Shwayze,https://www.azlyrics.com/s/shwayze.html
Shy Girls,https://www.azlyrics.com/s/shygirls.html
Shy Glizzy,https://www.azlyrics.com/s/shyglizzy.html
SHY Martin,https://www.azlyrics.com/s/shymartin.html
Shyne,https://www.azlyrics.com/s/shyne.html
Shystie,https://www.azlyrics.com/s/shystie.html
Sia,https://www.azlyrics.com/s/sia.html
Siakol,https://www.azlyrics.com/s/siakol.html
SIAMES,https://www.azlyrics.com/s/siames.html
Sianvar,https://www.azlyrics.com/s/sianvar.html
Siboy,https://www.azlyrics.com/s/siboy.html
"Siciliano, Nicola",https://www.azlyrics.com/n/nicolasiciliano.html
Sickick,https://www.azlyrics.com/s/sickick.html
Sick Of It All,https://www.azlyrics.com/s/sickofitall.html
Sick Puppies,https://www.azlyrics.com/s/sickpuppies.html
Side A,https://www.azlyrics.com/s/sidea.html
Sidemen,https://www.azlyrics.com/s/sidemen.html
Sidewalk Prophets,https://www.azlyrics.com/s/sidewalkprophets.html
Sidhu Moose Wala,https://www.azlyrics.com/s/sidhumoosewala.html
Sido,https://www.azlyrics.com/s/sido.html
"Siegman, Elena",https://www.azlyrics.com/e/elenasiegman.html
Sienna Skies,https://www.azlyrics.com/s/siennaskies.html
Sierra Burgess Is A Loser Cast,https://www.azlyrics.com/s/sierraburgessisalosercast.html
"Siffre, Labi",https://www.azlyrics.com/l/labisiffre.html
Sigala,https://www.azlyrics.com/s/sigala.html
"Sigel, Beanie",https://www.azlyrics.com/b/beaniesigel.html
Sights & Sounds,https://www.azlyrics.com/s/sightssounds.html
Sigma,https://www.azlyrics.com/s/sigma.html
Signs Of The Swarm,https://www.azlyrics.com/s/signsoftheswarm.html
Sigrid,https://www.azlyrics.com/s/sigrid.html
Sigur Rós,https://www.azlyrics.com/s/sigurros.html
"Sihombing, Ben",https://www.azlyrics.com/b/bensihombing.html
"Sihombing, Petra",https://www.azlyrics.com/p/petrasihombing.html
Sik-K,https://www.azlyrics.com/s/sikk.html
SikTh,https://www.azlyrics.com/s/sikth.html
Sik World,https://www.azlyrics.com/s/sikworld.html
Silas,https://www.azlyrics.com/s/silas.html
Sıla,https://www.azlyrics.com/s/sila.html
Silbermond,https://www.azlyrics.com/s/silbermond.html
"Silent Comedy, The",https://www.azlyrics.com/s/silentcomedy.html
"Silent Film, A",https://www.azlyrics.com/s/silentfilm.html
Silento,https://www.azlyrics.com/s/silento.html
Silent Planet,https://www.azlyrics.com/s/silentplanet.html
Silent Sanctuary,https://www.azlyrics.com/s/silentsanctuary.html
Siles,https://www.azlyrics.com/s/siles.html
Silk,https://www.azlyrics.com/s/silk.html
Silkk The Shocker,https://www.azlyrics.com/s/silkktheshocker.html
Silvana Imam,https://www.azlyrics.com/s/silvanaimam.html
"Silvas, Lucie",https://www.azlyrics.com/l/luciesilvas.html
Silver,https://www.azlyrics.com/s/silver.html
Silverchair,https://www.azlyrics.com/s/silverchair.html
Silver Jews,https://www.azlyrics.com/s/silverjews.html
Silverstein,https://www.azlyrics.com/s/silverstein.html
Silversun Pickups,https://www.azlyrics.com/s/silversunpickups.html
Silvertide,https://www.azlyrics.com/s/silvertide.html
SiM,https://www.azlyrics.com/s/sim.html
Simge,https://www.azlyrics.com/s/simge.html
Simi,https://www.azlyrics.com/s/simi.html
"Simms, Juliet",https://www.azlyrics.com/j/julietsimms.html
Simon Adams,https://www.azlyrics.com/s/simonadams.html
"Simon, Carly",https://www.azlyrics.com/c/carlysimon.html
Simon Curtis,https://www.azlyrics.com/s/simoncurtis.html
"Simone, Nina",https://www.azlyrics.com/n/ninasimone.html
Simon & Garfunkel,https://www.azlyrics.com/s/simongarfunkel.html
"Simon, Paul",https://www.azlyrics.com/p/paulsimon.html
"Simons, Eva",https://www.azlyrics.com/e/evasimons.html
"Simons, Matt",https://www.azlyrics.com/m/mattsimons.html
Simon Webbe,https://www.azlyrics.com/s/simonwebbe.html
Simple Creatures,https://www.azlyrics.com/s/simplecreatures.html
Simple Minds,https://www.azlyrics.com/s/simpleminds.html
Simple Plan,https://www.azlyrics.com/s/simpleplan.html
Simply Red,https://www.azlyrics.com/s/simplyred.html
"Simpson, Alli",https://www.azlyrics.com/a/allisimpson.html
"Simpson, Ashlee",https://www.azlyrics.com/s/simpsonash.html
"Simpson, Charlie",https://www.azlyrics.com/c/charliesimpson.html
"Simpson, Cody",https://www.azlyrics.com/c/codysimpson.html
"Simpson, Jessica",https://www.azlyrics.com/s/simpson.html
"Sims, Joyce",https://www.azlyrics.com/j/joycesims.html
Sinach,https://www.azlyrics.com/s/sinach.html
"Sinatra, Frank",https://www.azlyrics.com/f/franksinatra.html
"Sinatra, Nancy",https://www.azlyrics.com/n/nancysinatra.html
Sin Bandera,https://www.azlyrics.com/s/sinbandera.html
Sin Boy,https://www.azlyrics.com/s/sinboy.html
Sincere Engineer,https://www.azlyrics.com/s/sincereengineer.html
SinceWhen,https://www.azlyrics.com/s/sincewhen.html
Sinch,https://www.azlyrics.com/s/sinch.html
"Sinclar, Bob",https://www.azlyrics.com/b/bobsinclar.html
Sinead Harnett,https://www.azlyrics.com/s/sineadharnett.html
Sinead O'Connor,https://www.azlyrics.com/s/sineadoconnor.html
Sinfonico,https://www.azlyrics.com/s/sinfnico.html
"Singer, Mike",https://www.azlyrics.com/m/mikesinger.html
"Singe, William",https://www.azlyrics.com/w/williamsinge.html
"Singh, Arijit",https://www.azlyrics.com/a/arijitsingh.html
"Singletary, Daryle",https://www.azlyrics.com/d/darylesingletary.html
Sing Street,https://www.azlyrics.com/s/singstreet.html
Singuila,https://www.azlyrics.com/s/singuila.html
Sink The Ship,https://www.azlyrics.com/s/sinktheship.html
Sin Shake Sin,https://www.azlyrics.com/s/sinshakesin.html
"Sioux, Nia",https://www.azlyrics.com/n/niasioux.html
Siouxsie And The Banshees,https://www.azlyrics.com/s/siouxsieandthebanshees.html
SiR,https://www.azlyrics.com/s/sir.html
Sir Chloe,https://www.azlyrics.com/s/sirchloe.html
Sirenia,https://www.azlyrics.com/s/sirenia.html
Sir Mix-A-Lot,https://www.azlyrics.com/s/sirmixalot.html
Sir Rosevelt,https://www.azlyrics.com/s/sirrosevelt.html
Sir Sly,https://www.azlyrics.com/s/sirsly.html
Sisqo,https://www.azlyrics.com/s/sisqo.html
Sista Prod,https://www.azlyrics.com/s/sistaprod.html
Sistar,https://www.azlyrics.com/s/sistar.html
Sister Hazel,https://www.azlyrics.com/s/sisterhazel.html
Sister Sledge,https://www.azlyrics.com/s/sistersledge.html
"Sisters Of Mercy, The",https://www.azlyrics.com/s/sistersofmercy.html
Sitek,https://www.azlyrics.com/s/sitek.html
Siti Badriah,https://www.azlyrics.com/s/sitibadriah.html
Siuzanna (Сюзанна),https://www.azlyrics.com/s/siuzanna.html
"Sivan, Troye",https://www.azlyrics.com/t/troyesivan.html
Sivas,https://www.azlyrics.com/s/sivas.html
"Siwa, JoJo",https://www.azlyrics.com/j/jojosiwa.html
Six60,https://www.azlyrics.com/s/six60.html
Six Feet Under,https://www.azlyrics.com/s/sixfeetunder.html
Six Part Invention,https://www.azlyrics.com/s/sixpartinvention.html
Sixpence None The Richer,https://www.azlyrics.com/s/sixpence.html
Six: The Musical Cast,https://www.azlyrics.com/s/sixthemusicalcast.html
Sixx:A.M.,https://www.azlyrics.com/s/sixxam.html
Siyeon,https://www.azlyrics.com/s/siyeon.html
Sizzla,https://www.azlyrics.com/s/sizzla.html
Sjowgren,https://www.azlyrics.com/s/sjowgren.html
SJUR,https://www.azlyrics.com/s/sjur.html
"Skaggs, Ricky",https://www.azlyrics.com/r/rickyskaggs.html
Skan,https://www.azlyrics.com/s/skan.html
Ska-P,https://www.azlyrics.com/s/skap.html
Skarlett Riot,https://www.azlyrics.com/s/skarlettriot.html
Skate,https://www.azlyrics.com/s/skate.html
Skee-Lo,https://www.azlyrics.com/s/skeelo.html
Skeeter Davis,https://www.azlyrics.com/s/skeeterdavis.html
Skegss,https://www.azlyrics.com/s/skegss.html
Skeme,https://www.azlyrics.com/s/skeme.html
Skengdo x A.M,https://www.azlyrics.com/s/skengdoxam.html
Skepta,https://www.azlyrics.com/s/skepta.html
Skid Row,https://www.azlyrics.com/s/skidrow.html
Skillet,https://www.azlyrics.com/s/skillet.html
"Ski Mask ""The Slump God""",https://www.azlyrics.com/s/skimasktheslumpgod.html
SkinBone,https://www.azlyrics.com/s/skinbone.html
Skindred,https://www.azlyrics.com/s/skindred.html
Skinnyfromthe9,https://www.azlyrics.com/s/skinnyfromthe9.html
Skinny Living,https://www.azlyrics.com/s/skinnyliving.html
Skinny Puppy,https://www.azlyrics.com/s/skinnypuppy.html
Skinshape,https://www.azlyrics.com/s/skinshape.html
"Skints, The",https://www.azlyrics.com/s/skints.html
Skinz,https://www.azlyrics.com/s/skinz.html
Skioffi,https://www.azlyrics.com/s/skioffi.html
Skip Marley,https://www.azlyrics.com/s/skipmarley.html
Skippa Da Flippa,https://www.azlyrics.com/s/skippadaflippa.html
Skip The Use,https://www.azlyrics.com/s/skiptheuse.html
sKitz Kraven,https://www.azlyrics.com/s/skitzkraven.html
Skizzy Mars,https://www.azlyrics.com/s/skizzymars.html
Skooly,https://www.azlyrics.com/s/skooly.html
Skott,https://www.azlyrics.com/s/skott.html
Skrillex,https://www.azlyrics.com/s/skrillex.html
Skrizzly Adams,https://www.azlyrics.com/s/skrizzlyadams.html
Skull Fist,https://www.azlyrics.com/s/skullfist.html
Skunk Anansie,https://www.azlyrics.com/s/skunk.html
Skusta Clee,https://www.azlyrics.com/s/skustaclee.html
"Skye, Daniel",https://www.azlyrics.com/d/danielskye.html
"Skye, Justine",https://www.azlyrics.com/j/justineskye.html
Skye Sweetnam,https://www.azlyrics.com/s/skyesweetnam.html
Sky Ferreira,https://www.azlyrics.com/s/skyferreira.html
Skyharbor,https://www.azlyrics.com/s/skyharbor.html
Skyhooks,https://www.azlyrics.com/s/skyhooks.html
"Sky, Katie",https://www.azlyrics.com/k/katiesky.html
Skylar Grey,https://www.azlyrics.com/s/skylargrey.html
Skylar Stecker,https://www.azlyrics.com/s/skylarstecker.html
Skyler Stonestreet,https://www.azlyrics.com/s/skylerstonestreet.html
"Skylit Drive, A",https://www.azlyrics.com/s/skylitdrive.html
SKYND,https://www.azlyrics.com/s/skynd.html
Sky Sailing,https://www.azlyrics.com/s/skysailing.html
Skyzoo,https://www.azlyrics.com/s/skyzoo.html
SL,https://www.azlyrics.com/s/sl.html
Slade,https://www.azlyrics.com/s/slade.html
Slaine,https://www.azlyrics.com/s/slaine.html
Slait,https://www.azlyrics.com/d/djslait.html
SLANDER,https://www.azlyrics.com/s/slander.html
Slank,https://www.azlyrics.com/s/slank.html
Slapshock,https://www.azlyrics.com/s/slapshock.html
Slash,https://www.azlyrics.com/s/slash.html
"Slater, David",https://www.azlyrics.com/d/davidslater.html
Slaughter,https://www.azlyrics.com/s/slaughter.html
Slaughterhouse,https://www.azlyrics.com/s/slaughterhouse.html
Slaughter To Prevail,https://www.azlyrics.com/s/slaughtertoprevail.html
Slava KPSS (Слава КПСС),https://www.azlyrics.com/s/slavakpss.html
SLAVA MARLOW,https://www.azlyrics.com/s/slavamarlow.html
Slave,https://www.azlyrics.com/s/slave.html
Slaves,https://www.azlyrics.com/s/slaves.html
Slaves,https://www.azlyrics.com/s/slavesuk.html
Slayer,https://www.azlyrics.com/s/slayer.html
Slayyyter,https://www.azlyrics.com/s/slayyyter.html
Sleaford Mods,https://www.azlyrics.com/s/sleafordmods.html
Sleater-Kinney,https://www.azlyrics.com/s/sleaterkinney.html
"Sledge, Percy",https://www.azlyrics.com/p/percysledge.html
Sleep,https://www.azlyrics.com/s/sleep.html
Sleeper,https://www.azlyrics.com/s/sleeper.html
Sleeper Agent,https://www.azlyrics.com/s/sleeperagent.html
Sleeperstar,https://www.azlyrics.com/s/sleeperstar.html
Sleeping At Last,https://www.azlyrics.com/s/sleepingatlast.html
Sleeping Giant,https://www.azlyrics.com/s/sleepinggiant.html
Sleeping With Sirens,https://www.azlyrics.com/s/sleepingwithsirens.html
Sleep On It,https://www.azlyrics.com/s/sleeponit.html
Sleep Token,https://www.azlyrics.com/s/sleeptoken.html
Sleepy Brown,https://www.azlyrics.com/s/sleepybrown.html
Sleepy Hallow,https://www.azlyrics.com/s/sleepyhallow.html
Sleigh Bells,https://www.azlyrics.com/s/sleighbells.html
slenderbodies,https://www.azlyrics.com/s/slenderbodies.html
Slick Rick,https://www.azlyrics.com/s/slickrick.html
Slick Shoes,https://www.azlyrics.com/s/slickshoes.html
Slightly Stoopid,https://www.azlyrics.com/s/slightlystoopid.html
Slimane,https://www.azlyrics.com/s/slimane.html
Slim Dusty,https://www.azlyrics.com/s/slimdusty.html
Slim Jesus,https://www.azlyrics.com/s/slimjesus.html
Slim Jxmmi,https://www.azlyrics.com/s/slimjxmmi.html
Slim Thug,https://www.azlyrics.com/s/slimthug.html
Slipknot,https://www.azlyrics.com/s/slipknot.html
Sloan,https://www.azlyrics.com/s/sloan.html
Słoń,https://www.azlyrics.com/s/slon.html
Slothrust,https://www.azlyrics.com/s/slothrust.html
Slow Coming Day,https://www.azlyrics.com/s/slowcomingday.html
Slowdive,https://www.azlyrics.com/s/slowdive.html
Slowly Slowly,https://www.azlyrics.com/s/slowlyslowly.html
Slow Moving Millie,https://www.azlyrics.com/s/slowmovingmillie.html
slowthai,https://www.azlyrics.com/s/slowthai.html
"S.L.P., The",https://www.azlyrics.com/s/slp.html
Slum Village,https://www.azlyrics.com/s/slumvillage.html
Slushii,https://www.azlyrics.com/s/slushii.html
Sly & The Family Stone,https://www.azlyrics.com/s/slythefamilystone.html
Small Faces,https://www.azlyrics.com/s/smallfaces.html
"Small, McKenzie",https://www.azlyrics.com/m/mckenziesmall.html
"Small, Millie",https://www.azlyrics.com/m/milliesmall.html
Smallpools,https://www.azlyrics.com/s/smallpools.html
"Smalls, Haley",https://www.azlyrics.com/h/haleysmalls.html
"Smallwood, Richard",https://www.azlyrics.com/r/richardsmallwood.html
"Smart, Craig",https://www.azlyrics.com/c/craigsmart.html
Smash Cast,https://www.azlyrics.com/s/smashcast.html
Smashing Pumpkins,https://www.azlyrics.com/s/smashing.html
Smash Into Pieces,https://www.azlyrics.com/s/smashintopieces.html
Smash Mouth,https://www.azlyrics.com/s/smashmouth.html
"Smiff, Mike",https://www.azlyrics.com/m/mikesmiff.html
Smile Empty Soul,https://www.azlyrics.com/s/smileempty.html
Smiley,https://www.azlyrics.com/s/smiley.html
Smilez And Southstar,https://www.azlyrics.com/s/smilez.html
Smino,https://www.azlyrics.com/s/smino.html
"Smith, Aaron",https://www.azlyrics.com/a/aaronsmith.html
"Smith, April",https://www.azlyrics.com/a/aprilsmith.html
"Smith, Caitlyn",https://www.azlyrics.com/c/caitlynsmith.html
"Smith, Cal",https://www.azlyrics.com/c/calsmith.html
"Smith, Canaan",https://www.azlyrics.com/c/canaansmith.html
"Smith, Connie",https://www.azlyrics.com/c/conniesmith.html
"Smith, Corey",https://www.azlyrics.com/c/coreysmith.html
"Smith, Dallas",https://www.azlyrics.com/d/dallassmith.html
"Smith, Elliott",https://www.azlyrics.com/e/elliottsmith.html
"Smithereens, The",https://www.azlyrics.com/s/smithereens.html
Smithfield,https://www.azlyrics.com/s/smithfield.html
"Smith, Granger",https://www.azlyrics.com/g/grangersmith.html
"Smith, Jaden",https://www.azlyrics.com/j/jadensmith.html
"Smith, James",https://www.azlyrics.com/j/jamessmith.html
"Smith, Jerry",https://www.azlyrics.com/j/jerrysmith.html
"Smith, Jordan",https://www.azlyrics.com/j/jordansmith.html
"Smith, Jorja",https://www.azlyrics.com/j/jorjasmith.html
"Smith, Michael W.",https://www.azlyrics.com/m/michaelwsmith.html
"Smith, Mindy",https://www.azlyrics.com/s/smithm.html
"Smith, Patti",https://www.azlyrics.com/p/pattismith.html
"Smiths, The",https://www.azlyrics.com/s/smiths.html
Smith & Thell,https://www.azlyrics.com/s/smiththell.html
Smith Westerns,https://www.azlyrics.com/s/smithwesterns.html
"Smith, Will",https://www.azlyrics.com/s/smith.html
"Smith, Willow",https://www.azlyrics.com/w/willowsmith.html
Smoke DZA,https://www.azlyrics.com/s/smokedza.html
Smokepurpp,https://www.azlyrics.com/s/smokepurpp.html
Smokey Robinson,https://www.azlyrics.com/s/smokeyrobinson.html
Smokey Robinson & The Miracles,https://www.azlyrics.com/s/smokeyrobinsonthemiracles.html
Smokie,https://www.azlyrics.com/s/smokie.html
Smokie Norful,https://www.azlyrics.com/s/smokienorful.html
Smoky Mo (Смоки Мо),https://www.azlyrics.com/s/smokymo.html
Smolasty,https://www.azlyrics.com/s/smolasty.html
Smooky MarGielaa,https://www.azlyrics.com/s/smookymargielaa.html
Smoove'L,https://www.azlyrics.com/s/smoovel.html
Smosh,https://www.azlyrics.com/s/smosh.html
Smrtdeath,https://www.azlyrics.com/s/smrtdeath.html
Smugglaz,https://www.azlyrics.com/s/smugglaz.html
"Smyth, Patty",https://www.azlyrics.com/p/pattysmyth.html
Snail Mail,https://www.azlyrics.com/s/snailmail.html
Snakehips,https://www.azlyrics.com/s/snakehips.html
Sneakbo,https://www.azlyrics.com/s/sneakbo.html
Sneaker Pimps,https://www.azlyrics.com/s/sneakerpimps.html
Sneazzy,https://www.azlyrics.com/s/sneazzy.html
"Sneddon, David",https://www.azlyrics.com/s/sneddon.html
Snelle,https://www.azlyrics.com/s/snelle.html
"Snider, Dee",https://www.azlyrics.com/d/deesnider.html
"Snider, Todd",https://www.azlyrics.com/t/toddsnider.html
Sniff 'N' The Tears,https://www.azlyrics.com/s/sniffnthetears.html
Snik,https://www.azlyrics.com/s/snik.html
Sniper,https://www.azlyrics.com/s/sniper.html
Snoh Aalegra,https://www.azlyrics.com/s/snohaalegra.html
Snoop Dogg,https://www.azlyrics.com/s/snoopdogg.html
Snootie Wild,https://www.azlyrics.com/s/snootiewild.html
Snot,https://www.azlyrics.com/s/snot.html
Snow,https://www.azlyrics.com/s/snow.html
Snow Ghosts,https://www.azlyrics.com/s/snowghosts.html
"Snow, Hank",https://www.azlyrics.com/h/hanksnow.html
Snowmine,https://www.azlyrics.com/s/snowmine.html
Snow Patrol,https://www.azlyrics.com/s/snowpatrol.html
"Snow, Phoebe",https://www.azlyrics.com/p/phoebesnow.html
Snowsa,https://www.azlyrics.com/s/snowsa.html
Snow Tha Product,https://www.azlyrics.com/s/snowthaproduct.html
"Snuts, The",https://www.azlyrics.com/s/snuts.html
SOAK,https://www.azlyrics.com/s/soak.html
Soapdish,https://www.azlyrics.com/s/soapdish.html
Sobel,https://www.azlyrics.com/s/sobel.html
"Sobiech, Zach",https://www.azlyrics.com/z/zachsobiech.html
SOB x RBE,https://www.azlyrics.com/s/sobxrbe.html
Soccer Mommy,https://www.azlyrics.com/s/soccermommy.html
Socialburn,https://www.azlyrics.com/s/socialburn.html
Social Club Misfits,https://www.azlyrics.com/s/socialclubmisfits.html
Social Distortion,https://www.azlyrics.com/s/socialdistortion.html
Social House,https://www.azlyrics.com/s/socialhouse.html
Social Repose,https://www.azlyrics.com/s/socialrepose.html
Soda Stereo,https://www.azlyrics.com/s/sodastereo.html
Sodom,https://www.azlyrics.com/s/sodom.html
Sody,https://www.azlyrics.com/s/sody.html
Soen,https://www.azlyrics.com/s/soen.html
Sofia Carson,https://www.azlyrics.com/s/sofiacarson.html
Sofia Karlberg,https://www.azlyrics.com/s/sofiakarlberg.html
sofia mills,https://www.azlyrics.com/s/sofiamills.html
Sofiane,https://www.azlyrics.com/s/sofiane.html
Sofia Reyes,https://www.azlyrics.com/s/sofiareyes.html
Sofi Tukker,https://www.azlyrics.com/s/sofitukker.html
Soft Cell,https://www.azlyrics.com/s/softcell.html
Soft Hair,https://www.azlyrics.com/s/softhair.html
SOHN,https://www.azlyrics.com/s/sohn.html
Soil,https://www.azlyrics.com/s/soil.html
"Soil, The",https://www.azlyrics.com/s/soilthe.html
Soilwork,https://www.azlyrics.com/s/soilwork.html
SOJA,https://www.azlyrics.com/s/soja.html
SoKo,https://www.azlyrics.com/s/soko.html
Sokół,https://www.azlyrics.com/s/sokol.html
Sokrat St,https://www.azlyrics.com/s/sokratst.html
"Sokyrka, Theresa",https://www.azlyrics.com/t/theresasokyrka.html
Sol,https://www.azlyrics.com/s/sol.html
Solange Knowles,https://www.azlyrics.com/k/knowless.html
Solar,https://www.azlyrics.com/s/solar.html
Soldier Kidd,https://www.azlyrics.com/s/soldierkidd.html
"Soler, Alvaro",https://www.azlyrics.com/a/alvarosoler.html
"Solis, Marco Antonio",https://www.azlyrics.com/m/marcoantoniosolis.html
Solomon Burke,https://www.azlyrics.com/s/solomonburke.html
Solstafir,https://www.azlyrics.com/s/solstafir.html
Soluna,https://www.azlyrics.com/s/soluna.html
"Solveig, Martin",https://www.azlyrics.com/m/martinsolveig.html
Somaya Reece,https://www.azlyrics.com/s/somayareece.html
Somedaydream,https://www.azlyrics.com/s/somedaydream.html
SomeKindaWonderful,https://www.azlyrics.com/s/somekindawonderful.html
"Somerville, Amanda",https://www.azlyrics.com/a/amandasomerville.html
Something Corporate,https://www.azlyrics.com/s/something.html
SomeThingElseYT,https://www.azlyrics.com/s/somethingelseyt.html
Somewhere Else,https://www.azlyrics.com/s/somewhereelse.html
Somi,https://www.azlyrics.com/s/somi.html
SoMo,https://www.azlyrics.com/s/somo.html
Sonata Arctica,https://www.azlyrics.com/s/sonataarctica.html
Son By Four,https://www.azlyrics.com/s/sonbyfour.html
Sonder,https://www.azlyrics.com/s/sonder.html
Sondia,https://www.azlyrics.com/s/sondia.html
Sonia Dada,https://www.azlyrics.com/s/soniadada.html
Sonic Syndicate,https://www.azlyrics.com/s/sonicsyndicate.html
Sonic Youth,https://www.azlyrics.com/s/sonicyouth.html
Sonique,https://www.azlyrics.com/s/sonique.html
Son Little,https://www.azlyrics.com/s/sonlittle.html
Son Lux,https://www.azlyrics.com/s/sonlux.html
Sonna Rele,https://www.azlyrics.com/s/sonnarele.html
Sonny Alven,https://www.azlyrics.com/s/sonnyalven.html
Sonny & Cher,https://www.azlyrics.com/s/sonnycher.html
Son Of Dork,https://www.azlyrics.com/s/sonofdork.html
SonReal,https://www.azlyrics.com/s/sonreal.html
Sons Of Apollo,https://www.azlyrics.com/s/sonsofapollo.html
Sons Of The East,https://www.azlyrics.com/s/sonsoftheeast.html
Sons Of The Sea,https://www.azlyrics.com/s/sonsofthesea.html
Sons Of Zion,https://www.azlyrics.com/s/sonsofzion.html
Sonta,https://www.azlyrics.com/s/sonta.html
Sơn Tùng M-TP,https://www.azlyrics.com/s/sontungmtp.html
Soolking,https://www.azlyrics.com/s/soolking.html
"Soot, Wilbur",https://www.azlyrics.com/w/wilbursoot.html
Sophia Grace,https://www.azlyrics.com/s/sophiagrace.html
SOPHIE,https://www.azlyrics.com/s/sophie.html
Sophie B. Hawkins,https://www.azlyrics.com/s/sophiebhawkins.html
Sophie Ellis-Bextor,https://www.azlyrics.com/b/bextor.html
Sophie Hunger,https://www.azlyrics.com/s/sophiehunger.html
sophiemarie.b,https://www.azlyrics.com/s/sophiemarieb.html
Sophie Meiers,https://www.azlyrics.com/s/sophiemeiers.html
Sophie Rose,https://www.azlyrics.com/s/sophierose.html
Soprano,https://www.azlyrics.com/s/soprano.html
"Soraia, Charlene",https://www.azlyrics.com/c/charlenesoraia.html
"Sora, Lee",https://www.azlyrics.com/l/leesora.html
Sorcha Richardson,https://www.azlyrics.com/s/sorcharichardson.html
Sorority Noise,https://www.azlyrics.com/s/sororitynoise.html
Sorriso Maroto,https://www.azlyrics.com/s/sorrisomaroto.html
Sosamann,https://www.azlyrics.com/s/sosamann.html
"S.O.S. Band, The",https://www.azlyrics.com/s/sosband.html
SosMula,https://www.azlyrics.com/s/sosmula.html
So Solid Crew,https://www.azlyrics.com/s/sosolidcrew.html
Soso Maness,https://www.azlyrics.com/s/sosomaness.html
"Sostre, Eli",https://www.azlyrics.com/e/elisostre.html
"Souchon, Alain",https://www.azlyrics.com/a/alainsouchon.html
Soufian,https://www.azlyrics.com/s/soufian.html
Soul Asylum,https://www.azlyrics.com/s/soulasylum.html
Soul Coughing,https://www.azlyrics.com/s/soulcoughing.html
Soul Decision,https://www.azlyrics.com/s/souldecision.html
Soulfly,https://www.azlyrics.com/s/soulfly.html
Soul For Real,https://www.azlyrics.com/s/soulforreal.html
Soulja Boy,https://www.azlyrics.com/s/souljaboy.html
Soulja Slim,https://www.azlyrics.com/s/souljaslim.html
Soulsavers,https://www.azlyrics.com/s/soulsavers.html
Soulstice,https://www.azlyrics.com/s/soulstice.html
Soundgarden,https://www.azlyrics.com/s/soundgarden.html
Sounds Like Harmony,https://www.azlyrics.com/s/soundslikeharmony.html
"Sounds, The",https://www.azlyrics.com/s/sounds.html
South Border,https://www.azlyrics.com/s/southborder.html
South Park Mexican,https://www.azlyrics.com/s/spm.html
Soy Luna Cast,https://www.azlyrics.com/s/soylunacast.html
Soyou,https://www.azlyrics.com/s/soyou.html
Space,https://www.azlyrics.com/s/space.html
Spacehog,https://www.azlyrics.com/s/spacehog.html
Spacey Jane,https://www.azlyrics.com/s/spaceyjane.html
"Spalding, Esperanza",https://www.azlyrics.com/e/esperanzaspalding.html
Spandau Ballet,https://www.azlyrics.com/s/spandauballet.html
Spanish Love Songs,https://www.azlyrics.com/s/spanishlovesongs.html
Spanker,https://www.azlyrics.com/s/spanker.html
Sparkle,https://www.azlyrics.com/s/sparkle.html
Sparklehorse,https://www.azlyrics.com/s/sparklehorse.html
Sparks,https://www.azlyrics.com/s/sparks.html
"Sparks, Clinton",https://www.azlyrics.com/c/clintonsparks.html
"Sparks, Jordin",https://www.azlyrics.com/j/jordinsparks.html
"Sparks, Will",https://www.azlyrics.com/w/willsparks.html
Sparta,https://www.azlyrics.com/s/sparta.html
Speaker Knockerz,https://www.azlyrics.com/s/speakerknockerz.html
Speak Low If You Speak Love,https://www.azlyrics.com/s/speaklowifyouspeaklove.html
"Speaks, The",https://www.azlyrics.com/s/speaks.html
"Spears, Britney",https://www.azlyrics.com/s/spears.html
"Spears, Jamie Lynn",https://www.azlyrics.com/j/jamielynnspears.html
Special D,https://www.azlyrics.com/s/speciald.html
"Specials, The",https://www.azlyrics.com/s/specials.html
"Specktators, The",https://www.azlyrics.com/s/specktators.html
Speech Patterns,https://www.azlyrics.com/s/speechpatterns.html
Speed Gang,https://www.azlyrics.com/s/speedgang.html
Speedy Ortiz,https://www.azlyrics.com/s/speedyortiz.html
"Speight, Tom",https://www.azlyrics.com/t/tomspeight.html
"Spektor, Regina",https://www.azlyrics.com/r/reginaspektor.html
Spencer Crandall,https://www.azlyrics.com/s/spencercrandall.html
"Spencer Davis Group, The",https://www.azlyrics.com/s/spencerdavisgroup.html
Spencer Lee,https://www.azlyrics.com/s/spencerlee.html
"Spencer Lee Band, The",https://www.azlyrics.com/s/spencerleeband.html
Spice,https://www.azlyrics.com/s/spice9187.html
Spice Girls,https://www.azlyrics.com/s/spice.html
"Spice, Richie",https://www.azlyrics.com/r/richiespice.html
Spider ZED,https://www.azlyrics.com/s/spiderzed.html
Spillage Village,https://www.azlyrics.com/s/spillagevillage.html
"Spill Canvas, The",https://www.azlyrics.com/s/spillcanvas.html
Spinal Tap,https://www.azlyrics.com/s/spinaltap.html
Spin Doctors,https://www.azlyrics.com/s/spindoctors.html
Spineshank,https://www.azlyrics.com/s/spineshank.html
"Spinners, The",https://www.azlyrics.com/s/spinners.html
Spiritbox,https://www.azlyrics.com/s/spiritbox.html
Spiritualized,https://www.azlyrics.com/s/spiritualized.html
Spite,https://www.azlyrics.com/s/spite.html
Splender,https://www.azlyrics.com/s/splender.html
Split Enz,https://www.azlyrics.com/s/splitenz.html
"Splithoff, John",https://www.azlyrics.com/j/johnsplithoff.html
Splurge,https://www.azlyrics.com/s/splurge.html
Spock's Beard,https://www.azlyrics.com/s/spocksbeard.html
Spoken,https://www.azlyrics.com/s/spoken.html
Sponge,https://www.azlyrics.com/s/sponge.html
SpongeBOZZ,https://www.azlyrics.com/s/spongebozz.html
Sponge Cola,https://www.azlyrics.com/s/spongecola.html
Spooks,https://www.azlyrics.com/s/spooks.html
Spoon,https://www.azlyrics.com/s/spoon.html
Spose,https://www.azlyrics.com/s/spose.html
"Spraggan, Lucy",https://www.azlyrics.com/l/lucyspraggan.html
"Springfield, Dusty",https://www.azlyrics.com/d/dustyspringfield.html
"Springfield, Rick",https://www.azlyrics.com/r/rickspringfield.html
"Springsteen, Bruce",https://www.azlyrics.com/s/springsteen.html
S.Pri Noir,https://www.azlyrics.com/s/sprinoir.html
Squeeze,https://www.azlyrics.com/s/squeeze.html
Squeezie,https://www.azlyrics.com/s/squeezie.html
"Squier, Billy",https://www.azlyrics.com/b/billysquier.html
SQWOZ BAB,https://www.azlyrics.com/s/sqwozbab.html
SR-71,https://www.azlyrics.com/s/sr71.html
Srbuk,https://www.azlyrics.com/s/srbuk.html
SSAK3,https://www.azlyrics.com/s/ssak3.html
SSIO,https://www.azlyrics.com/s/ssio.html
ssshhhiiittt!,https://www.azlyrics.com/s/ssshhhiiittt.html
S!sters,https://www.azlyrics.com/s/ssters.html
Stabbing Westward,https://www.azlyrics.com/s/stabbing.html
Stabilo,https://www.azlyrics.com/s/stabilo.html
"Stacey, Phil",https://www.azlyrics.com/p/philstacey.html
Stacey Q,https://www.azlyrics.com/s/staceyq.html
Stacie Orrico,https://www.azlyrics.com/o/orrico.html
Stacy Barthe,https://www.azlyrics.com/s/stacybarthe.html
Stacy Lattisaw,https://www.azlyrics.com/s/stacylattisaw.html
Stage,https://www.azlyrics.com/s/stage.html
Stagga Lee,https://www.azlyrics.com/s/stagga.html
Staind,https://www.azlyrics.com/s/staind.html
Stalking Gia,https://www.azlyrics.com/s/stalkinggia.html
Stalley,https://www.azlyrics.com/s/stalley.html
"Stampley, Micah",https://www.azlyrics.com/m/micahstampley.html
Stanaj,https://www.azlyrics.com/s/stanaj.html
"Stan, Alexandra",https://www.azlyrics.com/a/alexandrastan.html
Stand Atlantic,https://www.azlyrics.com/s/standatlantic.html
Stand High Patrol,https://www.azlyrics.com/s/standhighpatrol.html
"Stanfill, Kristian",https://www.azlyrics.com/k/kristianstanfill.html
Stanfour,https://www.azlyrics.com/s/stanfour.html
"Stanković, Milan",https://www.azlyrics.com/m/milanstankovic.html
"Stanley, Paul",https://www.azlyrics.com/p/paulstanley.html
"Stannard, Leo",https://www.azlyrics.com/l/leostannard.html
Stan Rogers,https://www.azlyrics.com/s/stanrogers.html
"Stansfield, Lisa",https://www.azlyrics.com/l/lisastansfield.html
Stan Walker,https://www.azlyrics.com/s/stanwalker.html
"Staple Singers, The",https://www.azlyrics.com/s/staplesingers.html
"Staples, Mavis",https://www.azlyrics.com/m/mavisstaples.html
"Staples, Vince",https://www.azlyrics.com/v/vincestaples.html
"Stapleton, Chris",https://www.azlyrics.com/c/chrisstapleton.html
Starbenders,https://www.azlyrics.com/s/starbenders.html
Starbomb,https://www.azlyrics.com/s/starbomb.html
Star Cast,https://www.azlyrics.com/s/starcast.html
Starcrawler,https://www.azlyrics.com/s/starcrawler.html
Stardust,https://www.azlyrics.com/s/stardust.html
Starfield,https://www.azlyrics.com/s/starfield.html
Stargate,https://www.azlyrics.com/s/stargate.html
"Star, Jeffree",https://www.azlyrics.com/j/jeffreestar.html
Starland Vocal Band,https://www.azlyrics.com/s/starlandvocalband.html
Starley,https://www.azlyrics.com/s/starley.html
Starlito,https://www.azlyrics.com/s/starlito.html
"Starr, Edwin",https://www.azlyrics.com/e/edwinstarr.html
"Starr, Ringo",https://www.azlyrics.com/r/ringostarr.html
"Star, Ryan",https://www.azlyrics.com/r/ryanstar.html
Stars,https://www.azlyrics.com/s/stars.html
Starsailor,https://www.azlyrics.com/s/starsailor.html
Stars And Rabbit,https://www.azlyrics.com/s/starsandrabbit.html
Starset,https://www.azlyrics.com/s/starset.html
Stars Go Dim,https://www.azlyrics.com/s/starsgodim.html
"Starting Line, The",https://www.azlyrics.com/s/startingline.html
State Champs,https://www.azlyrics.com/s/statechamps.html
Stateless,https://www.azlyrics.com/s/stateless.html
State Of Shock,https://www.azlyrics.com/s/stateofshock.html
State Of Sound,https://www.azlyrics.com/s/stateofsound.html
State Radio,https://www.azlyrics.com/s/stateradio.html
Static & Ben El,https://www.azlyrics.com/s/staticbenel.html
Static-X,https://www.azlyrics.com/s/staticx.html
"Statler Brothers, The",https://www.azlyrics.com/s/statlerbrothers.html
"Staton, Candi",https://www.azlyrics.com/c/candistaton.html
Status Quo,https://www.azlyrics.com/s/statusquo.html
"Stauber, Jack",https://www.azlyrics.com/j/jackstauber.html
"Staves, The",https://www.azlyrics.com/s/staves.html
STAYC,https://www.azlyrics.com/s/stayc.html
StaySolidRocky,https://www.azlyrics.com/s/staysolidrocky.html
Stealers Wheel,https://www.azlyrics.com/s/stealerswheel.html
Stealing Sheep,https://www.azlyrics.com/s/stealingsheep.html
Steam,https://www.azlyrics.com/s/steam.html
Steam Powered Giraffe,https://www.azlyrics.com/s/steampoweredgiraffe.html
Steel Banglez,https://www.azlyrics.com/s/steelbanglez.html
"SteelDrivers, The",https://www.azlyrics.com/s/steeldrivers.html
"Steele, Cassie",https://www.azlyrics.com/c/cassiesteele.html
Steelheart,https://www.azlyrics.com/s/steelheart.html
Steel Magnolia,https://www.azlyrics.com/s/steelmagnolia.html
"Steel, Melissa",https://www.azlyrics.com/m/melissasteel.html
Steel Panther,https://www.azlyrics.com/s/steelpanther.html
Steel Train,https://www.azlyrics.com/s/steeltrain.html
"Steel Woods, The",https://www.azlyrics.com/s/steelwoods.html
Steely Dan,https://www.azlyrics.com/s/steelydan.html
"Stefani, Gwen",https://www.azlyrics.com/g/gwenstefani.html
Stefano,https://www.azlyrics.com/s/stefano.html
Steffany Gretzinger,https://www.azlyrics.com/s/steffanygretzinger.html
Stefflon Don,https://www.azlyrics.com/s/stefflondon.html
"Steinbakken, Emma",https://www.azlyrics.com/e/emmasteinbakken.html
"Steinfeld, Hailee",https://www.azlyrics.com/h/haileesteinfeld.html
Stella Donnelly,https://www.azlyrics.com/s/stelladonnelly.html
Stella Jang,https://www.azlyrics.com/s/stellajang.html
"Stella, Lennon",https://www.azlyrics.com/l/lennonstella.html
Stellar,https://www.azlyrics.com/s/stellar.html
Stellar Kart,https://www.azlyrics.com/s/stellarkart.html
Stella Soleil,https://www.azlyrics.com/s/soleil.html
Stellastarr*,https://www.azlyrics.com/s/stellastarr.html
"Stell, Matt",https://www.azlyrics.com/m/mattstell.html
StéLouse,https://www.azlyrics.com/s/stlouse.html
"Stengel, Georg",https://www.azlyrics.com/g/georgstengel.html
"Stenström, Thomas",https://www.azlyrics.com/t/thomasstenstrom.html
Stephanie Mabey,https://www.azlyrics.com/s/stephaniemabey.html
Stephanie McIntosh,https://www.azlyrics.com/s/stephaniemcintosh.html
Stephanie Mills,https://www.azlyrics.com/s/stephaniemills.html
Stephanie Poetri,https://www.azlyrics.com/s/stephaniepoetri.html
Stephen,https://www.azlyrics.com/s/stephen.html
Stephen Bishop,https://www.azlyrics.com/s/stephenbishop.html
Stephen Jerzak,https://www.azlyrics.com/s/stephenjerzak.html
Stephen Lynch,https://www.azlyrics.com/s/stephenlynch.html
Stephen Malkmus & The Jicks,https://www.azlyrics.com/s/stephenmalkmusthejicks.html
Stephen Marley,https://www.azlyrics.com/s/stephenmarley.html
Stephen Puth,https://www.azlyrics.com/s/stephenputh.html
Stephen Speaks,https://www.azlyrics.com/s/stephenspeaks.html
Stephen Stills,https://www.azlyrics.com/s/stephenstills.html
Steppenwolf,https://www.azlyrics.com/s/steppenwolf.html
Steps,https://www.azlyrics.com/s/steps.html
Stereo Fuse,https://www.azlyrics.com/s/stereofuse.html
Stereo Kicks,https://www.azlyrics.com/s/stereokicks.html
Stereolab,https://www.azlyrics.com/s/stereolab.html
Stereomud,https://www.azlyrics.com/s/stereomud.html
Stereophonics,https://www.azlyrics.com/s/stereophonics.html
Stereos,https://www.azlyrics.com/s/stereos.html
Stereo Skyline,https://www.azlyrics.com/s/stereoskyline.html
Steriogram,https://www.azlyrics.com/s/steriogram.html
Sterling Knight,https://www.azlyrics.com/s/sterlingknight.html
Sterling Simms,https://www.azlyrics.com/s/sterlingsimms.html
Steve Angello,https://www.azlyrics.com/s/steveangello.html
Steve Aoki,https://www.azlyrics.com/s/steveaoki.html
Steve Crown,https://www.azlyrics.com/s/stevecrown.html
Steve Earle,https://www.azlyrics.com/s/steveearle.html
Steve Grand,https://www.azlyrics.com/s/stevegrand.html
Steve Hackett,https://www.azlyrics.com/s/stevehackett.html
Steve Harley,https://www.azlyrics.com/s/steveharley.html
Steve Holy,https://www.azlyrics.com/s/steveholy.html
Steve Lacy,https://www.azlyrics.com/s/stevelacy.html
"Steve Miller Band, The",https://www.azlyrics.com/s/stevemillerband.html
Steve Moakler,https://www.azlyrics.com/s/stevemoakler.html
Steven Curtis Chapman,https://www.azlyrics.com/s/stevencurtischapman.html
Steven Lee Olsen,https://www.azlyrics.com/s/stevenleeolsen.html
Steven Malcolm,https://www.azlyrics.com/s/stevenmalcolm.html
"Stevens, Dan",https://www.azlyrics.com/d/danstevens.html
"Stevenson, Ryan",https://www.azlyrics.com/r/ryanstevenson.html
"Stevens, Rachel",https://www.azlyrics.com/s/stevens.html
"Stevens, Ray",https://www.azlyrics.com/r/raystevens.html
"Stevens, Tate",https://www.azlyrics.com/t/tatestevens.html
Steven Tyler,https://www.azlyrics.com/s/steventyler.html
Steven Wilson,https://www.azlyrics.com/s/stevenwilson.html
Steve Perry,https://www.azlyrics.com/s/steveperry.html
Steve Void,https://www.azlyrics.com/s/stevevoid.html
Steve Wariner,https://www.azlyrics.com/s/stevewariner.html
Steve Winwood,https://www.azlyrics.com/s/stevewinwood.html
Stevie Appleton,https://www.azlyrics.com/s/stevieappleton.html
Stevie B,https://www.azlyrics.com/s/stevieb.html
Stevie Brock,https://www.azlyrics.com/b/brock.html
Stevie Hoang,https://www.azlyrics.com/s/steviehoang.html
Stevie Nicks,https://www.azlyrics.com/n/nicks.html
Stevie Ray Vaughan,https://www.azlyrics.com/v/vaughan.html
Stevie Stone,https://www.azlyrics.com/s/steviestone.html
Stevie Wonder,https://www.azlyrics.com/w/wonder.html
"Stewart, Al",https://www.azlyrics.com/a/alstewart.html
"Stewart, JC",https://www.azlyrics.com/j/jcstewart.html
"Stewart, John",https://www.azlyrics.com/j/johnstewart.html
"Stewart, Kaya",https://www.azlyrics.com/k/kayastewart.html
"Stewart, Lance",https://www.azlyrics.com/l/lancestewart.html
"Stewart, Rod",https://www.azlyrics.com/s/stewart.html
Stick Figgas,https://www.azlyrics.com/s/stickfiggas.html
Stick Figure,https://www.azlyrics.com/s/stickfigure.html
Stick To Your Guns,https://www.azlyrics.com/s/sticktoyourguns.html
Sticky Fingers,https://www.azlyrics.com/s/stickyfingers.html
Stiff Little Fingers,https://www.azlyrics.com/s/stifflittlefingers.html
Stiftelsen,https://www.azlyrics.com/s/stiftelsen.html
Still Corners,https://www.azlyrics.com/s/stillcorners.html
Still Fresh,https://www.azlyrics.com/s/stillfresh.html
Still Remains,https://www.azlyrics.com/s/stillremains.html
"Stills, The",https://www.azlyrics.com/s/stills.html
Still Woozy,https://www.azlyrics.com/s/stillwoozy.html
"Stimson, Johnny",https://www.azlyrics.com/j/johnnystimson.html
Sting,https://www.azlyrics.com/s/sting.html
"Stirling, Lindsey",https://www.azlyrics.com/l/lindseystirling.html
Stitched Up Heart,https://www.azlyrics.com/s/stitchedupheart.html
Stitches,https://www.azlyrics.com/s/stitches.html
St. Lucia,https://www.azlyrics.com/s/stlucia.html
St. Lunatics,https://www.azlyrics.com/s/stlunatics.html
Stokley,https://www.azlyrics.com/s/stokley.html
"Stone, Allen",https://www.azlyrics.com/a/allenstone.html
"Stone, Angie",https://www.azlyrics.com/s/stonean.html
"Stone, Angus",https://www.azlyrics.com/a/angusstone.html
Stonebank,https://www.azlyrics.com/s/stonebank.html
Stoned Jesus,https://www.azlyrics.com/s/stonedjesus.html
"Stone, Doug",https://www.azlyrics.com/d/dougstone.html
"Stone, Joss",https://www.azlyrics.com/s/stonej.html
"Stone, Julia",https://www.azlyrics.com/j/juliastone.html
"Stone, Justin",https://www.azlyrics.com/j/justinstone.html
"Stoner, Alyson",https://www.azlyrics.com/a/alysonstoner.html
"Stone, Rob",https://www.azlyrics.com/r/robstone.html
"Stone Roses, The",https://www.azlyrics.com/s/stoneroses.html
Stone Sour,https://www.azlyrics.com/s/stonesour.html
Stone Temple Pilots,https://www.azlyrics.com/s/stone.html
Stoney LaRue,https://www.azlyrics.com/s/stoneylarue.html
"Stooges, The",https://www.azlyrics.com/s/stooges.html
Stooshe,https://www.azlyrics.com/s/stooshe.html
"Storm, Harrison",https://www.azlyrics.com/h/harrisonstorm.html
Storm Queen,https://www.azlyrics.com/s/stormqueen.html
Storm The Sky,https://www.azlyrics.com/s/stormthesky.html
Stormwarrior,https://www.azlyrics.com/s/stormwarrior.html
Stormzy,https://www.azlyrics.com/s/stormzy.html
"Story, Laura",https://www.azlyrics.com/l/laurastory.html
Story Of The Year,https://www.azlyrics.com/s/storyoftheyear.html
"Story So Far, The",https://www.azlyrics.com/s/storysofar.html
Story Untold,https://www.azlyrics.com/s/storyuntold.html
"Stott, Amanda",https://www.azlyrics.com/a/amandastott.html
St. Paul & The Broken Bones,https://www.azlyrics.com/s/stpaulthebrokenbones.html
Straight No Chaser,https://www.azlyrics.com/s/straightnochaser.html
"Strait, George",https://www.azlyrics.com/s/strait.html
"Stranglers, The",https://www.azlyrics.com/s/stranglers.html
Strapping Young Lad,https://www.azlyrics.com/s/strappingyounglad.html
Strata,https://www.azlyrics.com/s/strata.html
Stratovarius,https://www.azlyrics.com/s/stratovarius.html
Strawberry Alarm Clock,https://www.azlyrics.com/s/strawberryalarmclock.html
Stray Cats,https://www.azlyrics.com/s/straycats.html
Stray From The Path,https://www.azlyrics.com/s/strayfromthepath.html
Stray Kids,https://www.azlyrics.com/s/straykids.html
Straylight Run,https://www.azlyrics.com/s/straylightrun.html
Streetheart,https://www.azlyrics.com/s/streetheart.html
Streetlight Manifesto,https://www.azlyrics.com/s/streetlightmanifesto.html
"Streets, The",https://www.azlyrics.com/s/streets.html
Street Sweeper Social Club,https://www.azlyrics.com/s/streetsweepersocialclub.html
"Streisand, Barbra",https://www.azlyrics.com/b/barbrastreisand.html
STRFKR,https://www.azlyrics.com/s/strfkr.html
Strike Anywhere,https://www.azlyrics.com/s/strikeanywhere.html
Stroke 9,https://www.azlyrics.com/s/stroke9.html
"Strokes, The",https://www.azlyrics.com/s/strokes.html
Stromae,https://www.azlyrics.com/s/stromae.html
"Stroma, Freddie",https://www.azlyrics.com/f/freddiestroma.html
Struggle Jennings,https://www.azlyrics.com/s/strugglejennings.html
"Strumbellas, The",https://www.azlyrics.com/s/strumbellas.html
Strung Out,https://www.azlyrics.com/s/strungout.html
"Struts, The",https://www.azlyrics.com/s/struts.html
Stryper,https://www.azlyrics.com/s/stryper.html
"Strypes, The",https://www.azlyrics.com/s/strypes.html
Stuck In The Sound,https://www.azlyrics.com/s/stuckinthesound.html
Stuck In Your Radio,https://www.azlyrics.com/s/stuckinyourradio.html
"Studdard, Ruben",https://www.azlyrics.com/s/studdard.html
Studio Killers,https://www.azlyrics.com/s/studiokillers.html
"Stud, Mike",https://www.azlyrics.com/m/mikestud.html
"Studt, Amy",https://www.azlyrics.com/s/studt.html
"Stump, Patrick",https://www.azlyrics.com/p/patrickstump.html
Stunna 4 Vegas,https://www.azlyrics.com/s/stunna4vegas.html
Stunna Girl,https://www.azlyrics.com/s/stunnagirl.html
Stupid Young,https://www.azlyrics.com/s/stupidyoung.html
Sturgill Simpson,https://www.azlyrics.com/s/sturgillsimpson.html
"Sturm, Lacey",https://www.azlyrics.com/l/laceysturm.html
St. Vincent,https://www.azlyrics.com/s/stvincent.html
"Style Council, The",https://www.azlyrics.com/s/stylecouncil.html
"Styles, Harry",https://www.azlyrics.com/h/harrystyles.html
Styles P,https://www.azlyrics.com/s/stylesp.html
"Stylistics, The",https://www.azlyrics.com/s/stylistics.html
Stylo G,https://www.azlyrics.com/s/stylog.html
"Styrke, Tove",https://www.azlyrics.com/t/tovestyrke.html
Styx,https://www.azlyrics.com/s/styx.html
"Suaste, Jordan",https://www.azlyrics.com/j/jordansuaste.html
Sub Focus,https://www.azlyrics.com/s/subfocus.html
Sublime,https://www.azlyrics.com/s/sublime.html
Sublime With Rome,https://www.azlyrics.com/s/sublimewithrome.html
Submersed,https://www.azlyrics.com/s/submersed.html
Sub Urban,https://www.azlyrics.com/s/suburban.html
"Subways, The",https://www.azlyrics.com/s/subways.html
SUD,https://www.azlyrics.com/s/sud.html
Sueco The Child,https://www.azlyrics.com/s/suecothechild.html
Suede,https://www.azlyrics.com/s/suede.html
Sufian Suhaimi,https://www.azlyrics.com/s/sufiansuhaimi.html
Sufjan Stevens,https://www.azlyrics.com/s/sufjanstevens.html
Sugababes,https://www.azlyrics.com/s/sugababes.html
Suga Free,https://www.azlyrics.com/s/sugafree.html
Sugarcult,https://www.azlyrics.com/s/sugarcult.html
Sugarfree,https://www.azlyrics.com/s/sugarfree.html
"Sugarhill Gang, The",https://www.azlyrics.com/s/sugarhillgang.html
Sugar Jones,https://www.azlyrics.com/s/sugarjones.html
Sugarland,https://www.azlyrics.com/s/sugarland.html
Sugarloaf,https://www.azlyrics.com/s/sugarloaf.html
Sugar Ray,https://www.azlyrics.com/s/sugarray.html
"Sugar, Rebecca",https://www.azlyrics.com/r/rebeccasugar.html
SUHO,https://www.azlyrics.com/s/suho.html
Suicidal Tendencies,https://www.azlyrics.com/s/suicidaltendencies.html
SuicideboyS,https://www.azlyrics.com/s/suicideboys.html
Suicide Silence,https://www.azlyrics.com/s/suicidesilence.html
Suigeneris,https://www.azlyrics.com/s/suigeneris.html
Sukhwinder Singh,https://www.azlyrics.com/s/sukhwindersingh.html
Sukriti Kakar,https://www.azlyrics.com/s/sukritikakar.html
"Suleiman, Ady",https://www.azlyrics.com/a/adysuleiman.html
Sulli,https://www.azlyrics.com/s/sulli.html
"Sullivan, Jazmine",https://www.azlyrics.com/j/jazminesullivan.html
Sully Erna,https://www.azlyrics.com/s/sullyerna.html
"Sultana, Tash",https://www.azlyrics.com/t/tashsultana.html
Sum 41,https://www.azlyrics.com/s/sum41.html
"Summerall, Hayden",https://www.azlyrics.com/h/haydensummerall.html
Summer Cem,https://www.azlyrics.com/s/summercem.html
"Summer, Donna",https://www.azlyrics.com/d/donnasummer.html
Summerella,https://www.azlyrics.com/s/summerella.html
"Summer High, A",https://www.azlyrics.com/s/summerhigh.html
Summer Salt,https://www.azlyrics.com/s/summersalt.html
"Summer Set, The",https://www.azlyrics.com/s/summerset.html
Summer Walker,https://www.azlyrics.com/s/summerwalker.html
"Summerwind, Dean",https://www.azlyrics.com/d/deansummerwind.html
"Sumney, Moses",https://www.azlyrics.com/m/mosessumney.html
Sundara Karma,https://www.azlyrics.com/s/sundarakarma.html
"Sundays, The",https://www.azlyrics.com/s/sundays.html
Sun Diego,https://www.azlyrics.com/s/sundiego.html
Sundy Best,https://www.azlyrics.com/s/sundybest.html
Sunflower Bean,https://www.azlyrics.com/s/sunflowerbean.html
Sun Kil Moon,https://www.azlyrics.com/s/sunkilmoon.html
Sunmi,https://www.azlyrics.com/s/sunmi.html
Sunny Day Real Estate,https://www.azlyrics.com/s/sunnydayrealestate.html
Sunny Sweeney,https://www.azlyrics.com/s/sunnysweeney.html
"Suno, Ron",https://www.azlyrics.com/r/ronsuno.html
Sunrise Avenue,https://www.azlyrics.com/s/sunriseavenue.html
Sunset Sons,https://www.azlyrics.com/s/sunsetsons.html
Sunshine Anderson,https://www.azlyrics.com/s/sunshineanderson.html
Supa Bwe,https://www.azlyrics.com/s/supabwe.html
Supa Dupa Humble,https://www.azlyrics.com/s/supadupahumble.html
Superchick,https://www.azlyrics.com/s/superchick.html
Superchunk,https://www.azlyrics.com/s/superchunk.html
Superfruit,https://www.azlyrics.com/s/superfruit.html
Super Furry Animals,https://www.azlyrics.com/s/superfurryanimals.html
Supergrass,https://www.azlyrics.com/s/supergrass.html
SuperHeavy,https://www.azlyrics.com/s/superheavy.html
Super Junior,https://www.azlyrics.com/s/superjunior.html
Super Junior-D&E,https://www.azlyrics.com/s/superjuniorde.html
Super Junior-K.R.Y.,https://www.azlyrics.com/s/superjuniorkry.html
SuperM,https://www.azlyrics.com/s/superm.html
"Supermen Lovers, The",https://www.azlyrics.com/s/supermenl.html
Superorganism,https://www.azlyrics.com/s/superorganism.html
Super Sako,https://www.azlyrics.com/s/supersako.html
Supertramp,https://www.azlyrics.com/s/supertramp.html
Super Whatevr,https://www.azlyrics.com/s/superwhatevr.html
Superwoman,https://www.azlyrics.com/s/superwoman.html
Super Yei,https://www.azlyrics.com/s/superyei.html
Suprême NTM,https://www.azlyrics.com/s/suprementm.html
Supreme Patty,https://www.azlyrics.com/s/supremepatty.html
"Supremes, The",https://www.azlyrics.com/s/supremes.html
Sura Isgenderli,https://www.azlyrics.com/s/suraisgenderli.html
Suran,https://www.azlyrics.com/s/suran.html
Surface,https://www.azlyrics.com/s/surface.html
Surfaces,https://www.azlyrics.com/s/surfaces.html
Surf Curse,https://www.azlyrics.com/s/surfcurse.html
Surfer Blood,https://www.azlyrics.com/s/surferblood.html
Surf Mesa,https://www.azlyrics.com/s/surfmesa.html
SuRie,https://www.azlyrics.com/s/surie.html
"Sursok, Tammin",https://www.azlyrics.com/t/tamminsursok.html
Survivor,https://www.azlyrics.com/s/survivor.html
Susan Boyle,https://www.azlyrics.com/s/susanboyle.html
Susanne Sundfør,https://www.azlyrics.com/s/susannesundfor.html
Susan Tedeschi,https://www.azlyrics.com/s/susantedeschi.html
Susie Suh,https://www.azlyrics.com/s/susiesuh.html
Suspekt,https://www.azlyrics.com/s/suspekt.html
"Sutta, Jessica",https://www.azlyrics.com/j/jessicasutta.html
Suzan & Freek,https://www.azlyrics.com/s/suzanfreek.html
Suzanne Vega,https://www.azlyrics.com/v/vega.html
Suzi Quatro,https://www.azlyrics.com/s/suziquatro.html
Suzi,https://www.azlyrics.com/s/suzi.html
Suzy,https://www.azlyrics.com/s/suzy.html
Svala,https://www.azlyrics.com/s/svala.html
Svrcina,https://www.azlyrics.com/s/svrcina.html
SVRITE,https://www.azlyrics.com/s/svrite.html
Swae Lee,https://www.azlyrics.com/s/swaelee.html
Swallow The Sun,https://www.azlyrics.com/s/swallowthesun.html
"Swan, Billy",https://www.azlyrics.com/b/billyswan.html
Swans,https://www.azlyrics.com/s/swans.html
Swarmz,https://www.azlyrics.com/s/swarmz.html
Sway,https://www.azlyrics.com/s/sway.html
"Swayze, Patrick",https://www.azlyrics.com/p/patrickswayze.html
Sweater Beats,https://www.azlyrics.com/s/sweaterbeats.html
"Sweat, Keith",https://www.azlyrics.com/s/sweat.html
Swedish House Mafia,https://www.azlyrics.com/s/swedishhousemafia.html
"Sweeplings, The",https://www.azlyrics.com/s/sweeplings.html
Sweet,https://www.azlyrics.com/s/sweet.html
"Sweet, Matthew",https://www.azlyrics.com/m/matthewsweet.html
"Sweeto, Jordan",https://www.azlyrics.com/j/jordansweeto.html
Sweet Sensation,https://www.azlyrics.com/s/sweetsensation.html
Sweet Suspense,https://www.azlyrics.com/s/sweetsuspense.html
Swell,https://www.azlyrics.com/s/swell.html
"Swell Season, The",https://www.azlyrics.com/s/swellseason.html
"Swift, Taylor",https://www.azlyrics.com/t/taylorswift.html
Swim Deep,https://www.azlyrics.com/s/swimdeep.html
"Swindell, Cole",https://www.azlyrics.com/c/coleswindell.html
Swing,https://www.azlyrics.com/s/swing.html
Swing Out Sister,https://www.azlyrics.com/s/swingoutsister.html
Switch,https://www.azlyrics.com/s/switch.html
Switchfoot,https://www.azlyrics.com/s/switchfoot.html
Swizz Beatz,https://www.azlyrics.com/s/swizzbeatz.html
SWMRS,https://www.azlyrics.com/s/swmrs.html
Swollen Members,https://www.azlyrics.com/s/swollen.html
"Swon Brothers, The",https://www.azlyrics.com/s/swonbrothers.html
Swoope,https://www.azlyrics.com/s/swoope.html
"Sword, The",https://www.azlyrics.com/s/sword.html
Sworn In,https://www.azlyrics.com/s/swornin.html
SWV,https://www.azlyrics.com/s/swv.html
S-X,https://www.azlyrics.com/s/sx.html
SXTEEN,https://www.azlyrics.com/s/sxteen.html
SXYE,https://www.azlyrics.com/s/sxye.html
Sy Ari Da Kid,https://www.azlyrics.com/s/syaridakid.html
Syd,https://www.azlyrics.com/s/syd.html
Syd Barrett,https://www.azlyrics.com/s/sydbarrett.html
SŸDE,https://www.azlyrics.com/s/sde.html
Syd Hartha,https://www.azlyrics.com/s/sydhartha.html
Syd Matters,https://www.azlyrics.com/s/sydmatters.html
Sydney Renae,https://www.azlyrics.com/s/sydneyrenae.html
"Sykes, Nathan",https://www.azlyrics.com/n/nathansykes.html
Sylar,https://www.azlyrics.com/s/sylar.html
Syleena Johnson,https://www.azlyrics.com/s/syleenajohnson.html
Sylosis,https://www.azlyrics.com/s/sylosis.html
Sylvan Esso,https://www.azlyrics.com/s/sylvanesso.html
Sylvan LaCue,https://www.azlyrics.com/s/sylvanlacue.html
Symba,https://www.azlyrics.com/s/symba.html
SYML,https://www.azlyrics.com/s/syml.html
Symon,https://www.azlyrics.com/s/symon.html
Symphony X,https://www.azlyrics.com/s/symphonyx.html
Synapson,https://www.azlyrics.com/s/synapson.html
Syn Cole,https://www.azlyrics.com/s/syncole.html
System Of A Down,https://www.azlyrics.com/s/systemofadown.html
"System, The",https://www.azlyrics.com/s/system.html
SZA,https://www.azlyrics.com/s/sza.html
Szpaku,https://www.azlyrics.com/s/szpaku.html
$teven Cannon,https://www.azlyrics.com/s/stevencannon.html
