R3HAB,https://www.azlyrics.com/r/r3hab.html
R5,https://www.azlyrics.com/r/r5.html
Ra,https://www.azlyrics.com/r/ra.html
"Rabbitt, Eddie",https://www.azlyrics.com/e/eddierabbitt.html
RAC,https://www.azlyrics.com/r/rac.html
"Racal, Maris",https://www.azlyrics.com/m/marisracal.html
Rachael Yamagata,https://www.azlyrics.com/y/yamagata.html
Rachel Crow,https://www.azlyrics.com/r/rachelcrow.html
Rachel Farley,https://www.azlyrics.com/r/rachelfarley.html
Rachelle Ann Go,https://www.azlyrics.com/r/rachelleanngo.html
Rachel Platten,https://www.azlyrics.com/r/rachelplatten.html
Rachel Stevens,https://www.azlyrics.com/s/stevens.html
Rachel Taylor,https://www.azlyrics.com/r/racheltaylor.html
Rachel Wammack,https://www.azlyrics.com/r/rachelwammack.html
"Raconteurs, The",https://www.azlyrics.com/r/raconteurs.html
Radiant Children,https://www.azlyrics.com/r/radiantchildren.html
Radical Face,https://www.azlyrics.com/r/radicalface.html
Radical Something,https://www.azlyrics.com/r/radicalsomething.html
"Radin, Joshua",https://www.azlyrics.com/j/joshuaradin.html
Radio Company,https://www.azlyrics.com/r/radiocompany.html
"Radio Dept., The",https://www.azlyrics.com/r/radiodept.html
Radiohead,https://www.azlyrics.com/r/radiohead.html
RADWIMPS,https://www.azlyrics.com/r/radwimps.html
"Rae, Cailee",https://www.azlyrics.com/c/caileerae.html
Raef,https://www.azlyrics.com/r/raef.html
Raekwon,https://www.azlyrics.com/r/raekwon.html
RaeLynn,https://www.azlyrics.com/r/raelynn.html
Rae Morris,https://www.azlyrics.com/r/raemorris.html
"Rae, Payton",https://www.azlyrics.com/p/paytonrae.html
Rae Sremmurd,https://www.azlyrics.com/r/raesremmurd.html
"Rafael, AJ",https://www.azlyrics.com/a/ajrafael.html
RAF Camora,https://www.azlyrics.com/r/rafcamora.html
Rafet El Roman,https://www.azlyrics.com/r/rafetelroman.html
"Rafferty, Gerry",https://www.azlyrics.com/g/gerryrafferty.html
"Raffoul, Billy",https://www.azlyrics.com/b/billyraffoul.html
Rage,https://www.azlyrics.com/r/rage.html
Rage Against The Machine,https://www.azlyrics.com/r/rageagainst.html
Rage Of Light,https://www.azlyrics.com/r/rageoflight.html
Raghav,https://www.azlyrics.com/r/raghav.html
Rag'n'Bone Man,https://www.azlyrics.com/r/ragnboneman.html
Raheem DeVaughn,https://www.azlyrics.com/r/raheemdevaughn.html
Rahmania Astrini,https://www.azlyrics.com/r/rahmaniaastrini.html
Rah Swish,https://www.azlyrics.com/r/rahswish.html
RAIGN,https://www.azlyrics.com/r/raign.html
Rainbow,https://www.azlyrics.com/r/rainbow.html
Rainbow Kitten Surprise,https://www.azlyrics.com/r/rainbowkittensurprise.html
"Raine, Jenna",https://www.azlyrics.com/j/jennaraine.html
"Rain, Johnny",https://www.azlyrics.com/j/johnnyrain.html
Rain Man,https://www.azlyrics.com/r/rainman.html
Rains,https://www.azlyrics.com/r/rains.html
Ra'is,https://www.azlyrics.com/r/rais.html
Raisa,https://www.azlyrics.com/r/raisa.html
Raised Fist,https://www.azlyrics.com/r/raisedfist.html
"Raitt, Bonnie",https://www.azlyrics.com/b/bonnieraitt.html
Raja Kumari,https://www.azlyrics.com/r/rajakumari.html
"Rakei, Jordan",https://www.azlyrics.com/j/jordanrakei.html
Rakhim,https://www.azlyrics.com/r/rakhim.html
Rakim,https://www.azlyrics.com/r/rakim.html
Rak-Su,https://www.azlyrics.com/r/raksu.html
Raleigh Ritchie,https://www.azlyrics.com/r/raleighritchie.html
Ralo,https://www.azlyrics.com/r/ralo.html
Ralph Castelli,https://www.azlyrics.com/r/ralphcastelli.html
Ralph Tresvant,https://www.azlyrics.com/r/ralphtresvant.html
"Ramazzotti, Eros",https://www.azlyrics.com/e/erosramazzotti.html
RAMI,https://www.azlyrics.com/r/rami.html
Ramil',https://www.azlyrics.com/r/ramil.html
Ramirez,https://www.azlyrics.com/r/ramirez.html
"Ramirez, Cierra",https://www.azlyrics.com/c/cierraramirez.html
"Ramirez, Sara",https://www.azlyrics.com/s/sararamirez.html
Ram Jam,https://www.azlyrics.com/r/ramjam.html
Ramji Gulati,https://www.azlyrics.com/r/ramjigulati.html
Rammstein,https://www.azlyrics.com/r/rammstein.html
Ramon Ayala,https://www.azlyrics.com/r/ramonayala.html
Ramones,https://www.azlyrics.com/r/ramones.html
Ramon Roselly,https://www.azlyrics.com/r/ramonroselly.html
"Ramos, Anthony",https://www.azlyrics.com/a/anthonyramos.html
"Ramsey, Mason",https://www.azlyrics.com/m/masonramsey.html
Ramshackle Glory,https://www.azlyrics.com/r/ramshackleglory.html
Ramz,https://www.azlyrics.com/r/ramz.html
RAN,https://www.azlyrics.com/r/ran.html
Rancid,https://www.azlyrics.com/r/rancid.html
Rancore,https://www.azlyrics.com/r/rancore.html
"Randhawa, Guru",https://www.azlyrics.com/g/gururandhawa.html
Random Encounters,https://www.azlyrics.com/r/randomencounters.html
Randy Crawford,https://www.azlyrics.com/r/randycrawford.html
Randy Houser,https://www.azlyrics.com/r/randyhouser.html
Randy Montana,https://www.azlyrics.com/r/randymontana.html
Randy Newman,https://www.azlyrics.com/r/randynewman.html
Randy Rogers Band,https://www.azlyrics.com/r/randyrogersband.html
Randy & The Rainbows,https://www.azlyrics.com/r/randytherainbows.html
Randy Travis,https://www.azlyrics.com/r/randytravis.html
"Rangers, The",https://www.azlyrics.com/r/rangers.html
"Ranti, Jason",https://www.azlyrics.com/j/jasonranti.html
Ranz And Niana,https://www.azlyrics.com/r/ranzandniana.html
"Rapattoni, Dalton",https://www.azlyrics.com/d/daltonrapattoni.html
Raphael Saadiq,https://www.azlyrics.com/r/raphaelsaadiq.html
Raphiel Shannon,https://www.azlyrics.com/r/raphielshannon.html
Rap Monster,https://www.azlyrics.com/r/rapmonster.html
"Raposo, Greg",https://www.azlyrics.com/r/raposo.html
Rapsody,https://www.azlyrics.com/r/rapsody.html
Rapture Ruckus,https://www.azlyrics.com/r/raptureruckus.html
"Rapture, The",https://www.azlyrics.com/r/rapture.html
Ra Ra Riot,https://www.azlyrics.com/r/rarariot.html
Rare Americans,https://www.azlyrics.com/r/rareamericans.html
Rare Earth,https://www.azlyrics.com/r/rareearth.html
Rarity,https://www.azlyrics.com/r/rarity.html
"Rarri, Justin",https://www.azlyrics.com/j/justinrarri.html
RASA,https://www.azlyrics.com/r/rasa.html
"Rascal, Dizzee",https://www.azlyrics.com/r/rascal.html
Rascal Flatts,https://www.azlyrics.com/r/rascalflatts.html
"Rascals, The",https://www.azlyrics.com/r/rascals.html
Rascalz,https://www.azlyrics.com/r/rascalz.html
"Rashad, Isaiah",https://www.azlyrics.com/i/isaiahrashad.html
Rasheeda,https://www.azlyrics.com/r/rasheeda.html
Ras Kass,https://www.azlyrics.com/r/raskass.html
Rasmentalism,https://www.azlyrics.com/r/rasmentalism.html
Rasmus Seebach,https://www.azlyrics.com/r/rasmusseebach.html
Rasmussen,https://www.azlyrics.com/r/rasmussen.html
"Rasmus, The",https://www.azlyrics.com/r/rasmus.html
Raspberries,https://www.azlyrics.com/r/raspberries.html
RAT BOY,https://www.azlyrics.com/r/ratboy.html
"Ratcliff, Brandon",https://www.azlyrics.com/b/brandonratcliff.html
"Rateliff, Nathaniel",https://www.azlyrics.com/n/nathanielrateliff.html
Rationale,https://www.azlyrics.com/r/rationale.html
Ratt,https://www.azlyrics.com/r/ratt.html
Rauf & Faik,https://www.azlyrics.com/r/rauffaik.html
Raury,https://www.azlyrics.com/r/raury.html
Rauw Alejandro,https://www.azlyrics.com/r/rauwalejandro.html
"Raval, Darshan",https://www.azlyrics.com/d/darshanraval.html
RaVaughn,https://www.azlyrics.com/r/ravaughn.html
Raveena,https://www.azlyrics.com/r/raveena.html
"Raven Age, The",https://www.azlyrics.com/r/ravenage.html
"Raven, Dean",https://www.azlyrics.com/d/deanraven.html
"Raven, Marion",https://www.azlyrics.com/m/marionraven.html
Ravenscode,https://www.azlyrics.com/r/ravenscode.html
Raven-Symone,https://www.azlyrics.com/r/ravensymone.html
"Raveonettes, The",https://www.azlyrics.com/r/raveonettes.html
Ravyn Lenae,https://www.azlyrics.com/r/ravynlenae.html
"Rawls, Lou",https://www.azlyrics.com/l/lourawls.html
Ray & Anita,https://www.azlyrics.com/r/rayanita.html
"Ray, Arin",https://www.azlyrics.com/a/arinray.html
RAY BLK,https://www.azlyrics.com/r/rayblk.html
Ray Boltz,https://www.azlyrics.com/r/rayboltz.html
Ray Charles,https://www.azlyrics.com/r/raycharles.html
Ray Dalton,https://www.azlyrics.com/r/raydalton.html
Ray Davies,https://www.azlyrics.com/r/raydavies.html
"Ray, Dean",https://www.azlyrics.com/d/deanray.html
RAYE,https://www.azlyrics.com/r/raye.html
"Raye, Collin",https://www.azlyrics.com/c/collinraye.html
Rayelle,https://www.azlyrics.com/r/rayelle.html
Ray Fulcher,https://www.azlyrics.com/r/rayfulcher.html
Ray J,https://www.azlyrics.com/r/rayj.html
Ray LaMontagne,https://www.azlyrics.com/r/raylamontagne.html
Rayland Baxter,https://www.azlyrics.com/r/raylandbaxter.html
"Rayman, Allan",https://www.azlyrics.com/a/allanrayman.html
"Ray, Michael",https://www.azlyrics.com/m/michaelray.html
Raymix,https://www.azlyrics.com/r/raymix.html
Rayne Johnson,https://www.azlyrics.com/r/raynejohnson.html
Ray Parker Jr.,https://www.azlyrics.com/r/rayparkerjr.html
Ray Price,https://www.azlyrics.com/r/rayprice.html
Ray Scott,https://www.azlyrics.com/r/rayscott.html
Ray Stevens,https://www.azlyrics.com/r/raystevens.html
Rayt Carreon,https://www.azlyrics.com/r/raytcarreon.html
Ray Toro,https://www.azlyrics.com/r/raytoro.html
Rayven Justice,https://www.azlyrics.com/r/rayvenjustice.html
Rayy Dubb,https://www.azlyrics.com/r/rayydubb.html
Razorlight,https://www.azlyrics.com/r/razorlight.html
RBD,https://www.azlyrics.com/r/rbd.html
R. City,https://www.azlyrics.com/r/rcity.html
RDX,https://www.azlyrics.com/r/rdx.html
"Rea, Chris",https://www.azlyrics.com/c/chrisrea.html
Read Southall Band,https://www.azlyrics.com/r/readsouthallband.html
"Ready Set, The",https://www.azlyrics.com/r/readyset.html
Rea Garvey,https://www.azlyrics.com/r/reagarvey.html
Real Estate,https://www.azlyrics.com/r/realestate.html
Real Friends,https://www.azlyrics.com/r/realfriends.html
Real Life,https://www.azlyrics.com/r/reallife.html
"Real McKenzies, The",https://www.azlyrics.com/r/realmckenzies.html
Reamonn,https://www.azlyrics.com/r/reamonn.html
REASON,https://www.azlyrics.com/r/reason.html
Reba McEntire,https://www.azlyrics.com/r/rebamcentire.html
Rebecca Black,https://www.azlyrics.com/r/rebeccablack.html
Rebecca Ferguson,https://www.azlyrics.com/r/rebeccaferguson.html
Rebecca Sugar,https://www.azlyrics.com/r/rebeccasugar.html
Rebelution,https://www.azlyrics.com/r/rebelution.html
Recayd Mob,https://www.azlyrics.com/r/recaydmob.html
Reckless Kelly,https://www.azlyrics.com/r/recklesskelly.html
"Record Company, The",https://www.azlyrics.com/t/the-record-company.html
"Record, Josh",https://www.azlyrics.com/j/joshrecord.html
"Rector, Ben",https://www.azlyrics.com/b/benrector.html
Red,https://www.azlyrics.com/r/red.html
Redbone,https://www.azlyrics.com/r/redbone.html
Red Cafe,https://www.azlyrics.com/r/redcafe.html
Red City Radio,https://www.azlyrics.com/r/redcityradio.html
"Redding, Otis",https://www.azlyrics.com/o/otisredding.html
"Redd, Karlie",https://www.azlyrics.com/k/karlieredd.html
"Reddy, Helen",https://www.azlyrics.com/h/helenreddy.html
Red Fang,https://www.azlyrics.com/r/redfang.html
Redfoo,https://www.azlyrics.com/r/redfoo.html
Redgum,https://www.azlyrics.com/r/redgum.html
Red Hearse,https://www.azlyrics.com/r/redhearse.html
Red Hot Chili Peppers,https://www.azlyrics.com/r/redhotchilipeppers.html
Redimi2,https://www.azlyrics.com/r/redimi2.html
"Red Jumpsuit Apparatus, The",https://www.azlyrics.com/r/redjumpsuitapparatus.html
Redlight,https://www.azlyrics.com/r/redlight.html
Redlight King,https://www.azlyrics.com/r/redlightking.html
Red Line Chemistry,https://www.azlyrics.com/r/redlinechemistry.html
Redman,https://www.azlyrics.com/r/redman.html
"Redman, Matt",https://www.azlyrics.com/m/mattredman.html
Redneck Souljers,https://www.azlyrics.com/r/rednecksouljers.html
Rednex,https://www.azlyrics.com/r/rednex.html
RedOne,https://www.azlyrics.com/r/redone.html
Red Rider,https://www.azlyrics.com/r/redrider.html
Red Rocks Worship,https://www.azlyrics.com/r/redrocksworship.html
Red Sun Rising,https://www.azlyrics.com/r/redsunrising.html
Red Velvet,https://www.azlyrics.com/r/redvelvet.html
Reece Mastin,https://www.azlyrics.com/r/reecemastin.html
"Reece, Somaya",https://www.azlyrics.com/s/somayareece.html
Reed Deming,https://www.azlyrics.com/r/reeddeming.html
"Reed, Jerry",https://www.azlyrics.com/j/jerryreed.html
"Reed, Jimmy",https://www.azlyrics.com/j/jimmyreed.html
"Reed, Lou",https://www.azlyrics.com/l/loureed.html
"Reedy, Jessica",https://www.azlyrics.com/j/jessicareedy.html
Reef,https://www.azlyrics.com/r/reef.html
Reel Big Fish,https://www.azlyrics.com/r/reelbigfish.html
"Rees, David",https://www.azlyrics.com/d/davidrees.html
Reese Lansangan,https://www.azlyrics.com/r/reeselansangan.html
Reeve Carney,https://www.azlyrics.com/r/reevecarney.html
"Reeves, Jason",https://www.azlyrics.com/j/jasonreeves.html
"Reeves, Jim",https://www.azlyrics.com/j/jimreeves.html
"Reeves, Martha",https://www.azlyrics.com/m/marthareeves.html
"Reeves, Sarah",https://www.azlyrics.com/s/sarahreeves.html
reezy,https://www.azlyrics.com/r/reezy.html
Reflection Eternal,https://www.azlyrics.com/r/reflectioneternal.html
REFUND SISTERS,https://www.azlyrics.com/r/refundsisters.html
Refused,https://www.azlyrics.com/r/refused.html
"Regan, Fionn",https://www.azlyrics.com/f/fionnregan.html
Regard,https://www.azlyrics.com/r/regard.html
Reggie And The Full Effect,https://www.azlyrics.com/r/reggieandthefulleffect.html
Reggie 'N' Bollie,https://www.azlyrics.com/r/reggienbollie.html
Regina Belle,https://www.azlyrics.com/r/reginabelle.html
Regina Regina,https://www.azlyrics.com/r/reginaregina.html
Regina Spektor,https://www.azlyrics.com/r/reginaspektor.html
Regine Velasquez,https://www.azlyrics.com/r/reginevelasquez.html
"Regrettes, The",https://www.azlyrics.com/r/regrettes.html
Regulo Caro,https://www.azlyrics.com/r/regulocaro.html
Rehab,https://www.azlyrics.com/r/rehab.html
"Reid, Alyssa",https://www.azlyrics.com/a/alyssareid.html
"Reid, James",https://www.azlyrics.com/j/jamesreid.html
"Reid, Johnny",https://www.azlyrics.com/j/johnnyreid.html
Reignwolf,https://www.azlyrics.com/r/reignwolf.html
Reik,https://www.azlyrics.com/r/reik.html
"Reinhart, Haley",https://www.azlyrics.com/h/haleyreinhart.html
"Rej3ctz, The",https://www.azlyrics.com/r/rej3ctz.html
Rejjie Snow,https://www.azlyrics.com/r/rejjiesnow.html
"Reklaws, The",https://www.azlyrics.com/r/reklaws.html
"Relapse Symphony, The",https://www.azlyrics.com/r/relapsesymphony.html
"Relentless, The",https://www.azlyrics.com/r/relentless.html
"Rele, Sonna",https://www.azlyrics.com/s/sonnarele.html
Relient K,https://www.azlyrics.com/r/relientk.html
Rels B,https://www.azlyrics.com/r/relsb.html
R.E.M.,https://www.azlyrics.com/r/rem.html
Rema,https://www.azlyrics.com/r/rema.html
"Rembrandts, The",https://www.azlyrics.com/r/rembrandts.html
REMMI,https://www.azlyrics.com/r/remmi.html
Remo Drive,https://www.azlyrics.com/r/remodrive.html
Rémy,https://www.azlyrics.com/r/remy.html
Remy Boyz,https://www.azlyrics.com/r/remyboyz.html
Remy Ma,https://www.azlyrics.com/r/remyma.html
Remy Zero,https://www.azlyrics.com/r/remyzero.html
Ren,https://www.azlyrics.com/r/ren.html
"Renae, La'Porsha",https://www.azlyrics.com/l/laporsharenae.html
"Renae, Sydney",https://www.azlyrics.com/s/sydneyrenae.html
Renaud,https://www.azlyrics.com/r/renaud.html
Rence,https://www.azlyrics.com/r/rence.html
Rend Collective,https://www.azlyrics.com/r/rendcollective.html
Rendy Pandugo,https://www.azlyrics.com/r/rendypandugo.html
René & Angela,https://www.azlyrics.com/r/reneangela.html
"Renea, Priscilla",https://www.azlyrics.com/p/priscillarenea.html
"Rene, Chris",https://www.azlyrics.com/c/chrisrene.html
Reneé Dominique,https://www.azlyrics.com/r/reneedominique.html
Renee Olstead,https://www.azlyrics.com/o/olstead.html
renforshort,https://www.azlyrics.com/r/renforshort.html
"Renner, Jeremy",https://www.azlyrics.com/j/jeremyrenner.html
Renni Rucci,https://www.azlyrics.com/r/rennirucci.html
Rent Cast,https://www.azlyrics.com/r/rentcast.html
"Renzema, Chris",https://www.azlyrics.com/c/chrisrenzema.html
Reo Cragun,https://www.azlyrics.com/r/reocragun.html
REO Speedwagon,https://www.azlyrics.com/r/reospeedwagon.html
"Replacements, The",https://www.azlyrics.com/r/replacements.html
Republica,https://www.azlyrics.com/r/republica.html
Res,https://www.azlyrics.com/r/res.html
"Rescues, The",https://www.azlyrics.com/r/rescues.html
Residente,https://www.azlyrics.com/r/residente.html
Restless Heart,https://www.azlyrics.com/r/restlessheart.html
ReTo,https://www.azlyrics.com/r/reto.html
Revelation Theory,https://www.azlyrics.com/r/revelationtheory.html
Revis,https://www.azlyrics.com/r/revis.html
"Revivalists, The",https://www.azlyrics.com/r/revivalists.html
Revive,https://www.azlyrics.com/r/revive.html
Revolverheld,https://www.azlyrics.com/r/revolverheld.html
Rev Theory,https://www.azlyrics.com/r/revtheory.html
Rex Goudie,https://www.azlyrics.com/r/rexgoudie.html
"Rexha, Bebe",https://www.azlyrics.com/b/beberexha.html
Rex Orange County,https://www.azlyrics.com/r/rexorangecounty.html
Rexx Life Raj,https://www.azlyrics.com/r/rexxliferaj.html
"Reyes, Sofia",https://www.azlyrics.com/s/sofiareyes.html
"Reyez, Jessie",https://www.azlyrics.com/j/jessiereyez.html
REYKO,https://www.azlyrics.com/r/reyko.html
Reykon,https://www.azlyrics.com/r/reykon.html
Reyli Barba,https://www.azlyrics.com/r/reylibarba.html
Rey Mbayang,https://www.azlyrics.com/r/reymbayang.html
"Reyne, James",https://www.azlyrics.com/j/jamesreyne.html
Reynmen,https://www.azlyrics.com/r/reynmen.html
"Reynolds, Carter",https://www.azlyrics.com/c/carterreynolds.html
Rey Valera,https://www.azlyrics.com/r/reyvalera.html
RH,https://www.azlyrics.com/r/rh.html
Rhapsody Of Fire,https://www.azlyrics.com/r/rhapsodyoffire.html
"Rheon, Iwan",https://www.azlyrics.com/i/iwanrheon.html
Rhett Akins,https://www.azlyrics.com/r/rhettakins.html
Rhett & Link,https://www.azlyrics.com/r/rhettlink.html
Rhett Miller,https://www.azlyrics.com/r/rhettmiller.html
"Rhett, Thomas",https://www.azlyrics.com/t/thomasrhett.html
Rhett Walker Band,https://www.azlyrics.com/r/rhettwalkerband.html
Rhodes,https://www.azlyrics.com/r/rhodes.html
Rhonda Vincent,https://www.azlyrics.com/r/rhondavincent.html
Rhye,https://www.azlyrics.com/r/rhye.html
Rhymefest,https://www.azlyrics.com/r/rhymefest.html
Rhys,https://www.azlyrics.com/r/rhys.html
"Rhys, Gruff",https://www.azlyrics.com/g/gruffrhys.html
Rhys Lewis,https://www.azlyrics.com/r/rhyslewis.html
Ria Mae,https://www.azlyrics.com/r/riamae.html
Ric-A-Che,https://www.azlyrics.com/r/ricache.html
Ricardo Arjona,https://www.azlyrics.com/r/ricardoarjona.html
Ricardo Montaner,https://www.azlyrics.com/r/ricardomontaner.html
Riccardo,https://www.azlyrics.com/r/riccardo.html
"Rice, Chase",https://www.azlyrics.com/c/chaserice.html
"Rice, Damien",https://www.azlyrics.com/r/rice.html
RiceGum,https://www.azlyrics.com/r/ricegum.html
Richard Ashcroft,https://www.azlyrics.com/r/richardashcroft.html
"Richard, Cliff",https://www.azlyrics.com/c/cliffrichard.html
"Richard, Dawn",https://www.azlyrics.com/d/dawnrichard.html
Richard Edwards,https://www.azlyrics.com/r/richardedwards.html
Richard Hawley,https://www.azlyrics.com/r/richardhawley.html
Richard Marx,https://www.azlyrics.com/r/richardmarx.html
"Richards, Alden",https://www.azlyrics.com/a/aldenrichards.html
"Richards, Danna",https://www.azlyrics.com/d/dannarichards.html
"Richards, Josh",https://www.azlyrics.com/j/joshrichards.html
"Richards, Keith",https://www.azlyrics.com/k/keithrichards.html
Richard Smallwood,https://www.azlyrics.com/r/richardsmallwood.html
"Richardson, Calvin",https://www.azlyrics.com/c/calvinrichardson.html
"Richardson, Sorcha",https://www.azlyrics.com/s/sorcharichardson.html
Richard Thompson,https://www.azlyrics.com/r/richardthompson.html
Rich Boy,https://www.azlyrics.com/r/richboy.html
Rich Brian,https://www.azlyrics.com/r/richchigga.html
"Rich, Charlie",https://www.azlyrics.com/c/charlierich.html
Rich Gang,https://www.azlyrics.com/r/richgang.html
RichGirl,https://www.azlyrics.com/r/richgirl.html
Rich Homie Quan,https://www.azlyrics.com/r/richhomiequan.html
Richie Havens,https://www.azlyrics.com/r/richiehavens.html
Richie Kotzen,https://www.azlyrics.com/r/richiekotzen.html
"Richie, Lionel",https://www.azlyrics.com/r/richie.html
Richie Sambora,https://www.azlyrics.com/r/richiesambora.html
Richie Spice,https://www.azlyrics.com/r/richiespice.html
"Rich, John",https://www.azlyrics.com/j/johnrich.html
Rich Kidz,https://www.azlyrics.com/r/richkidz.html
Rich Mullins,https://www.azlyrics.com/r/richmullins.html
Rich The Kid,https://www.azlyrics.com/r/richthekid.html
"Rich, Tyler",https://www.azlyrics.com/t/tylerrich.html
Richy Nix,https://www.azlyrics.com/r/richynix.html
Rick Astley,https://www.azlyrics.com/r/rickastley.html
Rickie Lee Jones,https://www.azlyrics.com/r/rickieleejones.html
Ricki-Lee,https://www.azlyrics.com/r/rickilee.html
Rick James,https://www.azlyrics.com/r/rickjames.html
Rick Ross,https://www.azlyrics.com/r/rickross.html
Rick Springfield,https://www.azlyrics.com/r/rickspringfield.html
Ricky Blaze,https://www.azlyrics.com/r/rickyblaze.html
Ricky Dillard & New G,https://www.azlyrics.com/r/rickydillardnewg.html
Ricky Dillon,https://www.azlyrics.com/r/rickydillon.html
Ricky Martin,https://www.azlyrics.com/m/martin.html
Ricky Montgomery,https://www.azlyrics.com/r/rickymontgomery.html
Ricky Nelson,https://www.azlyrics.com/r/rickynelson.html
Ricky Skaggs,https://www.azlyrics.com/r/rickyskaggs.html
Ricky Van Shelton,https://www.azlyrics.com/r/rickyvanshelton.html
Rico Blanco,https://www.azlyrics.com/r/ricoblanco.html
Rico Love,https://www.azlyrics.com/r/ricolove.html
Rico Nasty,https://www.azlyrics.com/r/riconasty.html
"Riddle, Jeremy",https://www.azlyrics.com/j/jeremyriddle.html
Riddlin' Kids,https://www.azlyrics.com/r/riddlinkids.html
Ride,https://www.azlyrics.com/r/ride.html
"Ridings, Freya",https://www.azlyrics.com/f/freyaridings.html
RIDSA,https://www.azlyrics.com/r/ridsa.html
RiFF RAFF,https://www.azlyrics.com/r/riffraff.html
"Rifles, The",https://www.azlyrics.com/r/rifles.html
"Riggs, Sam",https://www.azlyrics.com/s/samriggs.html
"Righteous Brothers, The",https://www.azlyrics.com/r/righteousbrothers.html
Righteous Vendetta,https://www.azlyrics.com/r/righteousvendetta.html
"Righteous Young, The",https://www.azlyrics.com/r/righteousyoung.html
Right Said Fred,https://www.azlyrics.com/r/rightsaidfred.html
Rihanna,https://www.azlyrics.com/r/rihanna.html
Rilès,https://www.azlyrics.com/r/rils.html
"Riley, Amber",https://www.azlyrics.com/a/amberriley.html
Riley Clemmons,https://www.azlyrics.com/r/rileyclemmons.html
Riley Green,https://www.azlyrics.com/r/rileygreen.html
Riley Pearce,https://www.azlyrics.com/r/rileypearce.html
"Riley, Tarrus",https://www.azlyrics.com/t/tarrusriley.html
Rilo Kiley,https://www.azlyrics.com/r/rilokiley.html
"Rimes, LeAnn",https://www.azlyrics.com/r/rimes.html
Rim'K,https://www.azlyrics.com/r/rimk.html
RIMON,https://www.azlyrics.com/r/rimon.html
RIN,https://www.azlyrics.com/r/rin.html
Rina Sawayama,https://www.azlyrics.com/r/rinasawayama.html
Ringnes-Ronny,https://www.azlyrics.com/r/ringnesronny.html
Ringo Starr,https://www.azlyrics.com/r/ringostarr.html
Ringside,https://www.azlyrics.com/r/ringside.html
Rings Of Saturn,https://www.azlyrics.com/r/ringsofsaturn.html
RINI,https://www.azlyrics.com/r/rini.html
r.i.o.,https://www.azlyrics.com/r/rio.html
Río Roma,https://www.azlyrics.com/r/rioroma.html
Riot,https://www.azlyrics.com/r/riot.html
"Riperton, Minnie",https://www.azlyrics.com/m/minnieriperton.html
Rise Against,https://www.azlyrics.com/r/riseagainst.html
Rise Of The Northstar,https://www.azlyrics.com/r/riseofthenorthstar.html
Rita Coolidge,https://www.azlyrics.com/r/ritacoolidge.html
Rita Ora,https://www.azlyrics.com/r/ritaora.html
Ritchie Valens,https://www.azlyrics.com/r/ritchievalens.html
Riton,https://www.azlyrics.com/r/riton.html
"Ritter, Josh",https://www.azlyrics.com/j/joshritter.html
Ritt Momney,https://www.azlyrics.com/r/rittmomney.html
Rittz,https://www.azlyrics.com/r/rittz.html
RITUAL,https://www.azlyrics.com/r/ritual.html
Rival Sons,https://www.azlyrics.com/r/rivalsons.html
"Rivas, Chucho",https://www.azlyrics.com/c/chuchorivas.html
"Rivera, Ariel",https://www.azlyrics.com/a/arielrivera.html
"Rivera, Brent",https://www.azlyrics.com/b/brentrivera.html
"Rivera, Carlos",https://www.azlyrics.com/c/carlosrivera.html
"Rivera, Jamie",https://www.azlyrics.com/j/jamierivera.html
"Rivera, Jenni",https://www.azlyrics.com/j/jennirivera.html
"Rivera, Naya",https://www.azlyrics.com/n/nayarivera.html
"Rivera, Tammy",https://www.azlyrics.com/t/tammyrivera.html
Riverdale Cast,https://www.azlyrics.com/r/riverdalecast.html
Rivermaya,https://www.azlyrics.com/r/rivermaya.html
Riverside,https://www.azlyrics.com/r/riverside.html
"Rivers, Johnny",https://www.azlyrics.com/j/johnnyrivers.html
RIVVRS,https://www.azlyrics.com/r/rivvrs.html
Rixton,https://www.azlyrics.com/r/rixton.html
Rizky Febian,https://www.azlyrics.com/r/rizkyfebian.html
Rizzle Kicks,https://www.azlyrics.com/r/rizzlekicks.html
RJ Helton,https://www.azlyrics.com/r/rjhelton.html
RJ,https://www.azlyrics.com/r/rj.html
RK,https://www.azlyrics.com/r/rk.html
RKCB,https://www.azlyrics.com/r/rkcb.html
R Kelly,https://www.azlyrics.com/r/rkelly.html
RKM & Ken-Y,https://www.azlyrics.com/r/rakimkeny.html
Rkomi,https://www.azlyrics.com/r/rkomi.html
R.L.,https://www.azlyrics.com/r/rl.html
RL Grime,https://www.azlyrics.com/r/rlgrime.html
R.LUM.R,https://www.azlyrics.com/r/rlumr.html
RMR,https://www.azlyrics.com/r/rmr.html
R Nait,https://www.azlyrics.com/r/rnait.html
Roachford,https://www.azlyrics.com/r/roachford.html
Roach Gigz,https://www.azlyrics.com/r/roachgigz.html
Roadtrip,https://www.azlyrics.com/r/roadtrip.html
ROAM,https://www.azlyrics.com/r/roam.html
Rob Bailey & The Hustle Standard,https://www.azlyrics.com/r/robbaileythehustlestandard.html
Rob Base & DJ E-Z Rock,https://www.azlyrics.com/r/robbasedjezrock.html
Robb Bank$,https://www.azlyrics.com/r/robbbank.html
Robben Ford,https://www.azlyrics.com/r/robbenford.html
Robbie Robertson,https://www.azlyrics.com/r/robbierobertson.html
Robbie Williams,https://www.azlyrics.com/w/williams.html
"Robbins, Marty",https://www.azlyrics.com/m/martyrobbins.html
Rob Deniel,https://www.azlyrics.com/r/robdeniel.html
Roberta Flack,https://www.azlyrics.com/r/robertaflack.html
Robert Cray,https://www.azlyrics.com/r/robertcray.html
Robert DeLong,https://www.azlyrics.com/r/robertdelong.html
Robert Earl Keen,https://www.azlyrics.com/r/robertearlkeen.html
Robert Glasper,https://www.azlyrics.com/r/robertglasper.html
Robert Grace,https://www.azlyrics.com/r/robertgrace.html
Robert John,https://www.azlyrics.com/r/robertjohn.html
Robert Johnson,https://www.azlyrics.com/r/robertjohnson.html
Roberto Tapia,https://www.azlyrics.com/r/robertotapia.html
Robert Palmer,https://www.azlyrics.com/r/robertpalmer.html
Robert Pattinson,https://www.azlyrics.com/r/robertpattinson.html
Robert Plant,https://www.azlyrics.com/r/robertplant.html
"Roberts, Ashley",https://www.azlyrics.com/a/ashleyroberts.html
"Roberts, Emma",https://www.azlyrics.com/e/emmaroberts.html
"Roberts, Julie",https://www.azlyrics.com/r/roberts.html
"Roberts, Justin",https://www.azlyrics.com/j/justinroberts.html
"Roberts, Nicola",https://www.azlyrics.com/n/nicolaroberts.html
"Roberts, Sam",https://www.azlyrics.com/s/samroberts.html
Robert Tepper,https://www.azlyrics.com/r/roberttepper.html
Rob Halford,https://www.azlyrics.com/r/robhalford.html
Robin Gibb,https://www.azlyrics.com/r/robingibb.html
Robin Schulz,https://www.azlyrics.com/r/robinschulz.html
Robinson,https://www.azlyrics.com/r/robinson.html
"Robinson, Bluey",https://www.azlyrics.com/b/blueyrobinson.html
"Robinson, Porter",https://www.azlyrics.com/p/porterrobinson.html
"Robinson, Smokey",https://www.azlyrics.com/s/smokeyrobinson.html
"Robinson, Tom",https://www.azlyrics.com/t/tomrobinson.html
Robin Thicke,https://www.azlyrics.com/r/robinthicke.html
Robin Trower,https://www.azlyrics.com/r/robintrower.html
Rob Mills,https://www.azlyrics.com/m/mills.html
Robotaki,https://www.azlyrics.com/r/robotaki.html
Rob Stone,https://www.azlyrics.com/r/robstone.html
Rob Thomas,https://www.azlyrics.com/r/robthomas.html
Robyn,https://www.azlyrics.com/r/robyn.html
Robyn Ottolini,https://www.azlyrics.com/r/robynottolini.html
Rob Zombie,https://www.azlyrics.com/z/zombie.html
Rocco DeLuca,https://www.azlyrics.com/r/roccodeluca.html
Rocco DeLuca & The Burden,https://www.azlyrics.com/r/roccodelucatheburden.html
Rocco Hunt,https://www.azlyrics.com/r/roccohunt.html
"Rochell, Megan",https://www.azlyrics.com/m/meganrochell.html
"Roches, The",https://www.azlyrics.com/r/roches.html
Rockamovya,https://www.azlyrics.com/r/rockamovya.html
"Rockelle, Piper",https://www.azlyrics.com/p/piperrockelle.html
ROCKET,https://www.azlyrics.com/r/rocket.html
"Rocketboys, The",https://www.azlyrics.com/r/rocketboys.html
Rocket Punch,https://www.azlyrics.com/r/rocketpunch.html
"Rocket Summer, The",https://www.azlyrics.com/r/rocketsummer.html
"Rocket To The Moon, A",https://www.azlyrics.com/r/rockettothemoon.html
Rockie Fresh,https://www.azlyrics.com/r/rockiefresh.html
Rock Mafia,https://www.azlyrics.com/r/rockmafia.html
Rocko,https://www.azlyrics.com/r/rocko.html
Rock Star Supernova,https://www.azlyrics.com/r/rockstarsupernova.html
Rocksteddy,https://www.azlyrics.com/r/rocksteddy.html
Rockwell,https://www.azlyrics.com/r/rockwell.html
Roddy Ricch,https://www.azlyrics.com/r/roddyricch.html
"Rodgers, Jameson",https://www.azlyrics.com/j/jamesonrodgers.html
Rodney Atkins,https://www.azlyrics.com/r/rodneyatkins.html
Rodney Crowell,https://www.azlyrics.com/r/rodneycrowell.html
Rodrigo Amarante,https://www.azlyrics.com/r/rodrigoamarante.html
"Rodriguez, Bahja",https://www.azlyrics.com/b/bahjarodriguez.html
Rodriguez,https://www.azlyrics.com/r/rodriguez.html
Rod Stewart,https://www.azlyrics.com/s/stewart.html
Rod Wave,https://www.azlyrics.com/r/rodwave.html
"Roe, Tommy",https://www.azlyrics.com/t/tommyroe.html
Roger Hodgson,https://www.azlyrics.com/r/rogerhodgson.html
Roger Miller,https://www.azlyrics.com/r/rogermiller.html
"Rogers, Destiny",https://www.azlyrics.com/d/destinyrogers.html
"Rogers, Jake Wesley",https://www.azlyrics.com/j/jakewesleyrogers.html
"Rogers, Kenny",https://www.azlyrics.com/k/kennyrogers.html
"Rogers, Maggie",https://www.azlyrics.com/m/maggierogers.html
"Rogers, Stan",https://www.azlyrics.com/s/stanrogers.html
Roger Taylor,https://www.azlyrics.com/r/rogertaylor.html
Roger Waters,https://www.azlyrics.com/r/rogerwaters.html
Rogue Traders,https://www.azlyrics.com/r/roguetraders.html
Rogue Wave,https://www.azlyrics.com/r/roguewave.html
Rohan Rathore,https://www.azlyrics.com/r/rohanrathore.html
Rohff,https://www.azlyrics.com/r/rohff.html
Roisin Murphy,https://www.azlyrics.com/r/roisinmurphy.html
Ro James,https://www.azlyrics.com/r/rojames.html
Roksana Węgiel,https://www.azlyrics.com/r/roksanawegiel.html
"Roldán, Kevin",https://www.azlyrics.com/k/kevinroldan.html
ROLE MODEL,https://www.azlyrics.com/r/rolemodel.html
Roll Deep,https://www.azlyrics.com/r/rolldeep.html
"Rolling Stones, The",https://www.azlyrics.com/r/rollingstones.html
Rolo Tomassi,https://www.azlyrics.com/r/rolotomassi.html
Romain Virgo,https://www.azlyrics.com/r/romainvirgo.html
Roman Lob,https://www.azlyrics.com/r/romanlob.html
"Romano, Christy Carlson",https://www.azlyrics.com/c/christycarlsonromano.html
"Romantics, The",https://www.azlyrics.com/r/romantics.html
Romeo,https://www.azlyrics.com/r/romeouk.html
Roméo Elvis,https://www.azlyrics.com/r/romeoelvis.html
Romeo Miller,https://www.azlyrics.com/l/lilromeo.html
Romeo Santos,https://www.azlyrics.com/r/romeosantos.html
"Romero, Nicky",https://www.azlyrics.com/n/nickyromero.html
"Romiti, Toni",https://www.azlyrics.com/t/toniromiti.html
Ronan Keating,https://www.azlyrics.com/k/keating.html
Rondodasosa,https://www.azlyrics.com/r/rondodasosa.html
"Ronettes, The",https://www.azlyrics.com/r/ronettes.html
Ron Henley,https://www.azlyrics.com/r/ronhenley.html
Ronnie Dunn,https://www.azlyrics.com/r/ronniedunn.html
Ronnie Ferrari,https://www.azlyrics.com/r/ronnieferrari.html
Ronnie Flex,https://www.azlyrics.com/r/ronnieflex.html
Ronnie Liang,https://www.azlyrics.com/r/ronnieliang.html
Ronnie Milsap,https://www.azlyrics.com/r/ronniemilsap.html
Ronnie Radke,https://www.azlyrics.com/r/ronnieradke.html
Ronny J,https://www.azlyrics.com/r/ronnyj.html
Ron Pope,https://www.azlyrics.com/r/ronpope.html
"Ronson, Mark",https://www.azlyrics.com/r/ronson.html
"Ronstadt, Linda",https://www.azlyrics.com/l/lindaronstadt.html
Ron Suno,https://www.azlyrics.com/r/ronsuno.html
Rontae Don't Play,https://www.azlyrics.com/r/rontaedontplay.html
Rooney,https://www.azlyrics.com/r/rooney.html
Roo Panes,https://www.azlyrics.com/r/roopanes.html
"ROOP, THE",https://www.azlyrics.com/r/roop.html
Roosevelt,https://www.azlyrics.com/r/roosevelt.html
Rooster,https://www.azlyrics.com/r/rooster.html
"Roots, The",https://www.azlyrics.com/r/roots.html
Rooz,https://www.azlyrics.com/r/rooz.html
Rory Gallagher,https://www.azlyrics.com/r/rorygallagher.html
Rosa Chemical,https://www.azlyrics.com/r/rosachemical.html
"Rosales, Jericho",https://www.azlyrics.com/j/jerichorosales.html
ROSALÍA,https://www.azlyrics.com/r/rosala.html
Rosanna Pansino,https://www.azlyrics.com/r/rosannapansino.html
Rosanne Cash,https://www.azlyrics.com/r/rosannecash.html
Roscoe Dash,https://www.azlyrics.com/r/roscoedash.html
"Rose, Amber",https://www.azlyrics.com/a/amberrose.html
"Rose, Anfa",https://www.azlyrics.com/a/anfarose.html
"Rose, Blake",https://www.azlyrics.com/b/blakerose.html
"Rose, Caroline",https://www.azlyrics.com/c/carolinerose.html
Rose Falcon,https://www.azlyrics.com/f/falcon.html
"Rose, Katy",https://www.azlyrics.com/k/katyrose.html
"Rose, Lucy",https://www.azlyrics.com/l/lucyrose.html
"Rose, Maggie",https://www.azlyrics.com/m/maggierose.html
"Rose, Morgan",https://www.azlyrics.com/m/morganrose.html
"Rosenstock, Jeff",https://www.azlyrics.com/j/jeffrosenstock.html
"Rosenthal, Tom",https://www.azlyrics.com/t/tomrosenthal.html
Rose Royce,https://www.azlyrics.com/r/roseroyce.html
"Rose, Sophie",https://www.azlyrics.com/s/sophierose.html
"Rose, The",https://www.azlyrics.com/r/rose.html
Rosette,https://www.azlyrics.com/r/rosette.html
Roshon Fegan,https://www.azlyrics.com/r/roshonfegan.html
Rosie Carney,https://www.azlyrics.com/r/rosiecarney.html
Rosie Thomas,https://www.azlyrics.com/r/rosiethomas.html
Rosi Golan,https://www.azlyrics.com/r/rosigolan.html
"Rosinkranz, Claire",https://www.azlyrics.com/c/clairerosinkranz.html
Rossa,https://www.azlyrics.com/r/rossa.html
Ross Copperman,https://www.azlyrics.com/r/rosscopperman.html
"Rossdale, Gavin",https://www.azlyrics.com/r/rossdale.html
"Ross, Diana",https://www.azlyrics.com/d/dianaross.html
Ross Ellis,https://www.azlyrics.com/r/rossellis.html
"Rossi, Vasco",https://www.azlyrics.com/v/vascorossi.html
"Ross, Jason",https://www.azlyrics.com/j/jasonross.html
"Ross, Juke",https://www.azlyrics.com/j/jukeross.html
"Ross, Kevin",https://www.azlyrics.com/k/kevinross.html
Ross Lynch,https://www.azlyrics.com/r/rosslynch.html
"Ross, Sarah",https://www.azlyrics.com/s/sarahross.html
"Rossum, Emmy",https://www.azlyrics.com/e/emmyrossum.html
"Ross, Wilbert",https://www.azlyrics.com/w/wilbertross.html
Rostam,https://www.azlyrics.com/r/rostam.html
"Roth, Asher",https://www.azlyrics.com/a/asherroth.html
"Roth, David Lee",https://www.azlyrics.com/d/davidleeroth.html
Rothy,https://www.azlyrics.com/r/rothy.html
Rotimi,https://www.azlyrics.com/r/rotimi.html
Rotting Christ,https://www.azlyrics.com/r/rottingchrist.html
Rotting Out,https://www.azlyrics.com/r/rottingout.html
"Roudette, Marlon",https://www.azlyrics.com/m/marlonroudette.html
Round2Crew,https://www.azlyrics.com/r/round2crew.html
"Roussos, Demis",https://www.azlyrics.com/d/demisroussos.html
Route 94,https://www.azlyrics.com/r/route94.html
"Rovazzi, Fabio",https://www.azlyrics.com/f/fabiorovazzi.html
Rowan Blanchard,https://www.azlyrics.com/r/rowanblanchard.html
Rowdy Rebel,https://www.azlyrics.com/r/rowdyrebel.html
"Rowland, Kelly",https://www.azlyrics.com/r/rowland.html
Roxette,https://www.azlyrics.com/r/roxette.html
Roxy Music,https://www.azlyrics.com/r/roxymusic.html
Royal Bliss,https://www.azlyrics.com/r/royalbliss.html
Royal Blood,https://www.azlyrics.com/r/royalblood.html
"Royal Concept, The",https://www.azlyrics.com/r/royalconcept.html
Royal Deluxe,https://www.azlyrics.com/r/royaldeluxe.html
"Royal Guardsmen, The",https://www.azlyrics.com/r/royalguardsmen.html
Royal Republic,https://www.azlyrics.com/r/royalrepublic.html
Royal Tailor,https://www.azlyrics.com/r/royaltailor.html
Royal & The Serpent,https://www.azlyrics.com/r/royaltheserpent.html
Royal Tusk,https://www.azlyrics.com/r/royaltusk.html
Royalty,https://www.azlyrics.com/r/royalty.html
Roy Blair,https://www.azlyrics.com/r/royblair.html
"Royce Da 5'9""",https://www.azlyrics.com/r/royceda59.html
Roy English,https://www.azlyrics.com/r/royenglish.html
"Roy, Jonathan",https://www.azlyrics.com/j/jonathanroy.html
"Roy Jones, Jr.",https://www.azlyrics.com/r/roy-jones-jr.html
Roy Kim,https://www.azlyrics.com/r/roykim.html
Royksopp,https://www.azlyrics.com/r/royksopp.html
"Roy, Lesley",https://www.azlyrics.com/l/lesleyroy.html
Roy Orbison,https://www.azlyrics.com/r/royorbison.html
Roy Purdy,https://www.azlyrics.com/r/roypurdy.html
Roy Woods,https://www.azlyrics.com/r/roywoods.html
Rozei,https://www.azlyrics.com/r/rozei.html
ROZES,https://www.azlyrics.com/r/rozes.html
Rozzi Crane,https://www.azlyrics.com/r/rozzicrane.html
Rozz Kalliope,https://www.azlyrics.com/r/rozzkalliope.html
RSAC,https://www.azlyrics.com/r/rsac.html
Ruben,https://www.azlyrics.com/r/ruben.html
"Rubens, The",https://www.azlyrics.com/r/rubens.html
Ruben Studdard,https://www.azlyrics.com/s/studdard.html
"Rubettes, The",https://www.azlyrics.com/r/rubettes.html
"Rubio, Paulina",https://www.azlyrics.com/r/rubio.html
Rubi Rose,https://www.azlyrics.com/r/rubirose.html
Ruby Fields,https://www.azlyrics.com/r/rubyfields.html
Rucka Rucka Ali,https://www.azlyrics.com/r/ruckaruckaali.html
"Rucker, Darius",https://www.azlyrics.com/d/dariusrucker.html
"Rudd, Xavier",https://www.azlyrics.com/x/xavierrudd.html
Rudimental,https://www.azlyrics.com/r/rudimental.html
"Rudolf, Kevin",https://www.azlyrics.com/k/kevinrudolf.html
Rudy Mancuso,https://www.azlyrics.com/r/rudymancuso.html
"Rue, Ben",https://www.azlyrics.com/b/benrue.html
Ruel,https://www.azlyrics.com/r/ruel.html
Ruelle,https://www.azlyrics.com/r/ruelle.html
"Ruess, Nate",https://www.azlyrics.com/n/nateruess.html
Ruff Endz,https://www.azlyrics.com/r/ruffendz.html
"Ruffin, Jimmy",https://www.azlyrics.com/j/jimmyruffin.html
"Ruffo, Johnny",https://www.azlyrics.com/j/johnnyruffo.html
Ruff Ryders,https://www.azlyrics.com/r/ruffryders.html
Rufio,https://www.azlyrics.com/r/rufio.html
Rufus,https://www.azlyrics.com/r/rufus.html
RÜFÜS DU SOL,https://www.azlyrics.com/r/rufusdusol.html
Rufus Wainwright,https://www.azlyrics.com/w/wainwright.html
Rumahoy,https://www.azlyrics.com/r/rumahoy.html
Rumer,https://www.azlyrics.com/r/rumer.html
"Rumjacks, The",https://www.azlyrics.com/r/rumjacks.html
Runaway June,https://www.azlyrics.com/r/runawayjune.html
"Runaways, The",https://www.azlyrics.com/r/runaways.html
"Rundgren, Todd",https://www.azlyrics.com/t/toddrundgren.html
"Rundle, Emma Ruth",https://www.azlyrics.com/e/emmaruthrundle.html
Run DMC,https://www.azlyrics.com/r/rundmc.html
"Runga, Bic",https://www.azlyrics.com/b/bicrunga.html
Runner Runner,https://www.azlyrics.com/r/runnerrunner.html
Running Touch,https://www.azlyrics.com/r/runningtouch.html
Runrig,https://www.azlyrics.com/r/runrig.html
Run River North,https://www.azlyrics.com/r/runrivernorth.html
Run The Jewels,https://www.azlyrics.com/r/runthejewels.html
Runtown,https://www.azlyrics.com/r/runtown.html
RuPaul,https://www.azlyrics.com/r/rupaul.html
Rupee,https://www.azlyrics.com/r/rupee.html
Rupert Holmes,https://www.azlyrics.com/r/rupertholmes.html
Rush,https://www.azlyrics.com/r/rush.html
"Rush, David",https://www.azlyrics.com/d/davidrush.html
"Rushen, Patrice",https://www.azlyrics.com/p/patricerushen.html
"Rush, Jennifer",https://www.azlyrics.com/j/jenniferrush.html
Rush Of Fools,https://www.azlyrics.com/r/rushoffools.html
Russ,https://www.azlyrics.com/r/russ.html
Russell Dickerson,https://www.azlyrics.com/r/russelldickerson.html
"Russell, Leon",https://www.azlyrics.com/l/leonrussell.html
Russian Red,https://www.azlyrics.com/r/russianred.html
"Russo, Anthony",https://www.azlyrics.com/a/anthonyrusso.html
"Russo, Cailin",https://www.azlyrics.com/c/cailinrusso.html
Russ Splash,https://www.azlyrics.com/r/russsplash.html
Rustage,https://www.azlyrics.com/r/rustage.html
Rusted Root,https://www.azlyrics.com/r/rustedroot.html
Ruston Kelly,https://www.azlyrics.com/r/rustonkelly.html
RuthAnne,https://www.azlyrics.com/r/ruthanne.html
Ruth B.,https://www.azlyrics.com/r/ruthb.html
"Rutherford, Jesse",https://www.azlyrics.com/j/jesserutherford.html
Ruti,https://www.azlyrics.com/r/ruti.html
Rx Bandits,https://www.azlyrics.com/r/rxbandits.html
Ryan Adams,https://www.azlyrics.com/a/adamsr.html
Ryan Amador,https://www.azlyrics.com/r/ryanamador.html
Ryan Beatty,https://www.azlyrics.com/r/ryanbeatty.html
"Ryan, Beau",https://www.azlyrics.com/b/beauryan.html
"Ryan, Bianca",https://www.azlyrics.com/b/biancaryan.html
Ryan Bingham,https://www.azlyrics.com/r/ryanbingham.html
Ryan Cabrera,https://www.azlyrics.com/c/cabrera.html
Ryan Caraveo,https://www.azlyrics.com/r/ryancaraveo.html
"Ryan, Charlie",https://www.azlyrics.com/c/charlieryan.html
RyanDan,https://www.azlyrics.com/r/ryandan.html
"Ryan, Debby",https://www.azlyrics.com/d/debbyryan.html
"Ryan, Derek",https://www.azlyrics.com/d/derekryan.html
Ryan Duarte,https://www.azlyrics.com/d/duarte.html
Ryan Higa,https://www.azlyrics.com/r/ryanhiga.html
Ryan Hurd,https://www.azlyrics.com/r/ryanhurd.html
"Ryan, Kate",https://www.azlyrics.com/k/kateryan.html
Ryan Kinder,https://www.azlyrics.com/r/ryankinder.html
"Ryan, Lee",https://www.azlyrics.com/l/leeryan.html
Ryan Leslie,https://www.azlyrics.com/r/ryanleslie.html
Ryan Malcolm,https://www.azlyrics.com/m/malcolm.html
Ryan Oakes,https://www.azlyrics.com/r/ryanoakes.html
Ryan O'Shaughnessy,https://www.azlyrics.com/r/ryanoshaughnessy.html
"Ryan, Phoebe",https://www.azlyrics.com/p/phoeberyan.html
Ryan Riback,https://www.azlyrics.com/r/ryanriback.html
Ryan Star,https://www.azlyrics.com/r/ryanstar.html
Ryan Stevenson,https://www.azlyrics.com/r/ryanstevenson.html
Ryan Trey,https://www.azlyrics.com/r/ryantrey.html
"Rybak, Alexander",https://www.azlyrics.com/a/alexanderrybak.html
Ry Cooder,https://www.azlyrics.com/r/rycooder.html
"Rydell, Bobby",https://www.azlyrics.com/b/bobbyrydell.html
"Ryder, Serena",https://www.azlyrics.com/s/serenaryder.html
Rye Rye,https://www.azlyrics.com/r/ryerye.html
Rygin King,https://www.azlyrics.com/r/ryginking.html
Rylo Rodriguez,https://www.azlyrics.com/r/rylorodriguez.html
Ryn Weaver,https://www.azlyrics.com/r/rynweaver.html
Rynx,https://www.azlyrics.com/r/rynx.html
RY X,https://www.azlyrics.com/r/ryx.html
RZA,https://www.azlyrics.com/r/rza.html
"Rzeznik, Johnny",https://www.azlyrics.com/r/rzeznik.html
