"Jaar, Nicolas",https://www.azlyrics.com/n/nicolasjaar.html
Jace Everett,https://www.azlyrics.com/j/jaceeverett.html
Jacin Trill,https://www.azlyrics.com/j/jacintrill.html
Jaci Velasquez,https://www.azlyrics.com/j/jacivelasquez.html
Jack,https://www.azlyrics.com/j/jack.html
"Jacka, The",https://www.azlyrics.com/j/jacka.html
Jackboy,https://www.azlyrics.com/j/jackboy.html
Jack Curley,https://www.azlyrics.com/j/jackcurley.html
Jack Garratt,https://www.azlyrics.com/j/jackgarratt.html
Jack Gilinsky,https://www.azlyrics.com/j/jackgilinsky.html
Jack Gray,https://www.azlyrics.com/j/jackgray.html
Jack Harlow,https://www.azlyrics.com/j/jackharlow.html
"Jackie Boyz, The",https://www.azlyrics.com/j/jackieboyz.html
Jackie Evancho,https://www.azlyrics.com/j/jackieevancho.html
Jackie Lee,https://www.azlyrics.com/j/jackielee.html
Jackie Thomas,https://www.azlyrics.com/j/jackiethomas.html
Jackie Wilson,https://www.azlyrics.com/j/jackiewilson.html
Jacki-O,https://www.azlyrics.com/j/jackio.html
Jack & Jack,https://www.azlyrics.com/j/jackjack.html
Jack Johnson,https://www.azlyrics.com/j/johnson.html
Jack Off Jill,https://www.azlyrics.com/j/jackoff.html
Jack River,https://www.azlyrics.com/j/jackriver.html
Jack Savoretti,https://www.azlyrics.com/j/jacksavoretti.html
Jack's Mannequin,https://www.azlyrics.com/j/jacksmannequin.html
Jackson 5,https://www.azlyrics.com/j/jackson5.html
"Jackson, Alan",https://www.azlyrics.com/j/jacksonal.html
Jackson Browne,https://www.azlyrics.com/j/jacksonbrowne.html
Jackson C. Frank,https://www.azlyrics.com/j/jacksoncfrank.html
"Jackson, Damar",https://www.azlyrics.com/d/damarjackson.html
"Jackson, Freddie",https://www.azlyrics.com/f/freddiejackson.html
Jackson Guthy,https://www.azlyrics.com/j/jacksonguthy.html
Jackson Krecioch,https://www.azlyrics.com/j/jacksonkrecioch.html
"Jackson, Leon",https://www.azlyrics.com/l/leonjackson.html
"Jackson, Michael",https://www.azlyrics.com/j/jackson.html
Jackson Michelson,https://www.azlyrics.com/j/jacksonmichelson.html
Jackson Penn,https://www.azlyrics.com/j/jacksonpenn.html
"Jacksons, The",https://www.azlyrics.com/j/jacksons.html
"Jackson, Trevor",https://www.azlyrics.com/t/trevorjackson.html
"Jackson, Wanda",https://www.azlyrics.com/w/wandajackson.html
Jackson Wang,https://www.azlyrics.com/j/jacksonwang.html
Jack Stauber,https://www.azlyrics.com/j/jackstauber.html
"Jacks, Terry",https://www.azlyrics.com/t/terryjacks.html
"Jack, Thomas",https://www.azlyrics.com/t/thomasjack.html
Jack U,https://www.azlyrics.com/j/jacku.html
Jack Wagner,https://www.azlyrics.com/j/jackwagner.html
Jack White,https://www.azlyrics.com/j/jackwhite.html
Jacky Chang,https://www.azlyrics.com/j/jackychang.html
Jackyl,https://www.azlyrics.com/j/jackyl.html
Jacob Banks,https://www.azlyrics.com/j/jacobbanks.html
Jacob Bryant,https://www.azlyrics.com/j/jacobbryant.html
Jacob Collier,https://www.azlyrics.com/j/jacobcollier.html
Jacob Latimore,https://www.azlyrics.com/j/jacoblatimore.html
Jacob Lee,https://www.azlyrics.com/j/jacoblee.html
Jacob Sartorius,https://www.azlyrics.com/j/jacobsartorius.html
"Jacobs, Drew",https://www.azlyrics.com/d/drewjacobs.html
Jacob Tillberg,https://www.azlyrics.com/j/jacobtillberg.html
Jacob Whitesides,https://www.azlyrics.com/j/jacobwhitesides.html
"Jacoby, Miles",https://www.azlyrics.com/m/milesjacoby.html
Jacquees,https://www.azlyrics.com/j/jacquees.html
Jacques Brel,https://www.azlyrics.com/j/jacquesbrel.html
Jacquie Lee,https://www.azlyrics.com/j/jacquielee.html
Jadakiss,https://www.azlyrics.com/j/jadakiss.html
Jade,https://www.azlyrics.com/j/jade.html
Jade Bird,https://www.azlyrics.com/j/jadebird.html
Jaded,https://www.azlyrics.com/j/jaded.html
Jade Novah,https://www.azlyrics.com/j/jadenovah.html
Jaden Smith,https://www.azlyrics.com/j/jadensmith.html
"Jade, Samantha",https://www.azlyrics.com/s/samanthajade.html
"Jaehn, Felix",https://www.azlyrics.com/f/felixjaehn.html
Jae Millz,https://www.azlyrics.com/j/jaemillz.html
"Jaffe, Sarah",https://www.azlyrics.com/s/sarahjaffe.html
Jagged Edge,https://www.azlyrics.com/j/jaggededge.html
"Jagger, Mick",https://www.azlyrics.com/j/jagger.html
Jagwar Twin,https://www.azlyrics.com/j/jagwartwin.html
Jah Cure,https://www.azlyrics.com/j/jahcure.html
Jaheim,https://www.azlyrics.com/j/jaheim.html
Jah Khalib,https://www.azlyrics.com/j/jahkhalib.html
Jahmiel,https://www.azlyrics.com/j/jahmiel.html
Jain,https://www.azlyrics.com/j/jain.html
Jaira Burns,https://www.azlyrics.com/j/jairaburns.html
Jairzinho,https://www.azlyrics.com/j/jairzinho.html
Jai Waetford,https://www.azlyrics.com/j/jaiwaetford.html
Jai Wolf,https://www.azlyrics.com/j/jaiwolf.html
Jakalope,https://www.azlyrics.com/j/jakalope.html
Jake B,https://www.azlyrics.com/j/jakeb.html
Jake Bugg,https://www.azlyrics.com/j/jakebugg.html
Jake Miller,https://www.azlyrics.com/j/jakemiller.html
Jake Owen,https://www.azlyrics.com/j/jakeowen.html
Jake Paul,https://www.azlyrics.com/j/jakepaul.html
Jake Scott,https://www.azlyrics.com/j/jakescott.html
Jake Wesley Rogers,https://www.azlyrics.com/j/jakewesleyrogers.html
Jake Zyrus,https://www.azlyrics.com/j/jakezyrus.html
Jakob Dylan,https://www.azlyrics.com/j/jakobdylan.html
Jakob Ogawa,https://www.azlyrics.com/j/jakobogawa.html
Jala Brat,https://www.azlyrics.com/j/jalabrat.html
Jala Brat & Buba Corelli,https://www.azlyrics.com/j/jalabratbubacorelli.html
Jalen McMillan,https://www.azlyrics.com/j/jalenmcmillan.html
Jalen Santoy,https://www.azlyrics.com/j/jalensantoy.html
J Alvarez,https://www.azlyrics.com/j/jalvarez.html
Jamaika,https://www.azlyrics.com/j/jamaika.html
Jamala,https://www.azlyrics.com/j/jamala.html
Jamby El Favo,https://www.azlyrics.com/j/jambyelfavo.html
Jamelia,https://www.azlyrics.com/j/jamelia.html
James,https://www.azlyrics.com/j/james.html
"James, Al",https://www.azlyrics.com/a/aljames.html
James Arthur,https://www.azlyrics.com/j/jamesarthur.html
James Barker Band,https://www.azlyrics.com/j/jamesbarkerband.html
James Bay,https://www.azlyrics.com/j/jamesbay.html
James Blake,https://www.azlyrics.com/j/jamesblake.html
James Blunt,https://www.azlyrics.com/j/jamesblunt.html
"James, Brendan",https://www.azlyrics.com/b/brendanjames.html
James Brown,https://www.azlyrics.com/j/jamesbrown.html
"James, Casey",https://www.azlyrics.com/c/caseyjames.html
"James, Colin",https://www.azlyrics.com/c/colinjames.html
"James, Duncan",https://www.azlyrics.com/d/duncanjames.html
James Durbin,https://www.azlyrics.com/j/jamesdurbin.html
"James, Eddie",https://www.azlyrics.com/e/eddiejames.html
"James, Elmore",https://www.azlyrics.com/e/elmorejames.html
"James, Etta",https://www.azlyrics.com/e/ettajames.html
James Fortune & FIYA,https://www.azlyrics.com/j/jamesfortune.html
James Gang,https://www.azlyrics.com/j/jamesgang.html
"James, Gavin",https://www.azlyrics.com/g/gavinjames.html
James Gillespie,https://www.azlyrics.com/j/jamesgillespie.html
"James, Hayden",https://www.azlyrics.com/h/haydenjames.html
James Hersey,https://www.azlyrics.com/j/jameshersey.html
James Hype,https://www.azlyrics.com/j/jameshype.html
James Ingram,https://www.azlyrics.com/j/jamesingram.html
"James, Leela",https://www.azlyrics.com/l/leelajames.html
"James, Luke",https://www.azlyrics.com/l/lukejames.html
James Maslow,https://www.azlyrics.com/j/jamesmaslow.html
James McMurtry,https://www.azlyrics.com/j/jamesmcmurtry.html
"James, Mitch",https://www.azlyrics.com/m/mitchjames.html
James Morrison,https://www.azlyrics.com/j/jamesmorrison.html
James Newman,https://www.azlyrics.com/j/jamesnewman.html
Jameson Rodgers,https://www.azlyrics.com/j/jamesonrodgers.html
James Otto,https://www.azlyrics.com/j/jamesotto.html
James Reid,https://www.azlyrics.com/j/jamesreid.html
James Reyne,https://www.azlyrics.com/j/jamesreyne.html
"James, Rick",https://www.azlyrics.com/r/rickjames.html
"James, Ro",https://www.azlyrics.com/r/rojames.html
"James, Shawn",https://www.azlyrics.com/s/shawnjames.html
James Smith,https://www.azlyrics.com/j/jamessmith.html
James Taylor,https://www.azlyrics.com/j/jamestaylor.html
"James, Tommy",https://www.azlyrics.com/t/tommyjames.html
Jamestown Story,https://www.azlyrics.com/j/jamestownstory.html
"James, Trinidad",https://www.azlyrics.com/t/trinidadjames.html
James TW,https://www.azlyrics.com/j/jamestw.html
James Vickery,https://www.azlyrics.com/j/jamesvickery.html
James Vincent McMorrow,https://www.azlyrics.com/j/jamesvincentmcmorrow.html
James Wesley,https://www.azlyrics.com/j/jameswesley.html
James Wright,https://www.azlyrics.com/j/jameswright.html
Jamey Johnson,https://www.azlyrics.com/j/jameyjohnson.html
Jamie Campbell Bower,https://www.azlyrics.com/j/jamiecampbellbower.html
Jamie Cullum,https://www.azlyrics.com/c/cullum.html
Jamie Dornan,https://www.azlyrics.com/j/jamiedornan.html
Jamie Foxx,https://www.azlyrics.com/j/jamiefoxx.html
Jamie Grace,https://www.azlyrics.com/j/jamiegrace.html
Jamie Lawson,https://www.azlyrics.com/j/jamielawson.html
Jamie Lynn Spears,https://www.azlyrics.com/j/jamielynnspears.html
Jamie McDell,https://www.azlyrics.com/j/jamiemcdell.html
Jamie N Commons,https://www.azlyrics.com/j/jamiencommons.html
Jamie O'Neal,https://www.azlyrics.com/j/jamieoneal.html
Jamie Rivera,https://www.azlyrics.com/j/jamierivera.html
Jamie Scott,https://www.azlyrics.com/j/jamiescott.html
Jamie's Elsewhere,https://www.azlyrics.com/j/jamieselsewhere.html
Jamie T,https://www.azlyrics.com/j/jamiet.html
Jamie Woon,https://www.azlyrics.com/j/jamiewoon.html
Jamie xx,https://www.azlyrics.com/j/jamiexx.html
Jamil,https://www.azlyrics.com/j/jamil.html
Jamila Woods,https://www.azlyrics.com/j/jamilawoods.html
JaMill,https://www.azlyrics.com/j/jamill.html
Jamiroquai,https://www.azlyrics.com/j/jamiroquai.html
"Jamison, Chris",https://www.azlyrics.com/c/chrisjamison.html
"Jamison, Henry",https://www.azlyrics.com/h/henryjamison.html
"Jam, Nicky",https://www.azlyrics.com/n/nickyjam.html
"Jam, The",https://www.azlyrics.com/j/jam.html
Jamule,https://www.azlyrics.com/j/jamule.html
Jana Kramer,https://www.azlyrics.com/j/janakramer.html
Jan & Dean,https://www.azlyrics.com/j/jandean.html
"JaneDear Girls, The",https://www.azlyrics.com/j/janedeargirls.html
"Jane, Delaney",https://www.azlyrics.com/d/delaneyjane.html
"Janeeta, Tata",https://www.azlyrics.com/t/tatajaneeta.html
Janella Salvador,https://www.azlyrics.com/j/janellasalvador.html
Janelle Monáe,https://www.azlyrics.com/j/janellemone.html
"Jane, Maddi",https://www.azlyrics.com/m/maddijane.html
Jane's Addiction,https://www.azlyrics.com/j/janesaddiction.html
Janet Devlin,https://www.azlyrics.com/j/janetdevlin.html
Janet Jackson,https://www.azlyrics.com/j/janete.html
Jane Zhang,https://www.azlyrics.com/j/janezhang.html
"Jang, Stella",https://www.azlyrics.com/s/stellajang.html
Janieck,https://www.azlyrics.com/j/janieck.html
Janine Berdin,https://www.azlyrics.com/j/janineberdin.html
Janine,https://www.azlyrics.com/j/janine.html
Janine Teñoso,https://www.azlyrics.com/j/janineteoso.html
Janis Ian,https://www.azlyrics.com/j/janisian.html
Janis Joplin,https://www.azlyrics.com/j/joplin.html
Janji,https://www.azlyrics.com/j/janji.html
JANNABI,https://www.azlyrics.com/j/jannabi.html
"Jannakos, Andrew",https://www.azlyrics.com/a/andrewjannakos.html
Jann Arden,https://www.azlyrics.com/j/jannarden.html
Janno Gibbs,https://www.azlyrics.com/j/jannogibbs.html
"Janoskians, The",https://www.azlyrics.com/j/janoskians.html
Jan-Rapowanie,https://www.azlyrics.com/j/janrapowanie.html
"Janson, Chris",https://www.azlyrics.com/c/chrisjanson.html
Jão,https://www.azlyrics.com/j/jao.html
Japan,https://www.azlyrics.com/j/japan.html
Japandroids,https://www.azlyrics.com/j/japandroids.html
Japanese Breakfast,https://www.azlyrics.com/j/japanesebreakfast.html
"Japanese House, The",https://www.azlyrics.com/j/japanesehouse.html
Jaron And The Long Road To Love,https://www.azlyrics.com/j/jaronandthelongroadtolove.html
"Jarosz, Sarah",https://www.azlyrics.com/s/sarahjarosz.html
"Jarreau, Al",https://www.azlyrics.com/a/aljarreau.html
Jarreau Vandal,https://www.azlyrics.com/j/jarreauvandal.html
Jarren Benton,https://www.azlyrics.com/j/jarrenbenton.html
Jarryd James,https://www.azlyrics.com/j/jarrydjames.html
Jars Of Clay,https://www.azlyrics.com/j/jarsofclay.html
Ja Rule,https://www.azlyrics.com/j/jarule.html
Jarvis,https://www.azlyrics.com/j/jarvis.html
Jarvis Cocker,https://www.azlyrics.com/j/jarviscocker.html
JASIAH,https://www.azlyrics.com/j/jasiah.html
Jasmine Murray,https://www.azlyrics.com/j/jasminemurray.html
Jasmine Thompson,https://www.azlyrics.com/j/jasminethompson.html
Jasmine Trias,https://www.azlyrics.com/j/jasminetrias.html
Jasmine Villegas,https://www.azlyrics.com/j/jasminevillegas.html
Jason Aldean,https://www.azlyrics.com/j/jasonaldean.html
Jason Blaine,https://www.azlyrics.com/j/jasonblaine.html
Jason Castro,https://www.azlyrics.com/j/jasoncastro.html
Jason Chen,https://www.azlyrics.com/j/jasonchen.html
Jason Derulo,https://www.azlyrics.com/j/jasonderulo.html
Jason Donovan,https://www.azlyrics.com/j/jasondonovan.html
Jason French,https://www.azlyrics.com/j/jasonfrench.html
Jason Gray,https://www.azlyrics.com/j/jasongray.html
Jason Isbell,https://www.azlyrics.com/j/jasonisbell.html
Jason Lancaster,https://www.azlyrics.com/j/jasonlancaster.html
Jason Michael Carroll,https://www.azlyrics.com/j/jasonmichaelcarroll.html
Jason Mraz,https://www.azlyrics.com/m/mraz.html
Jason Nelson,https://www.azlyrics.com/j/jasonnelson.html
Jason Ranti,https://www.azlyrics.com/j/jasonranti.html
Jason Reeves,https://www.azlyrics.com/j/jasonreeves.html
Jason Ross,https://www.azlyrics.com/j/jasonross.html
Jason Walker,https://www.azlyrics.com/j/jasonwalker.html
Jass Manak,https://www.azlyrics.com/j/jassmanak.html
"Jauregui, Lauren",https://www.azlyrics.com/l/laurenjauregui.html
Javier Colon,https://www.azlyrics.com/j/javiercolon.html
Javine,https://www.azlyrics.com/j/javine.html
Jawan Harris,https://www.azlyrics.com/j/jawanharris.html
Jawbreaker,https://www.azlyrics.com/j/jawbreaker.html
Jawga Boyz,https://www.azlyrics.com/j/jawgaboyz.html
Jawsh 685,https://www.azlyrics.com/j/jawsh685.html
J-Ax,https://www.azlyrics.com/j/jax.html
Jax Jones,https://www.azlyrics.com/j/jaxjones.html
JAXSON GAMBLE,https://www.azlyrics.com/j/jaxsongamble.html
JAY1,https://www.azlyrics.com/j/jay1.html
Jaya,https://www.azlyrics.com/j/jaya.html
"Jay, Ayo",https://www.azlyrics.com/a/ayojay.html
Jay Brannan,https://www.azlyrics.com/j/jaybrannan.html
Jay Chou,https://www.azlyrics.com/j/jaychou.html
Jay Critch,https://www.azlyrics.com/j/jaycritch.html
Jayda,https://www.azlyrics.com/j/jayda.html
JayDaYoungan,https://www.azlyrics.com/j/jaydayoungan.html
Jayden Bartels,https://www.azlyrics.com/j/jaydenbartels.html
"Jaye, Courtney",https://www.azlyrics.com/c/courtneyjaye.html
Jay Electronica,https://www.azlyrics.com/j/jayelectronica.html
Jay Gwuapo,https://www.azlyrics.com/j/jaygwuapo.html
Jayh,https://www.azlyrics.com/j/jayh.html
"Jayhawks, The",https://www.azlyrics.com/j/jayhawks.html
JayKae,https://www.azlyrics.com/j/jaykae.html
Jayme Dee,https://www.azlyrics.com/j/jaymedee.html
Jaymes Young,https://www.azlyrics.com/j/jaymesyoung.html
Jay Park,https://www.azlyrics.com/j/jaypark.html
Jay R,https://www.azlyrics.com/j/jayr.html
Jay Rock,https://www.azlyrics.com/j/jayrock.html
Jay-R Siaboc,https://www.azlyrics.com/j/jayrsiaboc.html
Jay Sean,https://www.azlyrics.com/j/jaysean.html
Jay Som,https://www.azlyrics.com/j/jaysom.html
JayteKz,https://www.azlyrics.com/j/jaytekz.html
Jay & The Americans,https://www.azlyrics.com/j/jaytheamericans.html
Jay Wheeler,https://www.azlyrics.com/j/jaywheeler.html
"Jay, Will",https://www.azlyrics.com/w/willjay.html
Jay-Z,https://www.azlyrics.com/j/jayz.html
Jaz,https://www.azlyrics.com/j/jaz.html
Jazmin Bean,https://www.azlyrics.com/j/jazminbean.html
Jazmine Sullivan,https://www.azlyrics.com/j/jazminesullivan.html
JAZN,https://www.azlyrics.com/j/jazn.html
Jazz Cartier,https://www.azlyrics.com/j/jazzcartier.html
Jazzy Bazz,https://www.azlyrics.com/j/jazzybazz.html
J Balvin,https://www.azlyrics.com/j/jbalvin.html
JBJ,https://www.azlyrics.com/j/jbj.html
JBJ95,https://www.azlyrics.com/j/jbj95.html
JBK,https://www.azlyrics.com/j/jbk.html
J Boog,https://www.azlyrics.com/j/jboog.html
JC Chasez,https://www.azlyrics.com/j/jcchasez.html
J. Cole,https://www.azlyrics.com/j/jcole.html
JC Stewart,https://www.azlyrics.com/j/jcstewart.html
JCY,https://www.azlyrics.com/j/jcy.html
J. Dash,https://www.azlyrics.com/j/jdash.html
J-Dawg,https://www.azlyrics.com/j/jdawg.html
JD Pantoja,https://www.azlyrics.com/j/jdpantoja.html
Jean Dawson,https://www.azlyrics.com/j/jeandawson.html
Jean Elan,https://www.azlyrics.com/j/jeanelan.html
Jean-Jacques Goldman,https://www.azlyrics.com/j/jeanjacquesgoldman.html
Jeannie C. Riley,https://www.azlyrics.com/j/jeanniecriley.html
Jeannie Ortega,https://www.azlyrics.com/j/jeannieortega.html
Jebediah,https://www.azlyrics.com/j/jebediah.html
Jebroer,https://www.azlyrics.com/j/jebroer.html
Jedi Mind Tricks,https://www.azlyrics.com/j/jedimindtricks.html
Jed Madela,https://www.azlyrics.com/j/jedmadela.html
Jedward,https://www.azlyrics.com/j/jedward.html
JEEMBO,https://www.azlyrics.com/j/jeembo.html
Jeff Beck,https://www.azlyrics.com/j/jeffbeck.html
Jeff Bernat,https://www.azlyrics.com/j/jeffbernat.html
Jeff Bridges,https://www.azlyrics.com/j/jeffbridges.html
Jeff Buckley,https://www.azlyrics.com/j/jeffbuckley.html
Jefferson Airplane,https://www.azlyrics.com/j/jeffersonairplane.html
Jefferson Starship,https://www.azlyrics.com/j/jeffersonstarship.html
"Jeffery, Sarah",https://www.azlyrics.com/s/sarahjeffery.html
"Jeff Healey Band, The",https://www.azlyrics.com/j/jeffhealeyband.html
Jeff Lewis,https://www.azlyrics.com/j/jefflewis.html
Jeffree Star,https://www.azlyrics.com/j/jeffreestar.html
Jeffrey James,https://www.azlyrics.com/j/jeffreyjames.html
Jeffrey Osborne,https://www.azlyrics.com/j/jeffreyosborne.html
"Jeffries, Chantel",https://www.azlyrics.com/c/chanteljeffries.html
Jeff Rosenstock,https://www.azlyrics.com/j/jeffrosenstock.html
Jeff Tweedy,https://www.azlyrics.com/j/jefftweedy.html
Jeff Williams,https://www.azlyrics.com/j/jeffwilliams.html
Jekalyn Carr,https://www.azlyrics.com/j/jekalyncarr.html
"Jelen, Ben",https://www.azlyrics.com/j/jelen.html
Jellyfish,https://www.azlyrics.com/j/jellyfish.html
Jelly Roll,https://www.azlyrics.com/j/jellyroll.html
Jem,https://www.azlyrics.com/j/jem.html
Jem Cubil,https://www.azlyrics.com/j/jemcubil.html
Jem Macatuno,https://www.azlyrics.com/j/jemmacatuno.html
Jenifer,https://www.azlyrics.com/j/jenifer.html
"Jenkins, Gethen",https://www.azlyrics.com/g/gethenjenkins.html
"Jenkins, Katherine",https://www.azlyrics.com/k/katherinejenkins.html
"Jenkins, Mick",https://www.azlyrics.com/m/mickjenkins.html
Jenna Davis,https://www.azlyrics.com/j/jennadavis.html
Jenna Raine,https://www.azlyrics.com/j/jennaraine.html
Jennette McCurdy,https://www.azlyrics.com/j/jennettemccurdy.html
Jennie,https://www.azlyrics.com/j/jennie.html
Jennifer Hudson,https://www.azlyrics.com/j/jenniferhudson.html
Jennifer Lawrence,https://www.azlyrics.com/j/jenniferlawrence.html
Jennifer Lopez,https://www.azlyrics.com/l/lopez.html
Jennifer Love Hewitt,https://www.azlyrics.com/h/hewitt.html
Jennifer Nettles,https://www.azlyrics.com/j/jennifernettles.html
Jennifer Paige,https://www.azlyrics.com/j/jenniferpaige.html
Jennifer Rush,https://www.azlyrics.com/j/jenniferrush.html
Jennifer Warnes,https://www.azlyrics.com/j/jenniferwarnes.html
"Jennings, Lyfe",https://www.azlyrics.com/l/lyfe.html
"Jennings, Mason",https://www.azlyrics.com/j/jennings.html
"Jennings, Shooter",https://www.azlyrics.com/s/shooterjennings.html
"Jennings, Struggle",https://www.azlyrics.com/s/strugglejennings.html
"Jennings, Waylon",https://www.azlyrics.com/w/waylonjennings.html
Jenni Rivera,https://www.azlyrics.com/j/jennirivera.html
Jenny And The Mexicats,https://www.azlyrics.com/j/jennyandthemexicats.html
Jenny Hval,https://www.azlyrics.com/j/jennyhval.html
Jenny Lewis,https://www.azlyrics.com/j/jennylewis.html
"Jensen, Adam",https://www.azlyrics.com/a/adamjensen.html
"Jensen, Martin",https://www.azlyrics.com/m/martinjensen.html
Jentina,https://www.azlyrics.com/j/jentina.html
Jeong Eun Ji,https://www.azlyrics.com/j/jeongeunji.html
Jeong Sewoon,https://www.azlyrics.com/j/jeongsewoon.html
"Jepsen, Carly Rae",https://www.azlyrics.com/c/carlyraejepsen.html
Jeremih,https://www.azlyrics.com/j/jeremih.html
Jeremy Camp,https://www.azlyrics.com/j/jeremycamp.html
Jeremy Loops,https://www.azlyrics.com/j/jeremyloops.html
Jeremy Passion,https://www.azlyrics.com/j/jeremypassion.html
Jeremy Renner,https://www.azlyrics.com/j/jeremyrenner.html
Jeremy Riddle,https://www.azlyrics.com/j/jeremyriddle.html
Jeremy Zucker,https://www.azlyrics.com/j/jeremyzucker.html
Jericho Rosales,https://www.azlyrics.com/j/jerichorosales.html
Jerk,https://www.azlyrics.com/j/jerk.html
Jermaine Dupri (JD),https://www.azlyrics.com/j/jd.html
Jermaine Jackson,https://www.azlyrics.com/j/jermainejackson.html
Jerrod Niemann,https://www.azlyrics.com/j/jerrodniemann.html
Jerry Cantrell,https://www.azlyrics.com/j/jerrycantrell.html
Jerry Di,https://www.azlyrics.com/j/jerrydi.html
Jerry Heil,https://www.azlyrics.com/j/jerryheil.html
Jerry Jeff Walker,https://www.azlyrics.com/j/jerryjeffwalker.html
Jerry Lee Lewis,https://www.azlyrics.com/j/jerryleelewis.html
Jerry Reed,https://www.azlyrics.com/j/jerryreed.html
Jerry Smith,https://www.azlyrics.com/j/jerrysmith.html
"Jerzak, Stephen",https://www.azlyrics.com/s/stephenjerzak.html
Jerzee Monet,https://www.azlyrics.com/m/monet.html
Jes Hudak,https://www.azlyrics.com/j/jeshudak.html
Jess And Gabriel,https://www.azlyrics.com/j/jessandgabriel.html
JessB,https://www.azlyrics.com/j/jessb.html
Jess Benko,https://www.azlyrics.com/j/jessbenko.html
Jesse & Joy,https://www.azlyrics.com/j/jessejoy.html
Jesse Labelle,https://www.azlyrics.com/j/jesselabelle.html
Jesse McCartney,https://www.azlyrics.com/m/mccartney.html
Jesse Powell,https://www.azlyrics.com/j/jessepowell.html
Jesse Rutherford,https://www.azlyrics.com/j/jesserutherford.html
Jess Glynne,https://www.azlyrics.com/j/jessglynne.html
Jess Godwin,https://www.azlyrics.com/j/jessgodwin.html
Jessi,https://www.azlyrics.com/j/jessi.html
Jessica Andrews,https://www.azlyrics.com/a/andrews.html
Jessica Harp,https://www.azlyrics.com/j/jessicaharp.html
Jessica Jarrell,https://www.azlyrics.com/j/jessicajarrell.html
Jessica Lowndes,https://www.azlyrics.com/j/jessicalowndes.html
Jessica Mauboy,https://www.azlyrics.com/j/jessicamauboy.html
Jessica Pratt,https://www.azlyrics.com/j/jessicapratt.html
Jessica Reedy,https://www.azlyrics.com/j/jessicareedy.html
Jessica Sanchez,https://www.azlyrics.com/j/jessicasanchez.html
Jessica Simpson,https://www.azlyrics.com/s/simpson.html
Jessica Sutta,https://www.azlyrics.com/j/jessicasutta.html
Jessi Colter,https://www.azlyrics.com/j/jessicolter.html
Jessie Farrell,https://www.azlyrics.com/j/jessiefarrell.html
Jessie James Decker,https://www.azlyrics.com/j/jessiejames.html
Jessie J,https://www.azlyrics.com/j/jessiej.html
Jessie Reyez,https://www.azlyrics.com/j/jessiereyez.html
Jessie Ware,https://www.azlyrics.com/j/jessieware.html
Jess Moskaluke,https://www.azlyrics.com/j/jessmoskaluke.html
Jesto,https://www.azlyrics.com/j/jesto.html
"Jesus And Mary Chain, The",https://www.azlyrics.com/j/jesusandmarychain.html
Jesus Christ Superstar Cast,https://www.azlyrics.com/j/jesuschristsuperstarcast.html
Jesus Culture,https://www.azlyrics.com/j/jesusculture.html
Jesus Jones,https://www.azlyrics.com/j/jesusjones.html
Jet,https://www.azlyrics.com/j/jet.html
Jet Black Stare,https://www.azlyrics.com/j/jetblackstare.html
Jethro Tull,https://www.azlyrics.com/j/jethrotull.html
"Jets, The",https://www.azlyrics.com/j/jets.html
Jets To Brazil,https://www.azlyrics.com/j/jetstobrazil.html
Jetta,https://www.azlyrics.com/j/jetta.html
Jewel,https://www.azlyrics.com/j/jewel.html
"Jewell, Eilen",https://www.azlyrics.com/e/eilenjewell.html
"Jezabels, The",https://www.azlyrics.com/j/jezabels.html
Jez Dior,https://www.azlyrics.com/j/jezdior.html
"J. Geils Band, The",https://www.azlyrics.com/j/jgeilsband.html
JGrrey,https://www.azlyrics.com/j/jgrrey.html
Jhay Cortez,https://www.azlyrics.com/j/jhaycortez.html
Jhene Aiko,https://www.azlyrics.com/j/jhene.html
J. Holiday,https://www.azlyrics.com/j/jholiday.html
J-Hope,https://www.azlyrics.com/j/jhope.html
J Hus,https://www.azlyrics.com/j/jhus.html
Jibbs,https://www.azlyrics.com/j/jibbs.html
JID,https://www.azlyrics.com/j/jid.html
Jidenna,https://www.azlyrics.com/j/jidenna.html
Jigsaw,https://www.azlyrics.com/j/jigsaw.html
Jigzaw,https://www.azlyrics.com/j/jigzaw.html
Jillette Johnson,https://www.azlyrics.com/j/jillettejohnson.html
Jillian Jacqueline,https://www.azlyrics.com/j/jillianjacqueline.html
Jill Scott,https://www.azlyrics.com/s/scott.html
JILLZAY,https://www.azlyrics.com/j/jillzay.html
Jim Brickman,https://www.azlyrics.com/j/jimbrickman.html
Jim Croce,https://www.azlyrics.com/j/jimcroce.html
Jim Cuddy,https://www.azlyrics.com/j/jimcuddy.html
Jim-E Stack,https://www.azlyrics.com/j/jimestack.html
Jimi Hendrix,https://www.azlyrics.com/j/jimihendrix.html
Jimilian,https://www.azlyrics.com/j/jimilian.html
Jimin,https://www.azlyrics.com/j/jimin.html
Jimin (AOA),https://www.azlyrics.com/j/jiminaoa.html
Jim James,https://www.azlyrics.com/j/jimjames.html
Jim Jones,https://www.azlyrics.com/j/jimjones.html
Jimmie Allen,https://www.azlyrics.com/j/jimmieallen.html
Jimmie's Chicken Shack,https://www.azlyrics.com/j/jimmieschickenshack.html
Jimmy Barnes,https://www.azlyrics.com/j/jimmybarnes.html
Jimmy Bondoc,https://www.azlyrics.com/b/bondoc.html
Jimmy Boyd,https://www.azlyrics.com/j/jimmyboyd.html
Jimmy Buffett,https://www.azlyrics.com/j/jimmybuffett.html
Jimmy Cliff,https://www.azlyrics.com/j/jimmycliff.html
Jimmy Cozier,https://www.azlyrics.com/c/cozier.html
Jimmy Dean,https://www.azlyrics.com/j/jimmydean.html
Jimmy Durante,https://www.azlyrics.com/j/jimmydurante.html
Jimmy Eat World,https://www.azlyrics.com/j/jimmyeatworld.html
Jimmy Fallon,https://www.azlyrics.com/f/fallon.html
Jimmy Nail,https://www.azlyrics.com/j/jimmynail.html
Jimmy Needham,https://www.azlyrics.com/j/jimmyneedham.html
Jimmy Nevis,https://www.azlyrics.com/j/jimmynevis.html
Jimmy Reed,https://www.azlyrics.com/j/jimmyreed.html
Jimmy Ruffin,https://www.azlyrics.com/j/jimmyruffin.html
Jimmy Wayne,https://www.azlyrics.com/w/wayne.html
Jimmy Wopo,https://www.azlyrics.com/j/jimmywopo.html
Jim Reeves,https://www.azlyrics.com/j/jimreeves.html
Jim Verraros,https://www.azlyrics.com/j/jimverraros.html
Jim White,https://www.azlyrics.com/j/jimwhite.html
Jin (BTS),https://www.azlyrics.com/j/jinbts.html
Jinjer,https://www.azlyrics.com/j/jinjer.html
"Jinks, Cody",https://www.azlyrics.com/c/codyjinks.html
Jin,https://www.azlyrics.com/j/jin.html
JINU,https://www.azlyrics.com/j/jinu.html
Jireel,https://www.azlyrics.com/j/jireel.html
Jireh Lim,https://www.azlyrics.com/j/jirehlim.html
J.I.,https://www.azlyrics.com/j/ji.html
Jiyeon,https://www.azlyrics.com/j/jiyeon.html
JJAMZ,https://www.azlyrics.com/j/jjamz.html
JJ Cale,https://www.azlyrics.com/j/jjcale.html
JJ Demon,https://www.azlyrics.com/j/jjdemon.html
JJ Grey & Mofro,https://www.azlyrics.com/j/jjgreymofro.html
JJ Hairston & Youthful Praise,https://www.azlyrics.com/j/jjhairstonyouthfulpraise.html
JJ Heller,https://www.azlyrics.com/j/jjheller.html
JJ Lawhorn,https://www.azlyrics.com/j/jjlawhorn.html
J-Jon,https://www.azlyrics.com/j/jjon.html
JJ Project,https://www.azlyrics.com/j/jjproject.html
JKT48,https://www.azlyrics.com/j/jkt48.html
J-Kwon,https://www.azlyrics.com/j/jkwon.html
JLS,https://www.azlyrics.com/j/jls.html
J Mascis,https://www.azlyrics.com/j/jmascis.html
J Mascis + The Fog,https://www.azlyrics.com/j/jmascisthefog.html
JM Bales,https://www.azlyrics.com/j/jmbales.html
JM De Guzman,https://www.azlyrics.com/j/jmdeguzman.html
Jme,https://www.azlyrics.com/j/jme.html
j mena,https://www.azlyrics.com/j/jimenabaron.html
J. Moss,https://www.azlyrics.com/j/jmoss.html
JMSN,https://www.azlyrics.com/j/jmsn.html
Jnske,https://www.azlyrics.com/j/jnske.html
Joakim Lundell,https://www.azlyrics.com/j/joakimlundell.html
Joakim Molitor,https://www.azlyrics.com/j/joakimmolitor.html
joan,https://www.azlyrics.com/j/joan.html
Joan Armatrading,https://www.azlyrics.com/j/joanarmatrading.html
Joan Baez,https://www.azlyrics.com/j/joanbaez.html
Joan Jett And The Blackhearts,https://www.azlyrics.com/j/joanjettandtheblackhearts.html
Joan Manuel Serrat,https://www.azlyrics.com/j/joanmanuelserrat.html
Joanna Newsom,https://www.azlyrics.com/j/joannanewsom.html
Joan Osborne,https://www.azlyrics.com/j/joanosborne.html
Joaquin Sabina,https://www.azlyrics.com/j/joaquinsabina.html
"Jobe, Kari",https://www.azlyrics.com/k/karijobe.html
Job For A Cowboy,https://www.azlyrics.com/j/jobforacowboy.html
Jocelyn Alice,https://www.azlyrics.com/j/jocelynalice.html
Jodeci,https://www.azlyrics.com/j/jodeci.html
Jo Dee Messina,https://www.azlyrics.com/j/jodeemessina.html
"Jodie, Brisia",https://www.azlyrics.com/b/brisiajodie.html
Jodie Connor,https://www.azlyrics.com/j/jodieconnor.html
Jody Watley,https://www.azlyrics.com/j/jodywatley.html
Joe,https://www.azlyrics.com/j/joe.html
Joe Bonamassa,https://www.azlyrics.com/j/joebonamassa.html
Joeboy,https://www.azlyrics.com/j/joeboy.html
Joe Brooks,https://www.azlyrics.com/j/joebrooks.html
Joe Budden,https://www.azlyrics.com/b/budden.html
Joe Cocker,https://www.azlyrics.com/j/joecocker.html
Joe Dassin,https://www.azlyrics.com/j/joedassin.html
Joe Diffie,https://www.azlyrics.com/j/joediffie.html
Joe Exotic,https://www.azlyrics.com/j/joeexotic.html
Joe Gifted,https://www.azlyrics.com/j/joegifted.html
Joe Hertz,https://www.azlyrics.com/j/joehertz.html
Joe Jackson,https://www.azlyrics.com/j/joejackson.html
Joe Jonas,https://www.azlyrics.com/j/joejonas.html
Joel Adams,https://www.azlyrics.com/j/joeladams.html
"Joel, Billy",https://www.azlyrics.com/b/billyjoel.html
Joel Corry,https://www.azlyrics.com/j/joelcorry.html
Joel Faviere,https://www.azlyrics.com/j/joelfaviere.html
Joell Ortiz,https://www.azlyrics.com/j/joellortiz.html
Joel Piper,https://www.azlyrics.com/j/joelpiper.html
Joel Turner & The Modern Day Poets,https://www.azlyrics.com/j/joelturnerthemoderndaypoets.html
Joe McElderry,https://www.azlyrics.com/j/joemcelderry.html
Joe Moses,https://www.azlyrics.com/j/joe-moses.html
Joe Nichols,https://www.azlyrics.com/j/joenichols.html
Joe South,https://www.azlyrics.com/j/joesouth.html
Joe Walsh,https://www.azlyrics.com/j/joewalsh.html
Joe Weller,https://www.azlyrics.com/j/joeweller.html
JoeyAK,https://www.azlyrics.com/j/joeyak.html
Joey Bada$$,https://www.azlyrics.com/j/joeybada.html
Joey Batey,https://www.azlyrics.com/j/joeybatey.html
Joey Djia,https://www.azlyrics.com/j/joeydjia.html
Joey Dosik,https://www.azlyrics.com/j/joeydosik.html
Joey Graceffa,https://www.azlyrics.com/j/joeygraceffa.html
Joey McIntyre,https://www.azlyrics.com/m/mcintyre.html
Joey Montana,https://www.azlyrics.com/j/joeymontana.html
Joey + Rory,https://www.azlyrics.com/j/joeyrory.html
Joey Trap,https://www.azlyrics.com/j/joeytrap.html
Johannes Oerding,https://www.azlyrics.com/j/johannesoerding.html
"Johansson, Axel",https://www.azlyrics.com/a/axeljohansson.html
"Johansson, Scarlett",https://www.azlyrics.com/s/scarlettjohansson.html
John Anderson,https://www.azlyrics.com/j/johnanderson.html
John Butler Trio,https://www.azlyrics.com/j/johnbutlertrio.html
John C,https://www.azlyrics.com/j/johnc.html
John Cafferty & The Beaver Brown Band,https://www.azlyrics.com/j/johncaffertythebeaverbrownband.html
John Cale,https://www.azlyrics.com/j/johncale.html
John Cena,https://www.azlyrics.com/j/johncena.html
John Conlee,https://www.azlyrics.com/j/johnconlee.html
John Denver,https://www.azlyrics.com/j/johndenver.html
"John, Elton",https://www.azlyrics.com/j/john.html
John Farnham,https://www.azlyrics.com/j/johnfarnham.html
John Floreani,https://www.azlyrics.com/j/johnfloreani.html
John Fogerty,https://www.azlyrics.com/j/johnfogerty.html
John Fred & His Playboy Band,https://www.azlyrics.com/j/johnfredhisplayboyband.html
John Frusciante,https://www.azlyrics.com/j/johnfrusciante.html
John Gabbana,https://www.azlyrics.com/j/johngabbana.html
John Gibbons,https://www.azlyrics.com/j/johngibbons.html
John Grant,https://www.azlyrics.com/j/johngrant.html
John Hiatt,https://www.azlyrics.com/j/johnhiatt.html
John K,https://www.azlyrics.com/j/johnk.html
John King,https://www.azlyrics.com/j/johnking.html
John Legend,https://www.azlyrics.com/j/johnlegend.html
John Lennon,https://www.azlyrics.com/j/johnlennon.html
John Lundvik,https://www.azlyrics.com/j/johnlundvik.html
John Mark McMillan,https://www.azlyrics.com/j/johnmarkmcmillan.html
John Martin,https://www.azlyrics.com/j/johnmartin.html
John Martyn,https://www.azlyrics.com/j/johnmartyn.html
John Maus,https://www.azlyrics.com/j/johnmaus.html
John Mayall,https://www.azlyrics.com/j/johnmayall.html
John Mayer,https://www.azlyrics.com/m/mayer.html
John Mellencamp,https://www.azlyrics.com/j/johnmellencamp.html
John Michael Montgomery,https://www.azlyrics.com/j/johnmichaelmontgomery.html
John Moreland,https://www.azlyrics.com/j/johnmoreland.html
John Newman,https://www.azlyrics.com/j/johnnewman.html
Johnnie Guilbert,https://www.azlyrics.com/j/johnnieguilbert.html
John Nolan,https://www.azlyrics.com/j/johnnolan.html
Johnny Apple,https://www.azlyrics.com/j/johnnyapple.html
Johnny Cash,https://www.azlyrics.com/c/cash.html
Johnny Drille,https://www.azlyrics.com/j/johnnydrille.html
Johnny Flynn,https://www.azlyrics.com/j/johnnyflynn.html
Johnny Gill,https://www.azlyrics.com/j/johnnygill.html
Johnny Hallyday,https://www.azlyrics.com/j/johnnyhallyday.html
Johnny Hates Jazz,https://www.azlyrics.com/j/johnnyhatesjazz.html
Johnny Horton,https://www.azlyrics.com/j/johnnyhorton.html
Johnny Lee,https://www.azlyrics.com/j/johnnylee.html
Johnny Logan,https://www.azlyrics.com/j/johnnylogan.html
Johnny Marr,https://www.azlyrics.com/j/johnnymarr.html
Johnny Mathis,https://www.azlyrics.com/j/johnnymathis.html
Johnny Nash,https://www.azlyrics.com/j/johnnynash.html
Johnny Orlando,https://www.azlyrics.com/j/johnnyorlando.html
Johnny Paycheck,https://www.azlyrics.com/j/johnnypaycheck.html
Johnny Preston,https://www.azlyrics.com/j/johnnypreston.html
Johnny Rain,https://www.azlyrics.com/j/johnnyrain.html
Johnny Reid,https://www.azlyrics.com/j/johnnyreid.html
Johnny Rivers,https://www.azlyrics.com/j/johnnyrivers.html
Johnny Ruffo,https://www.azlyrics.com/j/johnnyruffo.html
Johnny Rzeznik,https://www.azlyrics.com/r/rzeznik.html
Johnny Stimson,https://www.azlyrics.com/j/johnnystimson.html
JOHNNYSWIM,https://www.azlyrics.com/j/johnnyswim.html
Johnny Utah,https://www.azlyrics.com/j/johnnyutah.html
Johnny Winter,https://www.azlyrics.com/j/johnnywinter.html
John Parr,https://www.azlyrics.com/j/johnparr.html
John Paul Young,https://www.azlyrics.com/j/johnpaulyoung.html
John P. Kee,https://www.azlyrics.com/j/johnpkee.html
John Prine,https://www.azlyrics.com/j/johnprine.html
John Rich,https://www.azlyrics.com/j/johnrich.html
"John, Robert",https://www.azlyrics.com/r/robertjohn.html
"Johns, Daniel",https://www.azlyrics.com/d/danieljohns.html
"Johnson, Alexz",https://www.azlyrics.com/a/alexzjohnson.html
"Johnson, Brian & Jenn",https://www.azlyrics.com/b/brianjennjohnson.html
"Johnson, Carolyn Dawn",https://www.azlyrics.com/c/carolyndawnjohnson.html
"Johnson, Cody",https://www.azlyrics.com/c/codyjohnson.html
"Johnson, Dwayne",https://www.azlyrics.com/d/dwaynejohnson.html
"Johnson, Griffin",https://www.azlyrics.com/g/griffinjohnson.html
"Johnson, Le'Andria",https://www.azlyrics.com/l/leandriajohnson.html
"Johnson, Lia Marie",https://www.azlyrics.com/l/liamariejohnson.html
"Johnson, Louisa",https://www.azlyrics.com/l/louisajohnson.html
"Johnson, Rayne",https://www.azlyrics.com/r/raynejohnson.html
"Johnson, Robert",https://www.azlyrics.com/r/robertjohnson.html
"Johnson, Sammy",https://www.azlyrics.com/s/sammyjohnson.html
"Johnson, Syleena",https://www.azlyrics.com/s/syleenajohnson.html
John Splithoff,https://www.azlyrics.com/j/johnsplithoff.html
"Johns, Sammy",https://www.azlyrics.com/s/sammyjohns.html
"Johnsson, Ana",https://www.azlyrics.com/j/johnsson.html
John Stewart,https://www.azlyrics.com/j/johnstewart.html
"Johnston, Daniel",https://www.azlyrics.com/d/danieljohnston.html
John Waite,https://www.azlyrics.com/j/johnwaite.html
John West,https://www.azlyrics.com/j/johnwest.html
John Williamson,https://www.azlyrics.com/j/johnwilliamson.html
Join The Club,https://www.azlyrics.com/j/jointheclub.html
Joji,https://www.azlyrics.com/j/joji.html
JoJo,https://www.azlyrics.com/j/jojo.html
JoJo Siwa,https://www.azlyrics.com/j/jojosiwa.html
Jok'air,https://www.azlyrics.com/j/jokair.html
"Jokerr, The",https://www.azlyrics.com/j/jokerr.html
"Jola, Marion",https://www.azlyrics.com/m/marionjola.html
Jom,https://www.azlyrics.com/j/jom.html
Jonah33,https://www.azlyrics.com/j/jonah33.html
Jonah Marais,https://www.azlyrics.com/j/jonahmarais.html
Jona,https://www.azlyrics.com/j/jona.html
Jona Lewie,https://www.azlyrics.com/j/jonalewie.html
Jon Anderson,https://www.azlyrics.com/j/jonanderson.html
Jonas Blue,https://www.azlyrics.com/j/jonasblue.html
Jonas Brothers,https://www.azlyrics.com/j/jonasbrothers.html
"Jonas, Nick",https://www.azlyrics.com/n/nickjonas.html
"Jonasson, Erik",https://www.azlyrics.com/e/erikjonasson.html
Jonathan Boulet,https://www.azlyrics.com/j/jonathanboulet.html
Jonathan Butler,https://www.azlyrics.com/j/jonathanbutler.html
Jonathan Clay,https://www.azlyrics.com/j/jonathanclay.html
Jonathan Davis,https://www.azlyrics.com/j/jonathandavis.html
Jonathan Edwards,https://www.azlyrics.com/j/jonathanedwards.html
Jonathan McReynolds,https://www.azlyrics.com/j/jonathanmcreynolds.html
Jonathan Nelson,https://www.azlyrics.com/j/jonathannelson.html
Jonathan Roy,https://www.azlyrics.com/j/jonathanroy.html
Jonathan Thulin,https://www.azlyrics.com/j/jonathanthulin.html
Jonathan Wilson,https://www.azlyrics.com/j/jonathanwilson.html
Jonathan Young,https://www.azlyrics.com/j/jonathanyoung.html
Jon B,https://www.azlyrics.com/j/jonb.html
Jon Bellion,https://www.azlyrics.com/j/jonbellion.html
Jon Bon Jovi,https://www.azlyrics.com/b/bonjovij.html
Jon Cozart,https://www.azlyrics.com/j/joncozart.html
JONES,https://www.azlyrics.com/j/jones8544.html
"Jones, Austin",https://www.azlyrics.com/a/austinjones.html
"Jones, Canton",https://www.azlyrics.com/c/cantonjones.html
"Jones, Coco",https://www.azlyrics.com/c/cocojones.html
"Jones, Danny",https://www.azlyrics.com/d/dannyjones.html
"Jones, Demun",https://www.azlyrics.com/d/demunjones.html
"Jones, Donell",https://www.azlyrics.com/j/jonesd.html
"Jones, George",https://www.azlyrics.com/g/georgejones.html
"Jones, Grace",https://www.azlyrics.com/g/gracejones.html
"Jones, Howard",https://www.azlyrics.com/h/howardjones.html
"Jones, Jr., Roy",https://www.azlyrics.com/r/roy-jones-jr.html
"Jones, Kelvin",https://www.azlyrics.com/k/kelvinjones.html
"Jones, Kent",https://www.azlyrics.com/k/kentjones.html
"Jones, Mike",https://www.azlyrics.com/m/mikejones.html
"Jones, Norah",https://www.azlyrics.com/j/jonesn.html
"Jones, Quincy",https://www.azlyrics.com/q/quincyjones.html
"Jones, Rickie Lee",https://www.azlyrics.com/r/rickieleejones.html
"Jones, Tom",https://www.azlyrics.com/j/jones.html
"Jonez, Bando",https://www.azlyrics.com/b/bandojonez.html
Jonezetta,https://www.azlyrics.com/j/jonezetta.html
Jon Foreman,https://www.azlyrics.com/j/jonforeman.html
Jonghyun,https://www.azlyrics.com/j/jonghyun.html
Joni Mitchell,https://www.azlyrics.com/j/jonimitchell.html
Jon Lajoie,https://www.azlyrics.com/j/jonlajoie.html
Jon Langston,https://www.azlyrics.com/j/jonlangston.html
Jon Lemmon,https://www.azlyrics.com/j/jonlemmon.html
Jon McLaughlin,https://www.azlyrics.com/j/jonmclaughlin.html
Jonna Fraser,https://www.azlyrics.com/j/jonnafraser.html
Jonn Hart,https://www.azlyrics.com/j/jonnhart.html
Jonny Craig,https://www.azlyrics.com/j/jonnycraig.html
Jonny Diaz,https://www.azlyrics.com/j/jonnydiaz.html
Jonny Lang,https://www.azlyrics.com/l/lang.html
Jon Pardi,https://www.azlyrics.com/j/jonpardi.html
Jon Secada,https://www.azlyrics.com/s/secada.html
Jónsi,https://www.azlyrics.com/j/jonsi.html
Jon Wolfe,https://www.azlyrics.com/j/jonwolfe.html
JONY,https://www.azlyrics.com/j/jony.html
Jon Young,https://www.azlyrics.com/j/jonyoung.html
Jon Z,https://www.azlyrics.com/j/jonz.html
Joonil Jung,https://www.azlyrics.com/j/jooniljung.html
"Jordan, Alexis",https://www.azlyrics.com/a/alexisjordan.html
Jordan Clarke,https://www.azlyrics.com/j/jordanclarke.html
Jordan Davis,https://www.azlyrics.com/j/jordandavis.html
Jordan Feliz,https://www.azlyrics.com/j/jordanfeliz.html
Jordan Fisher,https://www.azlyrics.com/j/jordanfisher.html
Jordan Knight,https://www.azlyrics.com/k/knight.html
Jordan Mackampa,https://www.azlyrics.com/j/jordanmackampa.html
"Jordan, Montell",https://www.azlyrics.com/j/jordan.html
Jordan Pruitt,https://www.azlyrics.com/j/jordanpruitt.html
Jordan Rakei,https://www.azlyrics.com/j/jordanrakei.html
Jordan Smith,https://www.azlyrics.com/j/jordansmith.html
Jordan Suaste,https://www.azlyrics.com/j/jordansuaste.html
Jordan Sweeto,https://www.azlyrics.com/j/jordansweeto.html
Jordin Sparks,https://www.azlyrics.com/j/jordinsparks.html
Jordyn Jones,https://www.azlyrics.com/j/jordynjones.html
Jordyn Taylor,https://www.azlyrics.com/j/jordyntaylor.html
Jorge Drexler,https://www.azlyrics.com/j/jorgedrexler.html
Jorge & Mateus,https://www.azlyrics.com/j/jorgemateus.html
"Jørgensen, Patrick",https://www.azlyrics.com/p/patrickjrgensen.html
Jorja Smith,https://www.azlyrics.com/j/jorjasmith.html
Jorn,https://www.azlyrics.com/j/jorn.html
Jory Boy,https://www.azlyrics.com/j/joryboy.html
Jósean Log,https://www.azlyrics.com/j/joseanlog.html
Jose Feliciano,https://www.azlyrics.com/j/josefeliciano.html
"Josef, Mikolas",https://www.azlyrics.com/m/mikolasjosef.html
Josef Salvat,https://www.azlyrics.com/j/josefsalvat.html
José González,https://www.azlyrics.com/j/josgonzlez.html
Jose Mari Chan,https://www.azlyrics.com/j/josemarichan.html
Joseph,https://www.azlyrics.com/j/joseph.html
Joseph Arthur,https://www.azlyrics.com/j/josepharthur.html
Joseph Black,https://www.azlyrics.com/j/josephblack.html
"Joseph, Tyler",https://www.azlyrics.com/t/tylerjoseph.html
Joseph Vincent,https://www.azlyrics.com/j/josephvincent.html
Josh A,https://www.azlyrics.com/j/josha.html
Josh Abbott Band,https://www.azlyrics.com/j/joshabbottband.html
Josh Baldwin,https://www.azlyrics.com/j/joshbaldwin.html
Josh Dorr,https://www.azlyrics.com/j/joshdorr.html
Josh Gad,https://www.azlyrics.com/j/joshgad.html
Josh Garrels,https://www.azlyrics.com/j/joshgarrels.html
Josh Gracin,https://www.azlyrics.com/g/gracin.html
Josh Groban,https://www.azlyrics.com/g/groban.html
Joshi Mizu,https://www.azlyrics.com/j/joshimizu.html
Josh Kelley,https://www.azlyrics.com/j/joshkelley.html
Josh Pyke,https://www.azlyrics.com/j/joshpyke.html
Josh Record,https://www.azlyrics.com/j/joshrecord.html
Josh Richards,https://www.azlyrics.com/j/joshrichards.html
Josh Ritter,https://www.azlyrics.com/j/joshritter.html
Josh Thompson,https://www.azlyrics.com/j/joshthompson.html
Josh Turner,https://www.azlyrics.com/t/turnerjosh.html
Joshua Bassett,https://www.azlyrics.com/j/joshuabassett.html
Joshua Burnside,https://www.azlyrics.com/j/joshuaburnside.html
Joshua Hyslop,https://www.azlyrics.com/j/joshuahyslop.html
Joshua James,https://www.azlyrics.com/j/joshuajames.html
Joshua Kadison,https://www.azlyrics.com/j/joshuakadison.html
Joshua Radin,https://www.azlyrics.com/j/joshuaradin.html
Josh Ward,https://www.azlyrics.com/j/joshward.html
Josh Wilson,https://www.azlyrics.com/j/joshwilson.html
Josie And The Pussycats,https://www.azlyrics.com/j/josieandthepussycats.html
Josie Dunne,https://www.azlyrics.com/j/josiedunne.html
Joss Favela,https://www.azlyrics.com/j/jossfavela.html
Joss Stone,https://www.azlyrics.com/s/stonej.html
Josylvio,https://www.azlyrics.com/j/josylvio.html
Journey,https://www.azlyrics.com/j/journey.html
Jovanotti,https://www.azlyrics.com/j/jovanotti.html
Jovit Baldivino,https://www.azlyrics.com/j/jovitbaldivino.html
Joy,https://www.azlyrics.com/j/joy-kr.html
JOY.,https://www.azlyrics.com/j/joy.html
Joyce Jonathan,https://www.azlyrics.com/j/joycejonathan.html
Joyce Manor,https://www.azlyrics.com/j/joycemanor.html
Joyce Sims,https://www.azlyrics.com/j/joycesims.html
Joy Crookes,https://www.azlyrics.com/j/joycrookes.html
Joy Denalane,https://www.azlyrics.com/j/joydenalane.html
Joy Division,https://www.azlyrics.com/j/joydivision.html
"Joy Formidable, The",https://www.azlyrics.com/j/joyformidable.html
Joyner Lucas,https://www.azlyrics.com/j/joynerlucas.html
Jo Yuri,https://www.azlyrics.com/j/joyuri.html
Joywave,https://www.azlyrics.com/j/joywave.html
Joy Williams,https://www.azlyrics.com/j/joywilliams.html
JPCC Worship,https://www.azlyrics.com/j/jpccworship.html
JP Cooper,https://www.azlyrics.com/j/jpcooper.html
JPEGMAFIA,https://www.azlyrics.com/j/jpegmafia.html
JP Saxe,https://www.azlyrics.com/j/jpsaxe.html
J Rand,https://www.azlyrics.com/j/jrand.html
JR Castro,https://www.azlyrics.com/j/jrcastro.html
Jr Crown,https://www.azlyrics.com/j/jrcrown.html
JRDN,https://www.azlyrics.com/j/jrdn.html
J Rice,https://www.azlyrics.com/j/jrice.html
JR JR,https://www.azlyrics.com/j/jrjr.html
Jroa,https://www.azlyrics.com/j/jroa.html
J. Roddy Walston And The Business,https://www.azlyrics.com/j/jroddywalstonandthebusiness.html
JRY,https://www.azlyrics.com/j/jry.html
JS,https://www.azlyrics.com/j/js.html
JSE,https://www.azlyrics.com/j/jse.html
J. Stalin,https://www.azlyrics.com/j/jstalin.html
JST FRNDS,https://www.azlyrics.com/j/jstfrnds.html
JT Hodges,https://www.azlyrics.com/j/jthodges.html
JT Machinima,https://www.azlyrics.com/j/jtmachinima.html
JTX,https://www.azlyrics.com/j/jtx.html
Juan Caoile,https://www.azlyrics.com/j/juancaoile.html
Juanes,https://www.azlyrics.com/j/juanes.html
JuanFran,https://www.azlyrics.com/j/juanfran.html
Juan Gabriel,https://www.azlyrics.com/j/juangabriel.html
Juanita Bynum,https://www.azlyrics.com/j/juanitabynum.html
Juanka,https://www.azlyrics.com/j/juanka.html
Juan Karlos,https://www.azlyrics.com/j/juankarlos.html
Juan Karlos Labajo,https://www.azlyrics.com/j/juankarloslabajo.html
Juan Luis Guerra,https://www.azlyrics.com/j/juanluisguerra.html
Juan Magán,https://www.azlyrics.com/j/juanmagan.html
Juan Miguel Severo,https://www.azlyrics.com/j/juanmiguelsevero.html
"Juans, The",https://www.azlyrics.com/j/juans.html
Jubel,https://www.azlyrics.com/j/jubel.html
JubyPhonic,https://www.azlyrics.com/j/jubyphonic.html
"Judah, Mario",https://www.azlyrics.com/m/mariojudah.html
Judah & The Lion,https://www.azlyrics.com/j/judahthelion.html
Judas Priest,https://www.azlyrics.com/j/judaspriest.html
"Judds, The",https://www.azlyrics.com/j/judds.html
"Judd, Wynonna",https://www.azlyrics.com/j/judd.html
Judika,https://www.azlyrics.com/j/judika.html
Judy Collins,https://www.azlyrics.com/j/judycollins.html
Judy Garland,https://www.azlyrics.com/j/judygarland.html
Judy Kuhn,https://www.azlyrics.com/j/judykuhn.html
Juelz Santana,https://www.azlyrics.com/s/santanaj.html
Jugs & Teddy,https://www.azlyrics.com/j/jugsteddy.html
Juice Newton,https://www.azlyrics.com/j/juicenewton.html
Juice WRLD,https://www.azlyrics.com/j/juicewrld.html
Juicy J,https://www.azlyrics.com/j/juicyj.html
Juicy Luicy,https://www.azlyrics.com/j/juicyluicy.html
Juju,https://www.azlyrics.com/j/juju.html
Jukebox The Ghost,https://www.azlyrics.com/j/jukeboxtheghost.html
Juke Ross,https://www.azlyrics.com/j/jukeross.html
Jukjae,https://www.azlyrics.com/j/jukjae.html
JuL,https://www.azlyrics.com/j/jul.html
Julee Cruise,https://www.azlyrics.com/j/juleecruise.html
"Jules, Gary",https://www.azlyrics.com/j/jules.html
Julia Brennan,https://www.azlyrics.com/j/juliabrennan.html
Julia Holter,https://www.azlyrics.com/j/juliaholter.html
Julia Jacklin,https://www.azlyrics.com/j/juliajacklin.html
Julia Michaels,https://www.azlyrics.com/j/juliamichaels.html
"Juliana Theory, The",https://www.azlyrics.com/j/julianatheory.html
Julian Casablancas,https://www.azlyrics.com/j/juliancasablancas.html
Juliander,https://www.azlyrics.com/j/juliander.html
Julianne Hough,https://www.azlyrics.com/j/juliannehough.html
"Juliano, Kyle",https://www.azlyrics.com/k/kylejuliano.html
Julian Perretta,https://www.azlyrics.com/j/julianperretta.html
Julian Trono,https://www.azlyrics.com/j/juliantrono.html
Julia Sheer,https://www.azlyrics.com/j/juliasheer.html
Julia Stone,https://www.azlyrics.com/j/juliastone.html
Julie And The Phantoms Cast,https://www.azlyrics.com/j/julieandthephantomscast.html
Julie Anne San Jose,https://www.azlyrics.com/j/julieannesanjose.html
Julie Bergan,https://www.azlyrics.com/j/juliebergan.html
Julie Byrne,https://www.azlyrics.com/j/juliebyrne.html
Julie Fowlis,https://www.azlyrics.com/j/juliefowlis.html
Julie London,https://www.azlyrics.com/j/julielondon.html
Julien Baker,https://www.azlyrics.com/j/julienbaker.html
Julien Doré,https://www.azlyrics.com/j/juliendore.html
Julie Roberts,https://www.azlyrics.com/r/roberts.html
Julieta Venegas,https://www.azlyrics.com/j/julietavenegas.html
"Juliet, Kiya",https://www.azlyrics.com/k/kiyajuliet.html
Juliet Simms,https://www.azlyrics.com/j/julietsimms.html
Julio Iglesias,https://www.azlyrics.com/j/julioiglesias.html
Julion Alvarez Y Su Norteno Banda,https://www.azlyrics.com/j/julionalvarezysunortenobanda.html
July Talk,https://www.azlyrics.com/j/julytalk.html
JUMEX,https://www.azlyrics.com/j/jumex.html
Jump5,https://www.azlyrics.com/j/jump5.html
June's Diary,https://www.azlyrics.com/j/junesdiary.html
JUNG,https://www.azlyrics.com/j/jung.html
Junge Junge,https://www.azlyrics.com/j/jungejunge.html
Jungkook,https://www.azlyrics.com/j/jungkook.html
Jungle,https://www.azlyrics.com/j/jungle.html
"Jungle Giants, The",https://www.azlyrics.com/j/junglegiants.html
Junglepussy,https://www.azlyrics.com/j/junglepussy.html
Jung Seung Hwan,https://www.azlyrics.com/j/jungseunghwan.html
Junior Boys,https://www.azlyrics.com/j/juniorboys.html
Junior Cally,https://www.azlyrics.com/j/juniorcally.html
Junior Doctor,https://www.azlyrics.com/j/juniordoctor.html
Junior H,https://www.azlyrics.com/j/juniorh.html
Junior M.A.F.I.A.,https://www.azlyrics.com/j/juniormafia.html
Junior Senior,https://www.azlyrics.com/j/juniorsenior.html
"Junior Varsity, The",https://www.azlyrics.com/j/juniorvarsity.html
Júníus Meyvant,https://www.azlyrics.com/j/juniusmeyvant.html
Jupiter Sunrise,https://www.azlyrics.com/j/jupitersunrise.html
"Jurado, Damien",https://www.azlyrics.com/d/damienjurado.html
Jurassic 5,https://www.azlyrics.com/j/jurassic5.html
JURI,https://www.azlyrics.com/j/juri.html
Juris,https://www.azlyrics.com/j/juris.html
"Jury, Max",https://www.azlyrics.com/m/max-jury.html
Jus2,https://www.azlyrics.com/j/jus2.html
Just A Gent,https://www.azlyrics.com/j/justagent.html
Just Hush,https://www.azlyrics.com/j/justhush.html
Justice,https://www.azlyrics.com/j/justice.html
Justice Crew,https://www.azlyrics.com/j/justicecrew.html
"Justice, Victoria",https://www.azlyrics.com/v/victoriajustice.html
Justina Valentine,https://www.azlyrics.com/j/justinavalentine.html
Justin Bieber,https://www.azlyrics.com/j/justinbieber.html
Justin Caruso,https://www.azlyrics.com/j/justincaruso.html
Justincase,https://www.azlyrics.com/j/justincase.html
Justin Champagne,https://www.azlyrics.com/j/justinchampagne.html
Justin Courtney Pierre,https://www.azlyrics.com/j/justincourtneypierre.html
Justine Skye,https://www.azlyrics.com/j/justineskye.html
Justin Guarini,https://www.azlyrics.com/g/guarini.html
Justin Jesso,https://www.azlyrics.com/j/justinjesso.html
Justin Moore,https://www.azlyrics.com/j/justinmoore.html
Justin Nozuka,https://www.azlyrics.com/j/justinnozuka.html
Justin Quiles,https://www.azlyrics.com/j/justinquiles.html
Justin Rarri,https://www.azlyrics.com/j/justinrarri.html
Justin Roberts,https://www.azlyrics.com/j/justinroberts.html
Justin Stone,https://www.azlyrics.com/j/justinstone.html
Justin Timberlake,https://www.azlyrics.com/t/timberlake.html
Justin Vasquez,https://www.azlyrics.com/j/justinvasquez.html
Just Jack,https://www.azlyrics.com/j/justjack.html
Just Kiddin,https://www.azlyrics.com/j/justkiddin.html
Just Surrender,https://www.azlyrics.com/j/justsurrender.html
Juvenile,https://www.azlyrics.com/j/juvenile.html
J. Valentine,https://www.azlyrics.com/j/jvalentine.html
JVG,https://www.azlyrics.com/j/jvg.html
JVKE,https://www.azlyrics.com/j/jvke.html
Jvla,https://www.azlyrics.com/j/jvla.html
J Wess,https://www.azlyrics.com/j/jwess.html
jxdn,https://www.azlyrics.com/j/jadn.html
JZAC,https://www.azlyrics.com/j/jzac.html
