D12,https://www.azlyrics.com/d/d12.html
D4L,https://www.azlyrics.com/d/d4l.html
DaBaby,https://www.azlyrics.com/d/dababy.html
Da Backwudz,https://www.azlyrics.com/d/dabackwudz.html
Da Band,https://www.azlyrics.com/d/daband.html
Da Beatfreakz,https://www.azlyrics.com/d/dabeatfreakz.html
Da Brat,https://www.azlyrics.com/d/dabrat.html
Dabro,https://www.azlyrics.com/d/dabro.html
Dabs,https://www.azlyrics.com/d/dabs.html
"Dacus, Lucy",https://www.azlyrics.com/l/lucydacus.html
Dada Life,https://www.azlyrics.com/d/dadalife.html
D-A-D,https://www.azlyrics.com/d/dad.html
Daddy Cool,https://www.azlyrics.com/d/daddycool.html
Daddy Long Neck,https://www.azlyrics.com/d/daddylongneckwideneck.html
Daddy Yankee,https://www.azlyrics.com/d/daddyyankee.html
Daði & Gagnamagnið,https://www.azlyrics.com/d/dadigagnamagnid.html
Dadju,https://www.azlyrics.com/d/dadju.html
Dae Dae,https://www.azlyrics.com/d/daedae.html
Daft Punk,https://www.azlyrics.com/d/daftpunk.html
DAGames,https://www.azlyrics.com/d/dagames.html
Dagny,https://www.azlyrics.com/d/dagny.html
"D'Agostino, Gigi",https://www.azlyrics.com/d/dagostino.html
"Dahlia, Kat",https://www.azlyrics.com/k/katdahlia.html
"Daigle, Lauren",https://www.azlyrics.com/l/laurendaigle.html
Dalex,https://www.azlyrics.com/d/dalex.html
Daley,https://www.azlyrics.com/d/daley.html
Dalida,https://www.azlyrics.com/d/dalida.html
"Dallas, Cameron",https://www.azlyrics.com/c/camerondallas.html
DallasK,https://www.azlyrics.com/d/dallask.html
Dallas Smith,https://www.azlyrics.com/d/dallassmith.html
Dallon Weekes,https://www.azlyrics.com/d/dallonweekes.html
Dalton Rapattoni,https://www.azlyrics.com/d/daltonrapattoni.html
"Dalton, Ray",https://www.azlyrics.com/r/raydalton.html
Damar Jackson,https://www.azlyrics.com/d/damarjackson.html
Dame D.O.L.L.A.,https://www.azlyrics.com/d/damedolla.html
Damian Marley,https://www.azlyrics.com/d/damianmarley.html
Damien Jurado,https://www.azlyrics.com/d/damienjurado.html
Damien Rice,https://www.azlyrics.com/r/rice.html
Dami Im,https://www.azlyrics.com/d/damiim.html
"Damned, The",https://www.azlyrics.com/d/damned.html
"Damned Things, The",https://www.azlyrics.com/d/damnedthings.html
Damn Yankees,https://www.azlyrics.com/d/damnyankees.html
Damon Albarn,https://www.azlyrics.com/d/damonalbarn.html
Damso,https://www.azlyrics.com/d/damso.html
Dana Glover,https://www.azlyrics.com/d/danaglover.html
Dan Auerbach,https://www.azlyrics.com/d/danauerbach.html
Dan Black,https://www.azlyrics.com/d/danblack.html
Dan Bremnes,https://www.azlyrics.com/d/danbremnes.html
Dan Bull,https://www.azlyrics.com/d/danbull.html
Dan Caplen,https://www.azlyrics.com/d/dancaplen.html
Dance Gavin Dance,https://www.azlyrics.com/d/dancegavindance.html
"Dancel, Ebe",https://www.azlyrics.com/e/ebedancel.html
Dan Croll,https://www.azlyrics.com/d/dancroll.html
"Dandy Warhols, The",https://www.azlyrics.com/d/dandywarhols.html
Dan Fogelberg,https://www.azlyrics.com/d/danfogelberg.html
D'Angelo,https://www.azlyrics.com/d/dangelo.html
"Dangerfield, Fyfe",https://www.azlyrics.com/f/fyfedangerfield.html
Danger Incorporated,https://www.azlyrics.com/d/dangerincorporated.html
Dangerkids,https://www.azlyrics.com/d/dangerkids.html
"Dangerous Summer, The",https://www.azlyrics.com/d/dangeroussummer.html
Dan Hartman,https://www.azlyrics.com/d/danhartman.html
Dan Hill,https://www.azlyrics.com/d/danhill.html
Dan Howell,https://www.azlyrics.com/d/danhowell.html
Dan Howell and Phil Lester,https://www.azlyrics.com/d/danhowellandphillester.html
Dani And Lizzy,https://www.azlyrics.com/d/daniandlizzy.html
Daniela Andrade,https://www.azlyrics.com/d/danielaandrade.html
Daniel Bedingfield,https://www.azlyrics.com/b/bedingfield.html
Daniel Boone,https://www.azlyrics.com/d/danielboone.html
Daniel Briones,https://www.azlyrics.com/d/danielbriones.html
Daniel Caesar,https://www.azlyrics.com/d/danielcaesar.html
Daniel El Travieso,https://www.azlyrics.com/d/danieleltravieso.html
Daniel J,https://www.azlyrics.com/d/danielj.html
Daniel Johns,https://www.azlyrics.com/d/danieljohns.html
Daniel Johnston,https://www.azlyrics.com/d/danieljohnston.html
"Daniel, Kang",https://www.azlyrics.com/k/kangdaniel.html
"Daniel, Kevin",https://www.azlyrics.com/k/kevindaniel.html
"Daniel, Kiss",https://www.azlyrics.com/k/kissdaniel.html
Danielle Bradbery,https://www.azlyrics.com/d/daniellebradbery.html
Danielle Cohn,https://www.azlyrics.com/d/daniellecohn.html
Danielle Peck,https://www.azlyrics.com/d/daniellepeck.html
Daniel Merriweather,https://www.azlyrics.com/d/danielmerriweather.html
"Daniel, Naim",https://www.azlyrics.com/n/naimdaniel.html
Daniel Padilla,https://www.azlyrics.com/d/danielpadilla.html
Daniel Powter,https://www.azlyrics.com/d/danielpowter.html
Daniel Skye,https://www.azlyrics.com/d/danielskye.html
"Danielson, Isak",https://www.azlyrics.com/i/isakdanielson.html
"Daniel, Trevor",https://www.azlyrics.com/t/trevordaniel.html
Dani Faiv,https://www.azlyrics.com/d/danifaiv.html
DaniLeigh,https://www.azlyrics.com/d/danileigh.html
Dani Shay,https://www.azlyrics.com/d/danishay.html
Danity Kane,https://www.azlyrics.com/d/danitykane.html
Danko Jones,https://www.azlyrics.com/d/dankojones.html
Dan Le Sac vs Scroobius Pip,https://www.azlyrics.com/d/danlesacvsscroobiuspip.html
Dan Mangan,https://www.azlyrics.com/d/danmangan.html
Danna Paola,https://www.azlyrics.com/d/dannapaola.html
Danna Richards,https://www.azlyrics.com/d/dannarichards.html
Dannii Minogue,https://www.azlyrics.com/m/minogued.html
Danny Boone,https://www.azlyrics.com/d/dannyboone.html
Danny Brown,https://www.azlyrics.com/d/dannybrown.html
Danny Fernandes,https://www.azlyrics.com/d/dannyfernandes.html
Danny Gokey,https://www.azlyrics.com/d/dannygokey.html
Danny Jones,https://www.azlyrics.com/d/dannyjones.html
Danny Ocean,https://www.azlyrics.com/d/dannyocean.html
Danny Vera,https://www.azlyrics.com/d/dannyvera.html
Danny Worsnop,https://www.azlyrics.com/d/dannyworsnop.html
Dan Schutte,https://www.azlyrics.com/d/danschutte.html
Dan Seals,https://www.azlyrics.com/d/danseals.html
Dan + Shay,https://www.azlyrics.com/d/danshay.html
Dan Stevens,https://www.azlyrics.com/d/danstevens.html
Dan Talevski,https://www.azlyrics.com/d/dantalevski.html
Dante Thomas,https://www.azlyrics.com/t/thomas.html
Danzig,https://www.azlyrics.com/d/danzig.html
"Dapperton, Gus",https://www.azlyrics.com/g/gusdapperton.html
Dappy,https://www.azlyrics.com/d/dappy.html
Dara Maclean,https://www.azlyrics.com/d/daramaclean.html
Dardan,https://www.azlyrics.com/d/dardan.html
Dare,https://www.azlyrics.com/d/dare.html
Darell,https://www.azlyrics.com/d/darell.html
Darin,https://www.azlyrics.com/d/darin.html
"Darin, Bobby",https://www.azlyrics.com/b/bobbydarin.html
"Daring Lion, The",https://www.azlyrics.com/d/daringlion.html
Darius,https://www.azlyrics.com/d/darius.html
Darius Rucker,https://www.azlyrics.com/d/dariusrucker.html
"Dark Element, The",https://www.azlyrics.com/d/darkelement.html
Darkest Hour,https://www.azlyrics.com/d/darkesthour.html
Dark Funeral,https://www.azlyrics.com/d/darkfuneral.html
Dark Lotus,https://www.azlyrics.com/d/darklotus.html
"Dark, Marvin",https://www.azlyrics.com/m/marvindark.html
Dark Moor,https://www.azlyrics.com/d/darkmoor.html
"Darkness, The",https://www.azlyrics.com/d/darkness.html
Dark New Day,https://www.azlyrics.com/d/darknewday.html
Dark Polo Gang,https://www.azlyrics.com/d/darkpologang.html
Dark Sarah,https://www.azlyrics.com/d/darksarah.html
Darkthrone,https://www.azlyrics.com/d/darkthrone.html
Dark Tranquillity,https://www.azlyrics.com/d/darktranquillity.html
Darkwater,https://www.azlyrics.com/d/darkwater.html
Darlene Love,https://www.azlyrics.com/d/darlenelove.html
Darlene Zschech,https://www.azlyrics.com/d/darlenezschech.html
"Darling, Sarah",https://www.azlyrics.com/s/sarahdarling.html
Darlingside,https://www.azlyrics.com/d/darlingside.html
"Darole, Mike",https://www.azlyrics.com/m/mikedarole.html
Darren Criss,https://www.azlyrics.com/d/darrencriss.html
Darren Espanto,https://www.azlyrics.com/d/darrenespanto.html
Darren Hayes,https://www.azlyrics.com/h/hayes.html
Darryl Worley,https://www.azlyrics.com/d/darrylworley.html
Darshan Raval,https://www.azlyrics.com/d/darshanraval.html
"Darst, Hope",https://www.azlyrics.com/h/hopedarst.html
Darude,https://www.azlyrics.com/d/darude.html
Dar Williams,https://www.azlyrics.com/d/darwilliams.html
Darwin Deez,https://www.azlyrics.com/d/darwindeez.html
Daryl Braithwaite,https://www.azlyrics.com/d/darylbraithwaite.html
Daryle Singletary,https://www.azlyrics.com/d/darylesingletary.html
Daryl Hall,https://www.azlyrics.com/d/darylhall.html
Daryl Ong,https://www.azlyrics.com/d/darylong.html
Das EFX,https://www.azlyrics.com/d/dasefx.html
Dash Berlin,https://www.azlyrics.com/d/dashberlin.html
Dashboard Confessional,https://www.azlyrics.com/d/dashboard.html
Dash Uciha,https://www.azlyrics.com/d/dashuciha.html
"Dassin, Joe",https://www.azlyrics.com/j/joedassin.html
Das Sound Machine,https://www.azlyrics.com/d/dassoundmachine.html
Data,https://www.azlyrics.com/d/data.html
DAT ADAM,https://www.azlyrics.com/d/datadam.html
Data Luv,https://www.azlyrics.com/d/dataluv.html
Da' T.R.U.T.H.,https://www.azlyrics.com/d/datruth.html
Daughter,https://www.azlyrics.com/d/daughter.html
Daughtry,https://www.azlyrics.com/d/daughtry.html
DA Uzi,https://www.azlyrics.com/d/dauzi.html
DAVA,https://www.azlyrics.com/d/dava.html
Davai,https://www.azlyrics.com/d/davai.html
Dave,https://www.azlyrics.com/d/dave.html
Dave Barnes,https://www.azlyrics.com/d/davebarnes.html
"Dave Clark Five, The",https://www.azlyrics.com/d/daveclarkfive.html
Dave Days,https://www.azlyrics.com/d/davedays.html
Dave Dobbyn,https://www.azlyrics.com/d/davedobbyn.html
Dave East,https://www.azlyrics.com/d/daveeast.html
Dave Hause,https://www.azlyrics.com/d/davehause.html
Dave Hollister,https://www.azlyrics.com/d/davehollister.html
Dave Mason,https://www.azlyrics.com/d/davemason.html
Dave Matthews,https://www.azlyrics.com/m/matthews.html
Dave Matthews Band,https://www.azlyrics.com/d/davematthewsband.html
Dave Navarro,https://www.azlyrics.com/d/davenavarro.html
Davichi,https://www.azlyrics.com/d/davichi.html
David Allan Coe,https://www.azlyrics.com/d/davidallancoe.html
"David, Anthony",https://www.azlyrics.com/a/anthonydavid.html
David Archuleta,https://www.azlyrics.com/d/davidarchuleta.html
David Banner,https://www.azlyrics.com/b/banner.html
David Bisbal,https://www.azlyrics.com/d/davidbisbal.html
David Bowie,https://www.azlyrics.com/b/bowie.html
David Byrne,https://www.azlyrics.com/d/davidbyrne.html
David Cassidy,https://www.azlyrics.com/d/davidcassidy.html
David Choi,https://www.azlyrics.com/d/davidchoi.html
David Cook,https://www.azlyrics.com/d/davidcook.html
"David, Craig",https://www.azlyrics.com/d/david.html
David Crosby,https://www.azlyrics.com/d/davidcrosby.html
David Crowder Band,https://www.azlyrics.com/d/davidcrowderband.html
David Dallas,https://www.azlyrics.com/d/daviddallas.html
David Dunn,https://www.azlyrics.com/d/daviddunn.html
David Essex,https://www.azlyrics.com/d/davidessex.html
David Franj,https://www.azlyrics.com/f/franj.html
David Gates,https://www.azlyrics.com/d/davidgates.html
David Gilmour,https://www.azlyrics.com/d/davidgilmour.html
David Gray,https://www.azlyrics.com/d/davidgray.html
David Guetta,https://www.azlyrics.com/d/davidguetta.html
David Hasselhoff,https://www.azlyrics.com/d/davidhasselhoff.html
David Keenan,https://www.azlyrics.com/d/davidkeenan.html
David Lambert,https://www.azlyrics.com/d/davidlambert.html
David Lee Murphy,https://www.azlyrics.com/d/davidleemurphy.html
David Lee Roth,https://www.azlyrics.com/d/davidleeroth.html
David Nail,https://www.azlyrics.com/d/davidnail.html
DaVido,https://www.azlyrics.com/d/davido.html
David Pomeranz,https://www.azlyrics.com/d/davidpomeranz.html
David Rees,https://www.azlyrics.com/d/davidrees.html
David Rush,https://www.azlyrics.com/d/davidrush.html
"David, Shirin",https://www.azlyrics.com/s/shirindavid.html
David Slater,https://www.azlyrics.com/d/davidslater.html
David Sneddon,https://www.azlyrics.com/s/sneddon.html
David Usher,https://www.azlyrics.com/u/usherd.html
"Davies, Grace",https://www.azlyrics.com/g/gracedavies.html
"Davies, Ray",https://www.azlyrics.com/r/raydavies.html
Davina Michelle,https://www.azlyrics.com/d/davinamichelle.html
Da Vinci's Notebook,https://www.azlyrics.com/d/davincisnotebook.html
"Davis, Jenna",https://www.azlyrics.com/j/jennadavis.html
"Davis, Jonathan",https://www.azlyrics.com/j/jonathandavis.html
"Davis, Jordan",https://www.azlyrics.com/j/jordandavis.html
"Davis Jr., Sammy",https://www.azlyrics.com/s/sammydavisjr.html
"Davis, Mac",https://www.azlyrics.com/m/macdavis.html
"Davis, Paul",https://www.azlyrics.com/p/pauldavis.html
Davis Sisters,https://www.azlyrics.com/d/davissisters.html
Davodka,https://www.azlyrics.com/d/davodka.html
"Dawe, Nathan",https://www.azlyrics.com/n/nathandawe.html
Dawes,https://www.azlyrics.com/d/dawes.html
Dawid Podsiadło,https://www.azlyrics.com/d/dawidpodsiadlo.html
Dawin,https://www.azlyrics.com/d/dawin.html
DAWN,https://www.azlyrics.com/d/dawn.html
Dawn Golden,https://www.azlyrics.com/d/dawngolden.html
Dawn Jay,https://www.azlyrics.com/d/dawnjay.html
Dawn Of Solace,https://www.azlyrics.com/d/dawnofsolace.html
Dawn Richard,https://www.azlyrics.com/d/dawnrichard.html
"Dawson, Jean",https://www.azlyrics.com/j/jeandawson.html
"Dawson, Kimya",https://www.azlyrics.com/k/kimyadawson.html
"Dawson, Liv",https://www.azlyrics.com/l/livdawson.html
"Dawson, Shane",https://www.azlyrics.com/s/shanedawson.html
Dax,https://www.azlyrics.com/d/dax.html
Day26,https://www.azlyrics.com/d/day26.html
DAY6,https://www.azlyrics.com/d/day6.html
Daya,https://www.azlyrics.com/d/daya.html
"Day, Alex",https://www.azlyrics.com/a/alexday.html
"Day, Andra",https://www.azlyrics.com/a/andraday.html
"Day, Bobby",https://www.azlyrics.com/b/bobbyday.html
"Day, Ebony",https://www.azlyrics.com/e/ebonyday.html
Dayglow,https://www.azlyrics.com/d/dayglow.html
"Day, Howie",https://www.azlyrics.com/d/day.html
"Dayne, Taylor",https://www.azlyrics.com/t/taylordayne.html
Day Of Fire,https://www.azlyrics.com/d/dayoffire.html
Dayseeker,https://www.azlyrics.com/d/dayseeker.html
Dayshell,https://www.azlyrics.com/d/dayshell.html
Days N' Daze,https://www.azlyrics.com/d/daysndaze.html
Days Of The New,https://www.azlyrics.com/d/daysofthenew.html
"Day To Remember, A",https://www.azlyrics.com/d/daytoremember.html
Day Wave,https://www.azlyrics.com/d/daywave.html
"Day Wilson, Charlotte",https://www.azlyrics.com/c/charlottedaywilson.html
"Day, Zella",https://www.azlyrics.com/z/zelladay.html
Dazz Band,https://www.azlyrics.com/d/dazzband.html
DBangz,https://www.azlyrics.com/d/dbangz.html
D'Banj,https://www.azlyrics.com/d/dbanj.html
D-Block Europe,https://www.azlyrics.com/d/dblockeurope.html
DC Talk,https://www.azlyrics.com/d/dctalk.html
DC The Don,https://www.azlyrics.com/d/dcthedon.html
DDG,https://www.azlyrics.com/d/ddg.html
"Ddumba, Sabina",https://www.azlyrics.com/s/sabinaddumba.html
Deacon,https://www.azlyrics.com/d/deacon.html
Deacon Blue,https://www.azlyrics.com/d/deaconblue.html
Dead!,https://www.azlyrics.com/d/dead.html
Dead Boys,https://www.azlyrics.com/d/deadboys.html
Deadboy & The Elephantmen,https://www.azlyrics.com/d/deadboytheelephantmen.html
Dead By April,https://www.azlyrics.com/d/deadbyapril.html
Dead By Sunrise,https://www.azlyrics.com/d/deadbysunrise.html
Dead Can Dance,https://www.azlyrics.com/d/deadcandance.html
Dead Celebrity Status,https://www.azlyrics.com/d/deadcelebritystatus.html
"Dead Daisies, The",https://www.azlyrics.com/d/deaddaisies.html
Dead Dawg,https://www.azlyrics.com/d/deaddawg.html
Dead Girls Academy,https://www.azlyrics.com/d/deadgirlsacademy.html
Dead Kennedys,https://www.azlyrics.com/d/deadk.html
Dead Letter Circus,https://www.azlyrics.com/d/deadlettercircus.html
deadman 死人,https://www.azlyrics.com/d/deadman.html
deadmau5,https://www.azlyrics.com/d/deadmau5.html
Dead Or Alive,https://www.azlyrics.com/d/deadoralive.html
Dead Posey,https://www.azlyrics.com/d/deadposey.html
Dead Prez,https://www.azlyrics.com/d/deadprez.html
Dead Sara,https://www.azlyrics.com/d/deadsara.html
Deadset Society,https://www.azlyrics.com/d/deadsetsociety.html
"Dead South, The",https://www.azlyrics.com/d/deadsouth.html
Deadstar Assembly,https://www.azlyrics.com/d/deadstarassembly.html
Deadsy,https://www.azlyrics.com/d/deadsy.html
"Dead Weather, The",https://www.azlyrics.com/d/deadweather.html
Deaf Havana,https://www.azlyrics.com/d/deafhavana.html
Deafheaven,https://www.azlyrics.com/d/deafheaven.html
DEAMN,https://www.azlyrics.com/d/deamn.html
DEAN,https://www.azlyrics.com/d/dean.html
Deana Carter,https://www.azlyrics.com/d/deanacarter.html
Dean Alexander,https://www.azlyrics.com/d/deanalexander.html
"Dean, Billy",https://www.azlyrics.com/b/billydean.html
Dean Brody,https://www.azlyrics.com/d/deanbrody.html
"DeAnda, Paula",https://www.azlyrics.com/p/pauladeanda.html
"Dean, Ester",https://www.azlyrics.com/e/esterdean.html
Dean Geyer,https://www.azlyrics.com/d/deangeyer.html
"Dean, Jimmy",https://www.azlyrics.com/j/jimmydean.html
"Dean, Kiley",https://www.azlyrics.com/k/kileydean.html
Dean Lewis,https://www.azlyrics.com/d/deanlewis.html
Dean Martin,https://www.azlyrics.com/d/deanmartin.html
Dean Raven,https://www.azlyrics.com/d/deanraven.html
Dean Ray,https://www.azlyrics.com/d/deanray.html
Dean Summerwind,https://www.azlyrics.com/d/deansummerwind.html
Deante' Hitchcock,https://www.azlyrics.com/d/deantehitchcock.html
Deap Vally,https://www.azlyrics.com/d/deapvally.html
Dear And The Headlights,https://www.azlyrics.com/d/dearandtheheadlights.html
"Dearaugo, Kate",https://www.azlyrics.com/k/katedearaugo.html
Dear Evan Hansen Cast,https://www.azlyrics.com/d/dearevanhansencast.html
"Dear Hunter, The",https://www.azlyrics.com/d/dearhunter.html
Dear Landlord,https://www.azlyrics.com/d/dearlandlord.html
Death,https://www.azlyrics.com/d/death.html
Death Angel,https://www.azlyrics.com/d/deathangel.html
DeathbyRomy,https://www.azlyrics.com/d/deathbyromy.html
Death Cab For Cutie,https://www.azlyrics.com/d/deathcabforcutie.html
Death From Above 1979,https://www.azlyrics.com/d/deathfromabove1979.html
Death Grips,https://www.azlyrics.com/d/deathgrips.html
Death Plus,https://www.azlyrics.com/d/deathplus.html
Death Spells,https://www.azlyrics.com/d/deathspells.html
DeBarge,https://www.azlyrics.com/d/debarge.html
"DeBarge, El",https://www.azlyrics.com/e/eldebarge.html
"DeBarge, Kristinia",https://www.azlyrics.com/k/kristiniadebarge.html
Debbie Gibson,https://www.azlyrics.com/d/debbiegibson.html
Debby Boone,https://www.azlyrics.com/d/debbyboone.html
Debby Ryan,https://www.azlyrics.com/d/debbyryan.html
"Debison, Aselin",https://www.azlyrics.com/a/aselindebison.html
Deb Never,https://www.azlyrics.com/d/debnever.html
Deborah Cox,https://www.azlyrics.com/c/cox.html
"De Burgh, Chris",https://www.azlyrics.com/c/chrisdeburgh.html
Decapitated,https://www.azlyrics.com/d/decapitated.html
December Avenue,https://www.azlyrics.com/d/decemberavenue.html
"Decemberists, The",https://www.azlyrics.com/d/decemberists.html
"Decker, Jessie James",https://www.azlyrics.com/j/jessiejames.html
Declan J Donovan,https://www.azlyrics.com/d/declanjdonovan.html
Declan McKenna,https://www.azlyrics.com/d/declanmckenna.html
Decyfer Down,https://www.azlyrics.com/d/decyferdown.html
Ded,https://www.azlyrics.com/d/ded.html
Deee-Lite,https://www.azlyrics.com/d/deeelite.html
"Dee, Jayme",https://www.azlyrics.com/j/jaymedee.html
Deemz,https://www.azlyrics.com/d/deemz.html
Deen Burbigo,https://www.azlyrics.com/d/deenburbigo.html
Deep Blue Something,https://www.azlyrics.com/d/deepbluesomething.html
Deep Cotton,https://www.azlyrics.com/d/deepcotton.html
Deepend,https://www.azlyrics.com/d/deepend.html
Deeperise,https://www.azlyrics.com/d/deeperise.html
Deep Purple,https://www.azlyrics.com/d/deeppurple.html
Deepside Deejays,https://www.azlyrics.com/d/deepsidedeejays.html
Deerhunter,https://www.azlyrics.com/d/deerhunter.html
Deer Tick,https://www.azlyrics.com/d/deertick.html
Dee Snider,https://www.azlyrics.com/d/deesnider.html
Dee Watkins,https://www.azlyrics.com/d/deewatkins.html
Deez Nuts,https://www.azlyrics.com/d/deeznuts.html
Default,https://www.azlyrics.com/d/default.html
Defeater,https://www.azlyrics.com/d/defeater.html
Defkhan,https://www.azlyrics.com/d/defkhan.html
Def Leppard,https://www.azlyrics.com/d/defleppard.html
"De Forest, Emmelie",https://www.azlyrics.com/e/emmeliedeforest.html
Deftones,https://www.azlyrics.com/d/deftones.html
"DeGraw, Gavin",https://www.azlyrics.com/d/degraw.html
"De Gregori, Francesco",https://www.azlyrics.com/f/francescodegregori.html
"De Guzman, JM",https://www.azlyrics.com/j/jmdeguzman.html
Deichkind,https://www.azlyrics.com/d/deichkind.html
Deicide,https://www.azlyrics.com/d/deicide.html
Deitrick Haddon,https://www.azlyrics.com/d/deitrickhaddon.html
Deji,https://www.azlyrics.com/d/deji.html
DeJ Loaf,https://www.azlyrics.com/d/dejloaf.html
"De Jongh, Mawar",https://www.azlyrics.com/m/mawardejongh.html
Delacey,https://www.azlyrics.com/d/delacey.html
De La Ghetto,https://www.azlyrics.com/d/delaghetto.html
Delain,https://www.azlyrics.com/d/delain.html
Del Amitri,https://www.azlyrics.com/d/delamitri.html
Delaney Jane,https://www.azlyrics.com/d/delaneyjane.html
"DeLange, Ilse",https://www.azlyrics.com/i/ilsedelange.html
"Delano, Adore",https://www.azlyrics.com/a/adoredelano.html
"Delano, Kris",https://www.azlyrics.com/k/krisdelano.html
Delany,https://www.azlyrics.com/d/delany.html
"Delara, Amanda",https://www.azlyrics.com/a/amandadelara.html
"De La Rocha, Zack",https://www.azlyrics.com/z/zackdelarocha.html
De La Soul,https://www.azlyrics.com/d/delasoul.html
"Dela Torre, Moira",https://www.azlyrics.com/m/moiradelatorre.html
"Delavin, Kisses",https://www.azlyrics.com/k/kissesdelavin.html
Delays,https://www.azlyrics.com/d/delays.html
Delbert McClinton,https://www.azlyrics.com/d/delbertmcclinton.html
"Delevingne, Cara",https://www.azlyrics.com/c/caradelevingne.html
Delilah,https://www.azlyrics.com/d/delilah.html
Delirious?,https://www.azlyrics.com/d/delirious.html
DELLAFUENTE,https://www.azlyrics.com/d/dellafuente.html
Delli Boe,https://www.azlyrics.com/d/delliboe.html
"DeLonge, Tom",https://www.azlyrics.com/t/tomdelonge.html
"DeLong, Robert",https://www.azlyrics.com/r/robertdelong.html
"Del Rey, Lana",https://www.azlyrics.com/l/lanadelrey.html
Del Shannon,https://www.azlyrics.com/d/delshannon.html
Delta Goodrem,https://www.azlyrics.com/g/goodrem.html
Delta Heavy,https://www.azlyrics.com/d/deltaheavy.html
Delta Rae,https://www.azlyrics.com/d/deltarae.html
Delta Sleep,https://www.azlyrics.com/d/deltasleep.html
Delta Spirit,https://www.azlyrics.com/d/deltaspirit.html
Deltron 3030,https://www.azlyrics.com/d/deltron3030.html
"DeLuca, Rocco",https://www.azlyrics.com/r/roccodeluca.html
"Deluna, Kat",https://www.azlyrics.com/k/katdeluna.html
Deluxe,https://www.azlyrics.com/d/deluxe.html
"Del-Vikings, The",https://www.azlyrics.com/d/delvikings.html
Demarco,https://www.azlyrics.com/d/demarco.html
"DeMarco, Mac",https://www.azlyrics.com/m/macdemarco.html
"DeMent, Iris",https://www.azlyrics.com/i/irisdement.html
Demetria McKinney,https://www.azlyrics.com/d/demetriamckinney.html
Dem Franchize Boyz,https://www.azlyrics.com/d/demfranchizeboyz.html
Demi Lovato,https://www.azlyrics.com/d/demilovato.html
"Deming, Reed",https://www.azlyrics.com/r/reeddeming.html
Demis Roussos,https://www.azlyrics.com/d/demisroussos.html
Demon Hunter,https://www.azlyrics.com/d/demonhunter.html
Demons & Wizards,https://www.azlyrics.com/d/demonswizards.html
dEMOTIONAL,https://www.azlyrics.com/d/demotional.html
Dempsey Hope,https://www.azlyrics.com/d/dempseyhope.html
Demun Jones,https://www.azlyrics.com/d/demunjones.html
Denace,https://www.azlyrics.com/d/denace.html
Dengarkan Dia,https://www.azlyrics.com/d/dengarkandia.html
Deniece Williams,https://www.azlyrics.com/d/deniecewilliams.html
"Denker, Lydia",https://www.azlyrics.com/d/denker.html
"Dennen, Brett",https://www.azlyrics.com/b/brettdennen.html
"Denning, Travis",https://www.azlyrics.com/t/travisdenning.html
Dennis Brown,https://www.azlyrics.com/d/dennisbrown.html
"Dennis, Cheri",https://www.azlyrics.com/c/cheridennis.html
Dennis DeYoung,https://www.azlyrics.com/d/dennisdeyoung.html
Dennis Edwards,https://www.azlyrics.com/d/dennisedwards.html
Dennis Lloyd,https://www.azlyrics.com/d/dennislloyd.html
"Denny, Sandy",https://www.azlyrics.com/s/sandydenny.html
Deno,https://www.azlyrics.com/d/deno.html
"Denters, Esmée",https://www.azlyrics.com/e/esmedenters.html
Đen Vâu,https://www.azlyrics.com/d/denvau.html
"Denver, John",https://www.azlyrics.com/j/johndenver.html
Denzel Curry,https://www.azlyrics.com/d/denzelcurry.html
Deorro,https://www.azlyrics.com/d/deorro.html
"De Palma, Fred",https://www.azlyrics.com/f/freddepalma.html
"Depay, Memphis",https://www.azlyrics.com/m/memphisdepay.html
Depeche Mode,https://www.azlyrics.com/d/depeche.html
"De Pretto, Eddy",https://www.azlyrics.com/e/eddydepretto.html
Depswa,https://www.azlyrics.com/d/depswa.html
Derek And The Dominos,https://www.azlyrics.com/d/derekandthedominos.html
Derek King,https://www.azlyrics.com/d/derekking.html
Derek Luh,https://www.azlyrics.com/d/derekluh.html
Derek Minor,https://www.azlyrics.com/d/derekminor.html
Derek Pope,https://www.azlyrics.com/d/derekpope.html
Derek Ryan,https://www.azlyrics.com/d/derekryan.html
"Derek Trucks Band, The",https://www.azlyrics.com/d/derektrucksband.html
Derez Deshon,https://www.azlyrics.com/d/derezdeshon.html
"Derici, İrem",https://www.azlyrics.com/i/iremderici.html
Dermot Kennedy,https://www.azlyrics.com/d/dermotkennedy.html
"Derulo, Jason",https://www.azlyrics.com/j/jasonderulo.html
Derya Uluğ,https://www.azlyrics.com/d/deryaulug.html
Descendents,https://www.azlyrics.com/d/descendents.html
Desiigner,https://www.azlyrics.com/d/desiigner.html
Desireless,https://www.azlyrics.com/d/desireless.html
Desi Valentine,https://www.azlyrics.com/d/desivalentine.html
"Desman, Shawn",https://www.azlyrics.com/d/desman.html
Despised Icon,https://www.azlyrics.com/d/despisedicon.html
Des'ree,https://www.azlyrics.com/d/desree.html
Dessa,https://www.azlyrics.com/d/dessa.html
Destiny Rogers,https://www.azlyrics.com/d/destinyrogers.html
Destiny's Child,https://www.azlyrics.com/d/destinys.html
DeStorm,https://www.azlyrics.com/d/destorm.html
Destroy Boys,https://www.azlyrics.com/d/destroyboys.html
Destroyer,https://www.azlyrics.com/d/destroyer.html
Destroy Rebuild Until God Shows,https://www.azlyrics.com/d/destroyrebuilduntilgodshows.html
Destruction,https://www.azlyrics.com/d/destruction.html
Dethklok,https://www.azlyrics.com/d/dethklok.html
DETI RAVE (ДЕТИ RAVE),https://www.azlyrics.com/d/detiraverave.html
"De Torres, Esang",https://www.azlyrics.com/e/esangdetorres.html
Deuce,https://www.azlyrics.com/d/deuce.html
DEV,https://www.azlyrics.com/d/dev.html
Deva Mahal,https://www.azlyrics.com/d/devamahal.html
Devano Danendra,https://www.azlyrics.com/d/devanodanendra.html
Devasto Prod,https://www.azlyrics.com/d/devastoprod.html
"DeVaughn, Raheem",https://www.azlyrics.com/r/raheemdevaughn.html
Devendra Banhart,https://www.azlyrics.com/d/devendrabanhart.html
Device,https://www.azlyrics.com/d/device.html
DevilDriver,https://www.azlyrics.com/d/devildriver.html
Devilish Trio,https://www.azlyrics.com/d/devilishtrio.html
"Devil Makes Three, The",https://www.azlyrics.com/d/devilmakesthree.html
Devilman,https://www.azlyrics.com/d/devilman.html
"Devil Wears Prada, The",https://www.azlyrics.com/d/devilwearsprada.html
Devil You Know,https://www.azlyrics.com/d/devilyouknow.html
Devin Dawson,https://www.azlyrics.com/d/devindawson.html
Devin The Dude,https://www.azlyrics.com/d/devinthedude.html
Devin Townsend,https://www.azlyrics.com/d/devintownsend.html
"De Vita, Franco",https://www.azlyrics.com/f/francodevita.html
Devito,https://www.azlyrics.com/d/devito.html
"De Vito, Cosima",https://www.azlyrics.com/c/cosimadevito.html
Devlin,https://www.azlyrics.com/d/devlin.html
"Devlin, Janet",https://www.azlyrics.com/j/janetdevlin.html
Devo,https://www.azlyrics.com/d/devo.html
Devon Baldwin,https://www.azlyrics.com/d/devonbaldwin.html
Devour The Day,https://www.azlyrics.com/d/devourtheday.html
Devvon Terrell,https://www.azlyrics.com/d/devvonterrell.html
Dewa 19,https://www.azlyrics.com/d/dewa19.html
Dewayne Woods,https://www.azlyrics.com/d/dewaynewoods.html
"DeWyze, Lee",https://www.azlyrics.com/l/leedewyze.html
Dexta Daps,https://www.azlyrics.com/d/dextadaps.html
Dexter Freebish,https://www.azlyrics.com/d/dexterfreebish.html
"Dexter, Savannah",https://www.azlyrics.com/s/savannahdexter.html
Dexys,https://www.azlyrics.com/d/dexys.html
Dexys Midnight Runners,https://www.azlyrics.com/d/dexysmidnightrunners.html
Deys,https://www.azlyrics.com/d/deys.html
DF Dub,https://www.azlyrics.com/d/dfdub.html
Dhanush,https://www.azlyrics.com/d/dhanush.html
"Dhiya, Hanin",https://www.azlyrics.com/h/hanindhiya.html
DHT,https://www.azlyrics.com/d/dht.html
Dhurata Dora,https://www.azlyrics.com/d/dhuratadora.html
DIA,https://www.azlyrics.com/d/dia.html
Diabulus In Musica,https://www.azlyrics.com/d/diabulusinmusica.html
Dia Frampton,https://www.azlyrics.com/d/diaframpton.html
Diamante,https://www.azlyrics.com/d/diamante.html
Diamond,https://www.azlyrics.com/d/diamond.html
"Diamond, Mark",https://www.azlyrics.com/m/markdiamond.html
"Diamond, Neil",https://www.azlyrics.com/n/neildiamond.html
Diamond Platnumz,https://www.azlyrics.com/d/diamondplatnumz.html
Diamond Rings,https://www.azlyrics.com/d/diamondrings.html
Diamond Rio,https://www.azlyrics.com/d/diamondrio.html
Diana Degarmo,https://www.azlyrics.com/d/degarmo.html
Diana King,https://www.azlyrics.com/d/dianaking.html
Diana Krall,https://www.azlyrics.com/k/krall.html
Diana Ross,https://www.azlyrics.com/d/dianaross.html
Diana Vickers,https://www.azlyrics.com/d/dianavickers.html
Diane Birch,https://www.azlyrics.com/d/dianebirch.html
"Diaz, Alexander",https://www.azlyrics.com/a/alexanderdiaz.html
"Diaz, Cameron",https://www.azlyrics.com/c/camerondiaz.html
"Diaz, Jonny",https://www.azlyrics.com/j/jonnydiaz.html
"Diaz, Madi",https://www.azlyrics.com/m/madidiaz.html
"Dice, Tom",https://www.azlyrics.com/t/tomdice.html
"Dickerson, Russell",https://www.azlyrics.com/r/russelldickerson.html
"Dickinson, Bruce",https://www.azlyrics.com/b/brucedickinson.html
"Diddley, Bo",https://www.azlyrics.com/b/bodiddley.html
Diddy,https://www.azlyrics.com/d/diddy.html
Diddy - Dirty Money,https://www.azlyrics.com/d/diddydirtymoney.html
Didirri,https://www.azlyrics.com/d/didirri.html
Dido,https://www.azlyrics.com/d/dido.html
Didomido,https://www.azlyrics.com/d/didomido.html
Die Antwoord,https://www.azlyrics.com/d/dieantwoord.html
Die Orsons,https://www.azlyrics.com/d/dieorsons.html
Dierks Bentley,https://www.azlyrics.com/b/bentley.html
Diesel,https://www.azlyrics.com/d/diesel.html
Diet Cig,https://www.azlyrics.com/d/dietcig.html
Die Trying,https://www.azlyrics.com/d/dietrying.html
"Diffie, Joe",https://www.azlyrics.com/j/joediffie.html
"DiFranco, Ani",https://www.azlyrics.com/d/difranco.html
Digable Planets,https://www.azlyrics.com/d/digableplanets.html
"Digby, Marie",https://www.azlyrics.com/m/mariedigby.html
DigDat,https://www.azlyrics.com/d/digdat.html
Digga D,https://www.azlyrics.com/d/diggad.html
Diggy Simmons,https://www.azlyrics.com/d/diggysimmons.html
Digital Daggers,https://www.azlyrics.com/d/digitaldaggers.html
Digital Farm Animals,https://www.azlyrics.com/d/digitalfarmanimals.html
Digitalism,https://www.azlyrics.com/d/digitalism.html
Digital Summer,https://www.azlyrics.com/d/digitalsummer.html
Digital Underground,https://www.azlyrics.com/d/digitalunderground.html
DIIV,https://www.azlyrics.com/d/diiv.html
Dijon,https://www.azlyrics.com/d/dijon.html
Dilated Peoples,https://www.azlyrics.com/d/dilatedpeoples.html
Diljit Dosanjh,https://www.azlyrics.com/d/diljitdosanjh.html
"Dillinger Escape Plan, The",https://www.azlyrics.com/d/dillingerescapeplan.html
Dillon,https://www.azlyrics.com/d/dillon6545.html
"Dillon, Bethany",https://www.azlyrics.com/d/dillon.html
Dillon Carmichael,https://www.azlyrics.com/d/dilloncarmichael.html
Dillon Francis,https://www.azlyrics.com/d/dillonfrancis.html
"Dillon, Ricky",https://www.azlyrics.com/r/rickydillon.html
Dilsinho,https://www.azlyrics.com/d/dilsinho.html
"DiMarco, Kristene",https://www.azlyrics.com/k/kristenedimarco.html
Dimitri Vegas & Like Mike,https://www.azlyrics.com/d/dimitrivegaslikemike.html
Dimmu Borgir,https://www.azlyrics.com/d/dimmuborgir.html
Dinah Jane,https://www.azlyrics.com/d/dinahjane.html
Dinah Washington,https://www.azlyrics.com/d/dinahwashington.html
"Dinning, Mark",https://www.azlyrics.com/m/markdinning.html
Dinor Rdt,https://www.azlyrics.com/d/dinorrdt.html
Dinos,https://www.azlyrics.com/d/dinos.html
Dinosaur Jr.,https://www.azlyrics.com/d/dinosaurjr.html
Dinosaur Pile-Up,https://www.azlyrics.com/d/dinosaurpileup.html
Dio,https://www.azlyrics.com/d/dio.html
Diodato,https://www.azlyrics.com/d/diodato.html
Dion,https://www.azlyrics.com/d/dionband.html
"Dion, Celine",https://www.azlyrics.com/d/dion.html
"Dione, Aura",https://www.azlyrics.com/a/auradione.html
Dionne Bromfield,https://www.azlyrics.com/d/dionnebromfield.html
Dionne Warwick,https://www.azlyrics.com/d/dionnewarwick.html
"Dior, Jez",https://www.azlyrics.com/j/jezdior.html
Dipha Barus,https://www.azlyrics.com/d/diphabarus.html
Diplo,https://www.azlyrics.com/d/diplo.html
"Diplomats, The",https://www.azlyrics.com/d/diplomats.html
"Dip, The",https://www.azlyrics.com/d/dip.html
DI-RECT,https://www.azlyrics.com/d/direct.html
Direct Hit!,https://www.azlyrics.com/d/directhit.html
Dir En Grey,https://www.azlyrics.com/d/direngrey.html
Dire Straits,https://www.azlyrics.com/d/direstraits.html
Dirtie Blonde,https://www.azlyrics.com/d/dirtieblonde.html
Dirty Heads,https://www.azlyrics.com/d/dirtyheads.html
Dirty Honey,https://www.azlyrics.com/d/dirtyhoney.html
Dirty Projectors,https://www.azlyrics.com/d/dirtyprojectors.html
DiRTY RADiO,https://www.azlyrics.com/d/dirtyradio.html
Dirty South,https://www.azlyrics.com/d/dirtysouth.html
Dirty Vegas,https://www.azlyrics.com/d/dirtyvegas.html
"Dirty Youth, The",https://www.azlyrics.com/d/dirtyyouth.html
Disciple,https://www.azlyrics.com/d/disciple.html
Disciples,https://www.azlyrics.com/d/disciples.html
Disclosure,https://www.azlyrics.com/d/disclosure.html
Discrepancies,https://www.azlyrics.com/d/discrepancies.html
Dishwalla,https://www.azlyrics.com/d/dishwalla.html
Dispatch,https://www.azlyrics.com/d/dispatch.html
"Distillers, The",https://www.azlyrics.com/d/distillers.html
"Districts, The",https://www.azlyrics.com/d/districts.html
Disturbed,https://www.azlyrics.com/d/disturbed.html
Disturbing Tha Peace,https://www.azlyrics.com/d/dtp.html
"Ditto, Beth",https://www.azlyrics.com/b/bethditto.html
DIVINE,https://www.azlyrics.com/d/divine.html
"Divine Comedy, The",https://www.azlyrics.com/d/divinecomedy.html
Diviners,https://www.azlyrics.com/d/diviners.html
Divinyls,https://www.azlyrics.com/d/divinyls.html
Dixie Chicks,https://www.azlyrics.com/d/dixiechicks.html
Dixie D'Amelio,https://www.azlyrics.com/d/dixiedamelio.html
"Dixon, Alesha",https://www.azlyrics.com/a/aleshadixon.html
"Dixon, Colton",https://www.azlyrics.com/c/coltondixon.html
Diyar Pala,https://www.azlyrics.com/d/diyarpala.html
"Dize, Tony",https://www.azlyrics.com/t/tonydize.html
Dizzee Rascal,https://www.azlyrics.com/r/rascal.html
Dizzy Mizz Lizzy,https://www.azlyrics.com/d/dizzymizzlizzy.html
Dizzy Wright,https://www.azlyrics.com/d/dizzywright.html
Djadja & Dinaz,https://www.azlyrics.com/d/djadjadinaz.html
Django,https://www.azlyrics.com/d/django.html
Django Django,https://www.azlyrics.com/d/djangodjango.html
DJ Antoine,https://www.azlyrics.com/d/djantoine.html
DJ Artz,https://www.azlyrics.com/d/djartz.html
DJ BoBo,https://www.azlyrics.com/d/djbobo.html
DJ Casper,https://www.azlyrics.com/d/djcasper.html
DJ Cassidy,https://www.azlyrics.com/d/djcassidy.html
DJ Drama,https://www.azlyrics.com/d/djdrama.html
DJDS,https://www.azlyrics.com/d/djds.html
DJ Earworm,https://www.azlyrics.com/d/djearworm.html
DJ Envy,https://www.azlyrics.com/d/djenvy.html
DJ ESCO,https://www.azlyrics.com/d/djesco.html
DJ Felli Fel,https://www.azlyrics.com/d/djfellifel.html
DJ Fresh,https://www.azlyrics.com/d/djfresh.html
"Djia, Joey",https://www.azlyrics.com/j/joeydjia.html
DJ Jazzy Jeff & The Fresh Prince,https://www.azlyrics.com/d/djjazzyjeffthefreshprince.html
DJ Kass,https://www.azlyrics.com/d/djkass.html
DJ Kay Slay,https://www.azlyrics.com/d/djkayslay.html
DJ Kayz,https://www.azlyrics.com/d/djkayz.html
DJ Khaled,https://www.azlyrics.com/d/djkhaled.html
DJ Luke Nasty,https://www.azlyrics.com/d/djlukenasty.html
DJ Megan Ryte,https://www.azlyrics.com/d/djmeganryte.html
DJ Mendez,https://www.azlyrics.com/d/djmendez.html
DJ Mustard,https://www.azlyrics.com/d/djmustard.html
DJ Neptune,https://www.azlyrics.com/d/djneptune.html
Djonga,https://www.azlyrics.com/d/djonga.html
DJ Pauly D,https://www.azlyrics.com/d/djpaulyd.html
DJ Pied Piper,https://www.azlyrics.com/d/djpiedpiper.html
DJ Quik,https://www.azlyrics.com/d/djquik.html
DJ Rupp,https://www.azlyrics.com/d/djrupp.html
DJ Sammy,https://www.azlyrics.com/d/djsammy.html
DJ Scheme,https://www.azlyrics.com/d/djscheme.html
DJ Screw,https://www.azlyrics.com/d/djscrew.html
DJ Shadow,https://www.azlyrics.com/d/djshadow.html
DJ Snake,https://www.azlyrics.com/d/djsnake.html
DJ SpinKing,https://www.azlyrics.com/d/djspinking.html
DJ Webstar,https://www.azlyrics.com/d/djwebstar.html
DK,https://www.azlyrics.com/d/dk.html
DKB,https://www.azlyrics.com/d/dkb.html
DLOW,https://www.azlyrics.com/d/dlow.html
DMA'S,https://www.azlyrics.com/d/dmas.html
DMC,https://www.azlyrics.com/d/dmc.html
DMX,https://www.azlyrics.com/d/dmx.html
DNCE,https://www.azlyrics.com/d/dnce.html
Dobie Gray,https://www.azlyrics.com/d/dobiegray.html
Dobre Brothers,https://www.azlyrics.com/d/dobrebrothers.html
"Dobson, Fefe",https://www.azlyrics.com/d/dobson.html
"Dodds, Cale",https://www.azlyrics.com/c/caledodds.html
Dodgy,https://www.azlyrics.com/d/dodgy.html
dodie,https://www.azlyrics.com/d/dodieclark.html
"Dodos, The",https://www.azlyrics.com/d/dodos.html
"Dodson, Antoine",https://www.azlyrics.com/a/antoinedodson.html
Doe B,https://www.azlyrics.com/d/doeb.html
Doe Boy,https://www.azlyrics.com/d/doeboy.html
"Doerksen, Brian",https://www.azlyrics.com/b/briandoerksen.html
"Doğulu, Kenan",https://www.azlyrics.com/k/kenandogulu.html
"Doğulu, Ozan",https://www.azlyrics.com/o/ozandogulu.html
"Doh, Aaron",https://www.azlyrics.com/a/aarondoh.html
"Doherty, Peter",https://www.azlyrics.com/p/peterdoherty.html
"Dohner, Mark",https://www.azlyrics.com/m/markdohner.html
Doja Cat,https://www.azlyrics.com/d/dojacat.html
Dokken,https://www.azlyrics.com/d/dokken.html
"Dolan Twins, The",https://www.azlyrics.com/d/dolantwins.html
"Dolby, Thomas",https://www.azlyrics.com/t/thomasdolby.html
"Doleac, Adam",https://www.azlyrics.com/a/adamdoleac.html
Dolla,https://www.azlyrics.com/d/dolla.html
"Dollanganger, Nicole",https://www.azlyrics.com/n/nicoledollanganger.html
Doll Skin,https://www.azlyrics.com/d/dollskin.html
Dolly Parton,https://www.azlyrics.com/d/dollyparton.html
Dolores O'Riordan,https://www.azlyrics.com/d/doloresoriordan.html
Dolu Kadehi Ters Tut,https://www.azlyrics.com/d/dolukadehiterstut.html
Dominic Fike,https://www.azlyrics.com/d/dominicfike.html
"Dominique, Reneé",https://www.azlyrics.com/r/reneedominique.html
Dom Kennedy,https://www.azlyrics.com/d/domkennedy.html
Dommin,https://www.azlyrics.com/d/dommin.html
Domo Genesis,https://www.azlyrics.com/d/domogenesis.html
Domo Wilson,https://www.azlyrics.com/d/domowilson.html
Donald Fagen,https://www.azlyrics.com/d/donaldfagen.html
Donald Lawrence,https://www.azlyrics.com/d/donaldlawrence.html
Don Broco,https://www.azlyrics.com/d/donbroco.html
Don Diablo,https://www.azlyrics.com/d/dondiablo.html
Dondria,https://www.azlyrics.com/d/dondria.html
Donell Jones,https://www.azlyrics.com/j/jonesd.html
Dong Abay,https://www.azlyrics.com/d/dongabay.html
"Dong, Enzo",https://www.azlyrics.com/e/enzodong.html
Don Gibson,https://www.azlyrics.com/d/dongibson.html
Don Henley,https://www.azlyrics.com/d/donhenley.html
Don McLean,https://www.azlyrics.com/d/donmclean.html
Don Moen,https://www.azlyrics.com/d/donmoen.html
Donna Cruz,https://www.azlyrics.com/d/donnacruz.html
Donna Fargo,https://www.azlyrics.com/d/donnafargo.html
Donna Lewis,https://www.azlyrics.com/d/donnalewis.html
Donnalyn Bartolome,https://www.azlyrics.com/d/donnalynbartolome.html
Donna Missal,https://www.azlyrics.com/d/donnamissal.html
"Donnas, The",https://www.azlyrics.com/d/donnas.html
Donna Summer,https://www.azlyrics.com/d/donnasummer.html
"Donnelly, Meg",https://www.azlyrics.com/m/megdonnelly.html
"Donnelly, Stella",https://www.azlyrics.com/s/stelladonnelly.html
Donnie Iris,https://www.azlyrics.com/d/donnieiris.html
Donnie Klang,https://www.azlyrics.com/d/donnieklang.html
Donnie McClurkin,https://www.azlyrics.com/d/donniemcclurkin.html
Donnie Trumpet & The Social Experiment,https://www.azlyrics.com/d/donnietrumpetthesocialexperiment.html
Donnis,https://www.azlyrics.com/d/donnis.html
Donny Hathaway,https://www.azlyrics.com/d/donnyhathaway.html
Donny Osmond,https://www.azlyrics.com/d/donnyosmond.html
Don Omar,https://www.azlyrics.com/d/donomar.html
Donovan,https://www.azlyrics.com/d/donovan.html
"Donovan, Casey",https://www.azlyrics.com/c/caseydonovan.html
"Donovan, Jason",https://www.azlyrics.com/j/jasondonovan.html
Donovan Woods,https://www.azlyrics.com/d/donovanwoods.html
Don Patricio,https://www.azlyrics.com/d/donpatricio.html
Don Q,https://www.azlyrics.com/d/donq.html
Don Toliver,https://www.azlyrics.com/d/dontoliver.html
Don Trip,https://www.azlyrics.com/d/dontrip.html
Don Williams,https://www.azlyrics.com/d/donwilliams.html
Doobie,https://www.azlyrics.com/d/doobie.html
"Doobie Brothers, The",https://www.azlyrics.com/d/doobiebrothers.html
"Doolittle, Eliza",https://www.azlyrics.com/e/elizadoolittle.html
Do Or Die,https://www.azlyrics.com/d/doordie.html
"Doors, The",https://www.azlyrics.com/d/doors.html
Dope,https://www.azlyrics.com/d/dope.html
Dopebwoy,https://www.azlyrics.com/d/dopebwoy.html
DOPECLVB,https://www.azlyrics.com/d/dopeclvb.html
dora (дора),https://www.azlyrics.com/m/mentaldora.html
"Doré, Julien",https://www.azlyrics.com/j/juliendore.html
Dorian Electra,https://www.azlyrics.com/d/dorianelectra.html
Doris Day,https://www.azlyrics.com/d/dorisday.html
"Dornan, Jamie",https://www.azlyrics.com/j/jamiedornan.html
Doro,https://www.azlyrics.com/p/pesch.html
Dorothy,https://www.azlyrics.com/d/dorothy.html
"Dorr, Josh",https://www.azlyrics.com/j/joshdorr.html
Dorrough,https://www.azlyrics.com/d/dorrough.html
"Dosik, Joey",https://www.azlyrics.com/j/joeydosik.html
Dosseh,https://www.azlyrics.com/d/dosseh.html
Dotan,https://www.azlyrics.com/d/dotan.html
Dot Dot Curve,https://www.azlyrics.com/d/dotdotcurve.html
"Do, The",https://www.azlyrics.com/d/do.html
Dot Rotten,https://www.azlyrics.com/d/dotrotten.html
doubleDrive,https://www.azlyrics.com/d/doubledrive.html
Double S,https://www.azlyrics.com/d/doubles.html
Doug E. Fresh,https://www.azlyrics.com/d/dougefresh.html
Doughboyz Cashout,https://www.azlyrics.com/d/doughboyzcashout.html
"Douglas, Carl",https://www.azlyrics.com/c/carldouglas.html
Doug Stone,https://www.azlyrics.com/d/dougstone.html
Doums,https://www.azlyrics.com/d/doums.html
Dounia,https://www.azlyrics.com/d/dounia.html
Douwe Bob,https://www.azlyrics.com/d/douwebob.html
Dove Cameron,https://www.azlyrics.com/d/dovecameron.html
Doves,https://www.azlyrics.com/d/doves.html
Down & Dirty,https://www.azlyrics.com/d/downdirty.html
Downhere,https://www.azlyrics.com/d/downhere.html
"Downie, Gord",https://www.azlyrics.com/g/gorddownie.html
"Downs, Lila",https://www.azlyrics.com/l/liladowns.html
"Downtown Fiction, The",https://www.azlyrics.com/d/downtownfiction.html
Down With Webster,https://www.azlyrics.com/d/downwithwebster.html
DOXX,https://www.azlyrics.com/d/doxx.html
DPR LIVE,https://www.azlyrics.com/d/dprlive.html
D-Pryde,https://www.azlyrics.com/d/dpryde.html
Draconian,https://www.azlyrics.com/d/draconian.html
Dragged Under,https://www.azlyrics.com/d/draggedunder.html
Drag Me Out,https://www.azlyrics.com/d/dragmeout.html
Dragon,https://www.azlyrics.com/d/dragon.html
Dragonette,https://www.azlyrics.com/d/dragonette.html
DragonForce,https://www.azlyrics.com/d/dragonforce.html
Dragony,https://www.azlyrics.com/d/dragony.html
Drake,https://www.azlyrics.com/d/drake.html
Drake Bell,https://www.azlyrics.com/d/drakebell.html
"Drake, Nick",https://www.azlyrics.com/n/nickdrake.html
Drakeo The Ruler,https://www.azlyrics.com/d/drakeotheruler.html
Drake White,https://www.azlyrics.com/d/drakewhite.html
Dr. Alban,https://www.azlyrics.com/d/dralban.html
DRAMA,https://www.azlyrics.com/d/drama.html
Dramarama,https://www.azlyrics.com/d/dramarama.html
"Dramatics, The",https://www.azlyrics.com/d/dramatics.html
DRAM,https://www.azlyrics.com/d/dram.html
Drapht,https://www.azlyrics.com/d/drapht.html
Drax Project,https://www.azlyrics.com/d/draxproject.html
Dr. Dog,https://www.azlyrics.com/d/drdog.html
Dr. Dre,https://www.azlyrics.com/d/drdre.html
Dread Mar-I,https://www.azlyrics.com/d/dreadmari.html
"Dreadnoughts, The",https://www.azlyrics.com/d/dreadnoughts.html
Dream,https://www.azlyrics.com/d/dream.html
"Dream Academy, The",https://www.azlyrics.com/d/dreamacademy.html
Dreamcar,https://www.azlyrics.com/d/dreamcar.html
Dreamcatcher,https://www.azlyrics.com/d/dreamcatcher.html
DREAMDIVE,https://www.azlyrics.com/d/dreamdive.html
DreamDoll,https://www.azlyrics.com/d/dreamdoll.html
DREAMERS,https://www.azlyrics.com/d/dreamers.html
Dream Evil,https://www.azlyrics.com/d/dreamevil.html
Dreamhouse,https://www.azlyrics.com/d/dreamhouse.html
"Dream On, Dreamer",https://www.azlyrics.com/d/dreamondreamer.html
Dream State,https://www.azlyrics.com/d/dreamstate.html
Dream Street,https://www.azlyrics.com/d/dreamstreet.html
Dream Theater,https://www.azlyrics.com/d/dreamtheater.html
Dreamville,https://www.azlyrics.com/d/dreamville.html
Dream Wife,https://www.azlyrics.com/d/dreamwife.html
Dree Low,https://www.azlyrics.com/d/dreelow.html
Dreezy,https://www.azlyrics.com/d/dreezy.html
DrefGold,https://www.azlyrics.com/d/drefgold.html
"Dreggs, The",https://www.azlyrics.com/d/dreggs.html
"Dresden Dolls, The",https://www.azlyrics.com/d/dresdendolls.html
Drew Baldridge,https://www.azlyrics.com/d/drewbaldridge.html
Drew Holcomb & The Neighbors,https://www.azlyrics.com/d/drewholcombtheneighbors.html
Drew Jacobs,https://www.azlyrics.com/d/drewjacobs.html
Drew Seeley,https://www.azlyrics.com/d/drewseeley.html
"Drexler, Jorge",https://www.azlyrics.com/j/jorgedrexler.html
Dr. Hook,https://www.azlyrics.com/d/drhook.html
Drift,https://www.azlyrics.com/d/drift.html
"Drifters, The",https://www.azlyrics.com/d/drifters.html
Driicky Graham,https://www.azlyrics.com/d/driickygraham.html
"Drille, Johnny",https://www.azlyrics.com/j/johnnydrille.html
"Drilon, Bugoy",https://www.azlyrics.com/b/bugoydrilon.html
DripReport,https://www.azlyrics.com/d/dripreport.html
Drive-By Truckers,https://www.azlyrics.com/d/drivebytruckers.html
"Driver Era, The",https://www.azlyrics.com/d/driverera.html
Dr. John,https://www.azlyrics.com/d/drjohn.html
DROELOE,https://www.azlyrics.com/d/droeloe.html
Dropbox,https://www.azlyrics.com/d/dropbox.html
Drop City Yacht Club,https://www.azlyrics.com/d/dropcityyachtclub.html
"Drop Dead, Gorgeous",https://www.azlyrics.com/d/dropdeadgorgeous.html
Dropkick Murphys,https://www.azlyrics.com/d/dropkickmurphys.html
Dropout,https://www.azlyrics.com/d/dropout.html
Drowners,https://www.azlyrics.com/d/drowners.html
Drowning Pool,https://www.azlyrics.com/d/drowningpool.html
Drug Church,https://www.azlyrics.com/d/drugchurch.html
Drugdealer,https://www.azlyrics.com/d/drugdealer.html
Dru Hill,https://www.azlyrics.com/d/druhill.html
"Drums, The",https://www.azlyrics.com/d/drums.html
Dry Kill Logic,https://www.azlyrics.com/d/drykilllogic.html
Dry The River,https://www.azlyrics.com/d/drytheriver.html
D Savage,https://www.azlyrics.com/d/dsavage.html
D-Side,https://www.azlyrics.com/d/dside.html
D Smoke,https://www.azlyrics.com/d/dsmoke.html
D-Tent Boys,https://www.azlyrics.com/d/dtentboys.html
DTF,https://www.azlyrics.com/d/dtf.html
Dua Lipa,https://www.azlyrics.com/d/dualipa.html
"Duarte, Ryan",https://www.azlyrics.com/d/duarte.html
dua saleh,https://www.azlyrics.com/d/duasaleh.html
"Dubb, Rayy",https://www.azlyrics.com/r/rayydubb.html
"Dube, Lucky",https://www.azlyrics.com/l/luckydube.html
"Dubliners, The",https://www.azlyrics.com/d/dubliners.html
Duck Dynasty Cast,https://www.azlyrics.com/d/duckdynastycast.html
Duck Sauce,https://www.azlyrics.com/d/ducksauce.html
Duckwrth,https://www.azlyrics.com/d/duckwrth.html
Duelo,https://www.azlyrics.com/d/duelo.html
"Duermit, Connor",https://www.azlyrics.com/c/connorduermit.html
"Duffelbags, Louie",https://www.azlyrics.com/l/louieduffelbags.html
"Duff, Haylie",https://www.azlyrics.com/h/haylieduff.html
"Duff, Hilary",https://www.azlyrics.com/d/duff.html
"Duffield, Victoria",https://www.azlyrics.com/v/victoriaduffield.html
Duffy,https://www.azlyrics.com/d/duffy.html
"Duhé, Elley",https://www.azlyrics.com/e/elleyduh.html
Duke Deuce,https://www.azlyrics.com/d/dukedeuce.html
Duke Dumont,https://www.azlyrics.com/d/dukedumont.html
Duki,https://www.azlyrics.com/d/duki.html
"Dulaney, Todd",https://www.azlyrics.com/t/todddulaney.html
Dú Maroc,https://www.azlyrics.com/d/dumaroc.html
Dumblonde,https://www.azlyrics.com/d/dumblonde.html
Dum Dum Girls,https://www.azlyrics.com/d/dumdumgirls.html
"Dunbar, Isaac",https://www.azlyrics.com/i/isaacdunbar.html
Duncan James,https://www.azlyrics.com/d/duncanjames.html
Duncan Laurence,https://www.azlyrics.com/d/duncanlaurence.html
Duncan Mighty,https://www.azlyrics.com/d/duncanmighty.html
Duncan Sheik,https://www.azlyrics.com/s/sheik.html
"Duncan, Whitney",https://www.azlyrics.com/w/whitneyduncan.html
Dune Rats,https://www.azlyrics.com/d/dunerats.html
Dungeon Family,https://www.azlyrics.com/d/dungeon.html
"Dunn, Clare",https://www.azlyrics.com/c/claredunn.html
"Dunne, Josie",https://www.azlyrics.com/j/josiedunne.html
"Dunn, Holly",https://www.azlyrics.com/h/hollydunn.html
"Dunn, Ronnie",https://www.azlyrics.com/r/ronniedunn.html
Dunsin Oyekan,https://www.azlyrics.com/d/dunsinoyekan.html
Duran Duran,https://www.azlyrics.com/d/duran.html
"Durante, Jimmy",https://www.azlyrics.com/j/jimmydurante.html
"Durbin, James",https://www.azlyrics.com/j/jamesdurbin.html
"Dury, Baxter",https://www.azlyrics.com/b/baxterdury.html
"Dury, Ian",https://www.azlyrics.com/i/iandury.html
"Duska, Katerine",https://www.azlyrics.com/k/katerineduska.html
"Dusk, Matt",https://www.azlyrics.com/d/dusk.html
Dustin Lynch,https://www.azlyrics.com/d/dustinlynch.html
Dustin Tebbutt,https://www.azlyrics.com/d/dustintebbutt.html
Dusty Springfield,https://www.azlyrics.com/d/dustyspringfield.html
Dutchavelli,https://www.azlyrics.com/d/dutchavelli.html
Duwap Kaine,https://www.azlyrics.com/d/duwapkaine.html
DVBBS,https://www.azlyrics.com/d/dvbbs.html
DVICIO,https://www.azlyrics.com/d/dvicio.html
dvsn,https://www.azlyrics.com/d/dvsn.html
Dwa Sławy,https://www.azlyrics.com/d/dwaslawy.html
Dwayne Bravo,https://www.azlyrics.com/d/djbravo.html
Dwayne Johnson,https://www.azlyrics.com/d/dwaynejohnson.html
Dwele,https://www.azlyrics.com/d/dwele.html
Dwight Yoakam,https://www.azlyrics.com/d/dwightyoakam.html
Dying Fetus,https://www.azlyrics.com/d/dyingfetus.html
"Dylan, Bob",https://www.azlyrics.com/d/dylan.html
Dylan Conrique,https://www.azlyrics.com/d/dylanconrique.html
Dylan Dauzat,https://www.azlyrics.com/d/dylandauzat.html
Dylan Gardner,https://www.azlyrics.com/d/dylangardner.html
Dylan Holland,https://www.azlyrics.com/d/dylanholland.html
"Dylan, Jakob",https://www.azlyrics.com/j/jakobdylan.html
Dylan Matthew,https://www.azlyrics.com/d/dylanmatthew.html
Dylan Schneider,https://www.azlyrics.com/d/dylanschneider.html
Dylan Scott,https://www.azlyrics.com/d/dylanscott.html
Dynazty,https://www.azlyrics.com/d/dynazty.html
Dynoro,https://www.azlyrics.com/d/dynoro.html
Dystinct,https://www.azlyrics.com/d/dystinct.html
Dzharakhov (Джарахов),https://www.azlyrics.com/d/dzharakhov.html
Dzhizus (Джизус),https://www.azlyrics.com/d/dzhizus.html
