A1,https://www.azlyrics.com/a/a1.html
A1,https://www.azlyrics.com/f/floyda1bentley.html
A,https://www.azlyrics.com/a/a.html
A2H,https://www.azlyrics.com/a/a2h.html
A92,https://www.azlyrics.com/a/a92.html
"Aalegra, Snoh",https://www.azlyrics.com/s/snohaalegra.html
Aaliyah,https://www.azlyrics.com/a/aaliyah.html
"Aalto, Saara",https://www.azlyrics.com/s/saaraaalto.html
Aaradhna,https://www.azlyrics.com/a/aaradhna.html
Aaron Carpenter,https://www.azlyrics.com/a/aaroncarpenter.html
Aaron Carter,https://www.azlyrics.com/c/carter.html
Aaron Cole,https://www.azlyrics.com/a/aaroncole.html
Aaron Doh,https://www.azlyrics.com/a/aarondoh.html
Aaron Fresh,https://www.azlyrics.com/a/aaronfresh.html
Aaron Goodvin,https://www.azlyrics.com/a/aarongoodvin.html
Aaron Hall,https://www.azlyrics.com/a/aaronhall.html
Aaron Lewis,https://www.azlyrics.com/a/aaronlewis.html
Aaron Lines,https://www.azlyrics.com/l/lines.html
Aaron May,https://www.azlyrics.com/a/aaronmay.html
Aaron Neville,https://www.azlyrics.com/a/aaronneville.html
Aaron Pritchett,https://www.azlyrics.com/a/aaronpritchett.html
Aaron Shust,https://www.azlyrics.com/a/aaronshust.html
Aaron Smith,https://www.azlyrics.com/a/aaronsmith.html
Aaron Taos,https://www.azlyrics.com/a/aarontaos.html
Aaron Tippin,https://www.azlyrics.com/a/aarontippin.html
Aaron Watson,https://www.azlyrics.com/a/aaronwatson.html
Aaron West And The Roaring Twenties,https://www.azlyrics.com/a/aaronwestandtheroaringtwenties.html
Aastha Gill,https://www.azlyrics.com/a/aasthagill.html
AB6IX,https://www.azlyrics.com/a/ab6ix.html
Abandon All Ships,https://www.azlyrics.com/a/abandonallships.html
Abandoned Pools,https://www.azlyrics.com/a/abandonedpools.html
ABBA,https://www.azlyrics.com/a/abba.html
Abbey Glover,https://www.azlyrics.com/a/abbeyglover.html
"Abbott, Gregory",https://www.azlyrics.com/g/gregoryabbott.html
Abby Anderson,https://www.azlyrics.com/a/abbyanderson.html
ABC,https://www.azlyrics.com/a/abc.html
"Abdul, Paula",https://www.azlyrics.com/a/abdul.html
Abel Pintos,https://www.azlyrics.com/a/abelpintos.html
"Abel, Zak",https://www.azlyrics.com/z/zakabel.html
Abhi The Nomad,https://www.azlyrics.com/a/abhithenomad.html
Abigail Barlow,https://www.azlyrics.com/a/abigailbarlow.html
Abigail Breslin,https://www.azlyrics.com/a/abigailbreslin.html
ABK (Anybody Killa),https://www.azlyrics.com/a/abkanybodykilla.html
Aborted,https://www.azlyrics.com/a/aborted.html
Abou Debeing,https://www.azlyrics.com/a/aboudebeing.html
Above & Beyond,https://www.azlyrics.com/a/abovebeyond.html
Above The Hood,https://www.azlyrics.com/a/abovethehood.html
Abra,https://www.azlyrics.com/a/abra.html
ABRA,https://www.azlyrics.com/a/abra490149.html
Abra Cadabra,https://www.azlyrics.com/a/abracadabra.html
"Abraham, Ben",https://www.azlyrics.com/b/benabraham.html
Abraham Mateo,https://www.azlyrics.com/a/abrahammateo.html
Abraham Vazquez,https://www.azlyrics.com/a/abrahamvazquez.html
"Abrams, Casey",https://www.azlyrics.com/c/caseyabrams.html
"Abrams, Gracie",https://www.azlyrics.com/g/gracieabrams.html
abs,https://www.azlyrics.com/a/abs.html
Absofacto,https://www.azlyrics.com/a/absofacto.html
Ab-Soul,https://www.azlyrics.com/a/absoul.html
Abstract,https://www.azlyrics.com/a/abstract.html
"Abstract, Kevin",https://www.azlyrics.com/k/kevinabstract.html
Abu,https://www.azlyrics.com/a/abu.html
"Acacia Strain, The",https://www.azlyrics.com/a/acaciastrain.html
"Academic, The",https://www.azlyrics.com/a/academic.html
"Academy Is..., The",https://www.azlyrics.com/a/academyis.html
Accept,https://www.azlyrics.com/a/accept.html
Acceptance,https://www.azlyrics.com/a/acceptance.html
AC/DC,https://www.azlyrics.com/a/acdc.html
A.C.E,https://www.azlyrics.com/a/ave-kr.html
Ace,https://www.azlyrics.com/a/ace.html
"ACE Family, The",https://www.azlyrics.com/a/acefamily.html
Ace Frehley,https://www.azlyrics.com/a/acefrehley.html
Ace Hood,https://www.azlyrics.com/a/acehood.html
Ace Of Base,https://www.azlyrics.com/a/aceofbase.html
"Aces, The",https://www.azlyrics.com/a/aces.html
A.CHAL,https://www.azlyrics.com/a/achal.html
Achille Lauro,https://www.azlyrics.com/a/achillelauro.html
Acid Bath,https://www.azlyrics.com/a/acidbath.html
"Acorn, Taylor",https://www.azlyrics.com/t/tayloracorn.html
Action Action,https://www.azlyrics.com/a/actionaction.html
Action Bronson,https://www.azlyrics.com/a/actionbronson.html
Active Child,https://www.azlyrics.com/a/activechild.html
Actor | Observer,https://www.azlyrics.com/a/actorobserver.html
ADAAM,https://www.azlyrics.com/a/adaam.html
ADA Band,https://www.azlyrics.com/a/adaband.html
Adam Ant,https://www.azlyrics.com/a/adamant.html
Adam Calhoun,https://www.azlyrics.com/a/adamcalhoun.html
Adam Craig,https://www.azlyrics.com/a/adamcraig.html
Adam Doleac,https://www.azlyrics.com/a/adamdoleac.html
Adam Friedman,https://www.azlyrics.com/a/adamfriedman.html
Adam Gontier,https://www.azlyrics.com/a/adamgontier.html
Adam Gregory,https://www.azlyrics.com/g/gregory.html
Adam Jensen,https://www.azlyrics.com/a/adamjensen.html
Adam Lambert,https://www.azlyrics.com/a/adamlambert.html
Adamlar,https://www.azlyrics.com/a/adamlar.html
Adam Levine,https://www.azlyrics.com/a/adamlevine.html
Adam Saleh,https://www.azlyrics.com/a/adamsaleh.html
Adam Sandler,https://www.azlyrics.com/s/sandler.html
"Adams, Bryan",https://www.azlyrics.com/a/adams.html
"Adams, Chloe",https://www.azlyrics.com/c/chloeadams.html
"Adams, Joel",https://www.azlyrics.com/j/joeladams.html
"Adams, Oleta",https://www.azlyrics.com/o/oletaadams.html
"Adams, Peter Bradley",https://www.azlyrics.com/p/peterbradleyadams.html
"Adams, Ryan",https://www.azlyrics.com/a/adamsr.html
"Adams, Sammy",https://www.azlyrics.com/s/sammyadams.html
"Adams, Simon",https://www.azlyrics.com/s/simonadams.html
"Adams, Yolanda",https://www.azlyrics.com/a/adamsy.html
"Adara, Ivy",https://www.azlyrics.com/i/ivyadara.html
Addison Road,https://www.azlyrics.com/a/addisonroad.html
"Adecer, Migo",https://www.azlyrics.com/m/migoadecer.html
Adekunle Gold,https://www.azlyrics.com/a/adekunlegold.html
Adel,https://www.azlyrics.com/a/adel.html
Adele,https://www.azlyrics.com/a/adele.html
Adelen,https://www.azlyrics.com/a/adelen.html
Adelitas Way,https://www.azlyrics.com/a/adelitasway.html
Adel Tawil,https://www.azlyrics.com/a/adeltawil.html
Adema,https://www.azlyrics.com/a/adema.html
Adept,https://www.azlyrics.com/a/adept.html
Adera,https://www.azlyrics.com/a/adera.html
Adexe & Nau,https://www.azlyrics.com/a/adexenau.html
Adina Howard,https://www.azlyrics.com/h/howard.html
Ad Infinitum,https://www.azlyrics.com/a/adinfinitum.html
Adi Nowak,https://www.azlyrics.com/a/adinowak.html
"Adkins, Trace",https://www.azlyrics.com/t/traceadkins.html
ADL,https://www.azlyrics.com/a/adl.html
Adnan Sami,https://www.azlyrics.com/a/adnansami.html
Adolescents,https://www.azlyrics.com/a/adolescents.html
Adore Delano,https://www.azlyrics.com/a/adoredelano.html
Adrian Marcel,https://www.azlyrics.com/a/adrianmarcel.html
AdriAnne Lenker,https://www.azlyrics.com/a/adriannelenker.html
Adriano Celentano,https://www.azlyrics.com/a/adrianocelentano.html
Adriel Favela,https://www.azlyrics.com/a/adrielfavela.html
Adrienne Bailon,https://www.azlyrics.com/a/adriennebailon.html
Adventure Club,https://www.azlyrics.com/a/adventureclub.html
Ady Suleiman,https://www.azlyrics.com/a/adysuleiman.html
Aegis,https://www.azlyrics.com/a/aegis.html
Aer,https://www.azlyrics.com/a/aer.html
Aerosmith,https://www.azlyrics.com/a/aerosmith.html
Aesop Rock,https://www.azlyrics.com/a/aesoprock.html
aespa,https://www.azlyrics.com/a/aespa.html
Afgan,https://www.azlyrics.com/a/afgan.html
"Afghan Whigs, The",https://www.azlyrics.com/a/afghanwhigs.html
AFI,https://www.azlyrics.com/a/afi.html
Afro B,https://www.azlyrics.com/a/afrob.html
Afrojack,https://www.azlyrics.com/a/afrojack.html
Afroman,https://www.azlyrics.com/a/afroman.html
After 7,https://www.azlyrics.com/a/after7.html
After Forever,https://www.azlyrics.com/a/afterforever.html
"Afterimage, The",https://www.azlyrics.com/a/afterimage.html
Afterlife,https://www.azlyrics.com/a/afterlife.html
"Afters, The",https://www.azlyrics.com/a/afters.html
After The Burial,https://www.azlyrics.com/a/aftertheburial.html
Against Me!,https://www.azlyrics.com/a/againstme.html
Against The Current,https://www.azlyrics.com/a/againstthecurrent.html
Agent Orange,https://www.azlyrics.com/a/agentorange.html
"Age Of Information, The",https://www.azlyrics.com/a/ageofinformation.html
Aggro Santos,https://www.azlyrics.com/a/aggrosantos.html
Agnes,https://www.azlyrics.com/a/agnes.html
Agnes Monica,https://www.azlyrics.com/a/agnesmonica.html
Agnes Obel,https://www.azlyrics.com/a/agnesobel.html
Agnetha Fältskog,https://www.azlyrics.com/f/faltskog.html
"Agnew, Todd",https://www.azlyrics.com/t/toddagnew.html
Agnostic Front,https://www.azlyrics.com/a/agnosticfront.html
"Agonist, The",https://www.azlyrics.com/a/agonist.html
"Agony Scene, The",https://www.azlyrics.com/a/agonyscene.html
Agsunta,https://www.azlyrics.com/a/agsunta.html
"Aguilar, Freddie",https://www.azlyrics.com/f/freddieaguilar.html
"Aguilar, Pepe",https://www.azlyrics.com/p/pepeaguilar.html
"Aguilera, Christina",https://www.azlyrics.com/a/aguilera.html
Agust D,https://www.azlyrics.com/a/agustd.html
A-ha,https://www.azlyrics.com/a/aha.html
Aha Gazelle,https://www.azlyrics.com/a/ahagazelle.html
"Ahn, Priscilla",https://www.azlyrics.com/p/priscillaahn.html
Ahsen Almaz,https://www.azlyrics.com/a/ahsenalmaz.html
Aiden,https://www.azlyrics.com/a/aiden.html
Aiden Grimshaw,https://www.azlyrics.com/a/aidengrimshaw.html
Aidonia,https://www.azlyrics.com/a/aidonia.html
AIGEL (АИГЕЛ),https://www.azlyrics.com/a/aigel.html
"Aiken, Clay",https://www.azlyrics.com/a/aiken.html
"Aiko, Jhene",https://www.azlyrics.com/j/jhene.html
Ailee,https://www.azlyrics.com/a/ailee.html
Aiman Tino,https://www.azlyrics.com/a/aimantino.html
Aimee Mann,https://www.azlyrics.com/a/aimeemann.html
Aimer,https://www.azlyrics.com/a/aimer.html
Aimyon,https://www.azlyrics.com/a/aimyon.html
Air,https://www.azlyrics.com/a/air.html
"Airborne Toxic Event, The",https://www.azlyrics.com/a/airbornetoxicevent.html
Airbourne,https://www.azlyrics.com/a/airbourne.html
Air Supply,https://www.azlyrics.com/a/airsupply.html
Air Traffic Controller,https://www.azlyrics.com/a/airtrafficcontroller.html
Aisha Badru,https://www.azlyrics.com/a/aishabadru.html
Aitana,https://www.azlyrics.com/a/aitana.html
Aitch,https://www.azlyrics.com/a/aitch.html
Aiza Seguerra,https://www.azlyrics.com/a/aizaseguerra.html
Aja,https://www.azlyrics.com/a/aja.html
AJ McLean,https://www.azlyrics.com/a/ajmclean.html
AJ Michalka,https://www.azlyrics.com/a/ajmichalka.html
AJ Mitchell,https://www.azlyrics.com/a/aj.html
AJR,https://www.azlyrics.com/a/ajr.html
AJ Rafael,https://www.azlyrics.com/a/ajrafael.html
"Ajram, Nancy",https://www.azlyrics.com/n/nancyajram.html
AJ Tracey,https://www.azlyrics.com/a/ajtracey.html
AJ x Deno,https://www.azlyrics.com/a/ajxdeno.html
AKA,https://www.azlyrics.com/a/aka.html
AK Ausserkontrolle,https://www.azlyrics.com/a/akausserkontrolle.html
Akcent,https://www.azlyrics.com/a/akcent.html
Akdong Musician (AKMU),https://www.azlyrics.com/a/akdongmusicianakmu.html
Akia,https://www.azlyrics.com/a/akia.html
"Akins, Rhett",https://www.azlyrics.com/r/rhettakins.html
Akinyele,https://www.azlyrics.com/a/akinyele.html
Akon,https://www.azlyrics.com/a/akon.html
"Akridge, Christian",https://www.azlyrics.com/c/christianakridge.html
"Aksu, Sezen",https://www.azlyrics.com/s/sezenaksu.html
AK,https://www.azlyrics.com/a/ak.html
Alabama,https://www.azlyrics.com/a/alabama.html
Alabama Shakes,https://www.azlyrics.com/a/alabamashakes.html
Alacranes Musical,https://www.azlyrics.com/a/alacranesmusical.html
"Alade, Yemi",https://www.azlyrics.com/y/yemialade.html
Aladin 135,https://www.azlyrics.com/a/aladin135.html
Alaina Castillo,https://www.azlyrics.com/a/alainacastillo.html
"Alaina, Lauren",https://www.azlyrics.com/l/laurenalaina.html
Alain Souchon,https://www.azlyrics.com/a/alainsouchon.html
Alamid,https://www.azlyrics.com/a/alamid.html
Alana Lee,https://www.azlyrics.com/a/alanalee.html
ALA.NI,https://www.azlyrics.com/a/alani.html
Alanis Morissette,https://www.azlyrics.com/m/morissette.html
Alan Jackson,https://www.azlyrics.com/j/jacksonal.html
Alannah Myles,https://www.azlyrics.com/a/alannahmyles.html
"Alan Parsons Project, The",https://www.azlyrics.com/a/alanparsonsproject.html
Alan Walker,https://www.azlyrics.com/a/alanwalker.html
Alaska Thunderfuck,https://www.azlyrics.com/a/alaskathunderfuck.html
Alayna,https://www.azlyrics.com/a/alayna.html
ALAZKA,https://www.azlyrics.com/a/alazka.html
"Albarn, Damon",https://www.azlyrics.com/d/damonalbarn.html
Albert Hammond,https://www.azlyrics.com/a/alberthammond.html
"Albert Hammond, Jr.",https://www.azlyrics.com/a/alberthammondjr.html
Albert King,https://www.azlyrics.com/a/albertking.html
"Alberts, Ziggy",https://www.azlyrics.com/z/ziggyalberts.html
"Alborán, Pablo",https://www.azlyrics.com/p/pabloalboran.html
Alborosie,https://www.azlyrics.com/a/alborosie.html
"Alcasid, Ogie",https://www.azlyrics.com/o/ogiealcasid.html
Alcatrazz,https://www.azlyrics.com/a/alcatrazz.html
Alcazar,https://www.azlyrics.com/a/alcazar.html
Alcest,https://www.azlyrics.com/a/alcest.html
"Alchemist, The",https://www.azlyrics.com/a/alchemist.html
Alcy,https://www.azlyrics.com/a/alcy.html
Aldair Playboy,https://www.azlyrics.com/a/aldairplayboy.html
"Aldean, Jason",https://www.azlyrics.com/j/jasonaldean.html
Alden Richards,https://www.azlyrics.com/a/aldenrichards.html
Aldo Nova,https://www.azlyrics.com/a/aldonova.html
Aldous Harding,https://www.azlyrics.com/a/aldousharding.html
Alec Benjamin,https://www.azlyrics.com/a/alecbenjamin.html
Aleesia,https://www.azlyrics.com/a/aleesia.html
Alejandra Guzman,https://www.azlyrics.com/a/alejandraguzman.html
Alejandro Fernandez,https://www.azlyrics.com/a/alejandrofernandez.html
Alejandro Sanz,https://www.azlyrics.com/a/alejandrosanz.html
ALEKSEEV,https://www.azlyrics.com/a/alekseev.html
Alemán,https://www.azlyrics.com/a/aleman.html
Alesana,https://www.azlyrics.com/a/alesana.html
Alesha Dixon,https://www.azlyrics.com/a/aleshadixon.html
Alessia Cara,https://www.azlyrics.com/a/alessiacara.html
Alesso,https://www.azlyrics.com/a/alesso.html
Alestorm,https://www.azlyrics.com/a/alestorm.html
AleXa,https://www.azlyrics.com/a/alexa.html
Alexa Goddard,https://www.azlyrics.com/a/alexagoddard.html
Alexa Ilacad,https://www.azlyrics.com/a/alexailacad.html
Alex Aiono,https://www.azlyrics.com/a/alexaiono.html
Alexander 23,https://www.azlyrics.com/a/alexander23.html
"Alexander, Dean",https://www.azlyrics.com/d/deanalexander.html
Alexander Diaz,https://www.azlyrics.com/a/alexanderdiaz.html
Alexander Jean,https://www.azlyrics.com/a/alexanderjean.html
Alexander Ludwig,https://www.azlyrics.com/a/alexanderludwig.html
Alexander Oscar,https://www.azlyrics.com/a/alexanderoscar.html
Alexander Rybak,https://www.azlyrics.com/a/alexanderrybak.html
Alexandra Burke,https://www.azlyrics.com/a/alexandraburke.html
Alexandra Savior,https://www.azlyrics.com/a/alexandrasavior.html
Alexandra Stan,https://www.azlyrics.com/a/alexandrastan.html
Alexa Vega,https://www.azlyrics.com/a/alexavega.html
Alex Band,https://www.azlyrics.com/a/alexband.html
Alex Cameron,https://www.azlyrics.com/a/alexcameron.html
Alex Campos,https://www.azlyrics.com/a/alexcampos.html
Alex Clare,https://www.azlyrics.com/a/alexclare.html
Alex Da Kid,https://www.azlyrics.com/a/alexdakid.html
Alex Day,https://www.azlyrics.com/a/alexday.html
Alex G,https://www.azlyrics.com/a/alexg.html
Alex Gaudino,https://www.azlyrics.com/a/alexgaudino.html
Alex Gonzaga,https://www.azlyrics.com/a/alexgonzaga.html
Alex Goot,https://www.azlyrics.com/a/alexgoot.html
Alex Hepburn,https://www.azlyrics.com/a/alexhepburn.html
Alexiane,https://www.azlyrics.com/a/alexiane.html
Alexi Murdoch,https://www.azlyrics.com/a/aleximurdoch.html
Alexis Jordan,https://www.azlyrics.com/a/alexisjordan.html
Alex Isley,https://www.azlyrics.com/a/alexisley.html
Alexisonfire,https://www.azlyrics.com/a/alexisonfire.html
Alexis Y Fido,https://www.azlyrics.com/a/alexisfido.html
Alex Lahey,https://www.azlyrics.com/a/alexlahey.html
Alex Lora,https://www.azlyrics.com/a/alexlora.html
Alex Mattson,https://www.azlyrics.com/a/alexmattson.html
Alex Mica,https://www.azlyrics.com/a/alexmica.html
Alex Parks,https://www.azlyrics.com/a/alexparks.html
Alex Rose,https://www.azlyrics.com/a/alexrose.html
Alex Sampson,https://www.azlyrics.com/a/alexsampson.html
Alex Sensation,https://www.azlyrics.com/a/alexsensation.html
Alex & Sierra,https://www.azlyrics.com/a/alexsierra.html
alextbh,https://www.azlyrics.com/a/alextbh.html
Alex Turner,https://www.azlyrics.com/a/alexturner.html
Alex Vargas,https://www.azlyrics.com/a/alexvargas.html
Alexx Calise,https://www.azlyrics.com/a/alexxcalise.html
Alexz Johnson,https://www.azlyrics.com/a/alexzjohnson.html
Aleyna,https://www.azlyrics.com/a/aleyna.html
Aleyna Tilki,https://www.azlyrics.com/a/aleynatilki.html
Alfa,https://www.azlyrics.com/a/alfa.html
Alffy Rev,https://www.azlyrics.com/a/alffyrev.html
Alfredo Olivas,https://www.azlyrics.com/a/alfredoolivas.html
Algiers,https://www.azlyrics.com/a/algiers.html
Al Green,https://www.azlyrics.com/a/algreen.html
Ali471,https://www.azlyrics.com/a/ali471.html
Alias,https://www.azlyrics.com/a/alias.html
Ali As,https://www.azlyrics.com/a/ali-as.html
Ali B,https://www.azlyrics.com/a/alib.html
Alice Cooper,https://www.azlyrics.com/a/alicecooper.html
Alice Glass,https://www.azlyrics.com/a/aliceglass.html
Alice In Chains,https://www.azlyrics.com/a/aliceinchains.html
Alice Kristiansen,https://www.azlyrics.com/a/alicekristiansen.html
Alice Merton,https://www.azlyrics.com/a/alicemerton.html
Alice Peacock,https://www.azlyrics.com/a/alicepeacock.html
Alice Phoebe Lou,https://www.azlyrics.com/a/alicephoebelou.html
Alicia Bridges,https://www.azlyrics.com/a/aliciabridges.html
Alicia Keys,https://www.azlyrics.com/a/aliciakeys.html
Alicia Moffet,https://www.azlyrics.com/a/aliciamoffet.html
Alien Ant Farm,https://www.azlyrics.com/a/alienantfarm.html
Alien Weaponry,https://www.azlyrics.com/a/alienweaponry.html
Ali G,https://www.azlyrics.com/a/alig.html
Ali Gatie,https://www.azlyrics.com/a/aligatie.html
Ali Lohan,https://www.azlyrics.com/a/alilohan.html
"Ali, Maejor",https://www.azlyrics.com/m/maejorali.html
Alina Baraz,https://www.azlyrics.com/a/alinabaraz.html
"Ali, Nadia",https://www.azlyrics.com/n/nadiaali.html
Aline Barros,https://www.azlyrics.com/a/alinebarros.html
Aliotta Haynes Jeremiah,https://www.azlyrics.com/a/aliottahaynesjeremiah.html
Alisa Turner,https://www.azlyrics.com/a/alisaturner.html
Alisha's Attic,https://www.azlyrics.com/a/alishasattic.html
Alison Gold,https://www.azlyrics.com/a/alisongold.html
Alison Krauss,https://www.azlyrics.com/k/krauss.html
Alison Moyet,https://www.azlyrics.com/a/alisonmoyet.html
Alison Wonderland,https://www.azlyrics.com/a/alisonwonderland.html
Alissic,https://www.azlyrics.com/a/alissic.html
Alisson Shore,https://www.azlyrics.com/a/alissonshore.html
Alive Like Me,https://www.azlyrics.com/a/alivelikeme.html
ALIZADE,https://www.azlyrics.com/a/alizade.html
Alizee,https://www.azlyrics.com/a/alizee.html
Al James,https://www.azlyrics.com/a/aljames.html
Al Jarreau,https://www.azlyrics.com/a/aljarreau.html
Alkaline,https://www.azlyrics.com/a/alkaline.html
Alkaline Trio,https://www.azlyrics.com/a/alkalinetrio.html
"AlKhudher, Humood",https://www.azlyrics.com/h/humoodalkhudher.html
Alkilados,https://www.azlyrics.com/a/alkilados.html
Alkpote,https://www.azlyrics.com/a/alkpote.html
All 4 One,https://www.azlyrics.com/a/all4one.html
All About She,https://www.azlyrics.com/a/allaboutshe.html
Allah-Las,https://www.azlyrics.com/a/allahlas.html
Allâme,https://www.azlyrics.com/a/allame.html
"All-American Rejects, The",https://www.azlyrics.com/a/allamericanrejects.html
"Allan, Gary",https://www.azlyrics.com/g/garyallan.html
Allan Rayman,https://www.azlyrics.com/a/allanrayman.html
Allday,https://www.azlyrics.com/a/allday.html
Alle Farben,https://www.azlyrics.com/a/allefarben.html
Allegaeon,https://www.azlyrics.com/a/allegaeon.html
Allele,https://www.azlyrics.com/a/allele.html
"Allen, Hoodie",https://www.azlyrics.com/h/hoodieallen.html
"Allen, Jimmie",https://www.azlyrics.com/j/jimmieallen.html
"Allen, Kris",https://www.azlyrics.com/k/krisallen.html
Allen - Lande,https://www.azlyrics.com/a/allenlande.html
"Allen, Lily",https://www.azlyrics.com/l/lilyallen.html
Allen Stone,https://www.azlyrics.com/a/allenstone.html
"Alley, Candice",https://www.azlyrics.com/c/candice.html
All Get Out,https://www.azlyrics.com/a/allgetout.html
All Good Things,https://www.azlyrics.com/a/allgoodthings.html
Allie X,https://www.azlyrics.com/a/alliex.html
Alligatoah,https://www.azlyrics.com/a/alligatoah.html
Alli Simpson,https://www.azlyrics.com/a/allisimpson.html
Allison Iraheta,https://www.azlyrics.com/a/allisoniraheta.html
Allister,https://www.azlyrics.com/a/allister.html
Allj (Элджей),https://www.azlyrics.com/a/allj.html
"Allman Brothers Band, The",https://www.azlyrics.com/a/allmanbrothersband.html
Allman Brown,https://www.azlyrics.com/a/allmanbrown.html
"Allman, Gregg",https://www.azlyrics.com/g/greggallman.html
ALLMO$T,https://www.azlyrics.com/a/allmot.html
All Saints,https://www.azlyrics.com/a/allsaints.html
All Shall Perish,https://www.azlyrics.com/a/allshallperish.html
All Sons & Daughters,https://www.azlyrics.com/a/allsonsdaughters.html
All-Star Tribute,https://www.azlyrics.com/a/allstartribute.html
Allstar Weekend,https://www.azlyrics.com/a/allstarweekend.html
All That Remains,https://www.azlyrics.com/a/allthatremains.html
All Them Witches,https://www.azlyrics.com/a/allthemwitches.html
All Time Low,https://www.azlyrics.com/a/alltimelow.html
Allure,https://www.azlyrics.com/a/allure.html
All We Are,https://www.azlyrics.com/a/allweare.html
Ally Brooke,https://www.azlyrics.com/a/allybrooke.html
Ally Burnett,https://www.azlyrics.com/a/allyburnett.html
ALMA,https://www.azlyrics.com/a/alma.html
Alma,https://www.azlyrics.com/a/alma7758.html
"Almalbis, Barbie",https://www.azlyrics.com/b/barbiealmalbis.html
Almanac,https://www.azlyrics.com/a/almanac.html
Almighty,https://www.azlyrics.com/a/almighty.html
"Almost, The",https://www.azlyrics.com/a/almost.html
Aloe Blacc,https://www.azlyrics.com/a/aloeblacc.html
Alok,https://www.azlyrics.com/a/alok.html
Alonzo,https://www.azlyrics.com/a/alonzo.html
"Alpert, Herb",https://www.azlyrics.com/h/herbalpert.html
Alphabeat,https://www.azlyrics.com/a/alphabeat.html
Alpha Rev,https://www.azlyrics.com/a/alpharev.html
Alphaville,https://www.azlyrics.com/a/alphaville.html
Alpha Wolf,https://www.azlyrics.com/a/alphawolf.html
Alpine,https://www.azlyrics.com/a/alpine.html
Alsou (Алсу),https://www.azlyrics.com/a/alsou.html
Al Stewart,https://www.azlyrics.com/a/alstewart.html
Alta Consigna,https://www.azlyrics.com/a/altaconsigna.html
Alter Bridge,https://www.azlyrics.com/a/alterbridge.html
Altered Images,https://www.azlyrics.com/a/alteredimages.html
Althea & Donna,https://www.azlyrics.com/a/altheadonna.html
Altiyan Childs,https://www.azlyrics.com/a/altiyanchilds.html
alt-J,https://www.azlyrics.com/a/altj.html
Aluna,https://www.azlyrics.com/a/aluna.html
AlunaGeorge,https://www.azlyrics.com/a/alunageorge.html
Alvaro Soler,https://www.azlyrics.com/a/alvarosoler.html
"Alven, Sonny",https://www.azlyrics.com/s/sonnyalven.html
Alvin And The Chipmunks,https://www.azlyrics.com/a/alvinandthechipmunks.html
"Alvord, Tiffany",https://www.azlyrics.com/t/tiffanyalvord.html
Alvvays,https://www.azlyrics.com/a/alvvays.html
Always Never,https://www.azlyrics.com/a/alwaysnever.html
Al Wilson,https://www.azlyrics.com/a/alwilson.html
Aly & AJ,https://www.azlyrics.com/a/alyaj.html
alyona alyona,https://www.azlyrics.com/a/alyonaalyona.html
alyona shvets. (алёна швец.),https://www.azlyrics.com/a/alyonashvets.html
Alyson Stoner,https://www.azlyrics.com/a/alysonstoner.html
Alyssa Reid,https://www.azlyrics.com/a/alyssareid.html
Alz x 38,https://www.azlyrics.com/a/alzx38.html
"Amador, Ryan",https://www.azlyrics.com/r/ryanamador.html
Amaia & Alfred,https://www.azlyrics.com/a/amaiaalfred.html
Amaia Montero,https://www.azlyrics.com/a/amaiamontero.html
AmaLee,https://www.azlyrics.com/a/amalee.html
Ama Lou,https://www.azlyrics.com/a/amalou.html
Amanda,https://www.azlyrics.com/a/amanda.html
Amanda Black,https://www.azlyrics.com/a/amandablack.html
Amanda Cook,https://www.azlyrics.com/a/amandacook.html
Amanda Delara,https://www.azlyrics.com/a/amandadelara.html
Amanda Marshall,https://www.azlyrics.com/a/amandamarshall.html
Amanda Palmer,https://www.azlyrics.com/a/amandapalmer.html
Amanda Perez,https://www.azlyrics.com/p/perez.html
Amanda Seyfried,https://www.azlyrics.com/a/amandaseyfried.html
Amanda Somerville,https://www.azlyrics.com/a/amandasomerville.html
Amanda Stott,https://www.azlyrics.com/a/amandastott.html
Amara La Negra,https://www.azlyrics.com/a/amaralanegra.html
"Amarante, Rodrigo",https://www.azlyrics.com/r/rodrigoamarante.html
Amaranthe,https://www.azlyrics.com/a/amaranthe.html
"Amaro, Melanie",https://www.azlyrics.com/m/melanieamaro.html
"Amazons, The",https://www.azlyrics.com/a/amazons.html
Ambar Lucid,https://www.azlyrics.com/a/ambarlucid.html
Amberian Dawn,https://www.azlyrics.com/a/amberiandawn.html
Amber Mark,https://www.azlyrics.com/a/ambermark.html
Amber Pacific,https://www.azlyrics.com/a/amberpacific.html
Amber Riley,https://www.azlyrics.com/a/amberriley.html
Amber Rose,https://www.azlyrics.com/a/amberrose.html
Amber Run,https://www.azlyrics.com/a/amberrun.html
Ambjaay,https://www.azlyrics.com/a/ambjaay.html
Ambrosia,https://www.azlyrics.com/a/ambrosia.html
"Ambrosius, Marsha",https://www.azlyrics.com/m/marshaambrosius.html
Ambush Buzzworl,https://www.azlyrics.com/a/ambushbuzzworl.html
Ameer Vann,https://www.azlyrics.com/a/ameervann.html
Amel Bent,https://www.azlyrics.com/a/amelbent.html
Amelia Lily,https://www.azlyrics.com/a/amelialily.html
Amelia Monet,https://www.azlyrics.com/a/ameliamonet.html
Amel Larrieux,https://www.azlyrics.com/a/amellarrieux.html
Amenazzy,https://www.azlyrics.com/a/amenazzy.html
Amen Dunes,https://www.azlyrics.com/a/amendunes.html
America,https://www.azlyrics.com/a/america.html
American Aquarium,https://www.azlyrics.com/a/americanaquarium.html
American Authors,https://www.azlyrics.com/a/americanauthors.html
American Football,https://www.azlyrics.com/a/americanfootball.html
American Head Charge,https://www.azlyrics.com/a/americanhead.html
American Hi-Fi,https://www.azlyrics.com/a/americanhifi.html
American Juniors,https://www.azlyrics.com/a/americanjuniors.html
American Nightmare,https://www.azlyrics.com/a/americannightmare.html
"Americanos, The",https://www.azlyrics.com/a/americanos.html
American Pleasure Club,https://www.azlyrics.com/a/americanpleasureclub.html
Amerie,https://www.azlyrics.com/a/amerie.html
Amici Forever,https://www.azlyrics.com/a/amiciforever.html
Amiel,https://www.azlyrics.com/a/amiel.html
Amigdala,https://www.azlyrics.com/a/amigdala.html
Amigo The Devil,https://www.azlyrics.com/a/amigothedevil.html
Amina Buddafly,https://www.azlyrics.com/a/aminabuddafly.html
Aminé,https://www.azlyrics.com/a/amine.html
Amir,https://www.azlyrics.com/a/amir.html
Amir Obè,https://www.azlyrics.com/a/amirobe.html
"Amity Affliction, The",https://www.azlyrics.com/a/amityaffliction.html
"Amizah, Nadin",https://www.azlyrics.com/n/nadinamizah.html
Amon Amarth,https://www.azlyrics.com/a/amonamarth.html
"Amorosi, Vanessa",https://www.azlyrics.com/v/vanessaamorosi.html
Amorphis,https://www.azlyrics.com/a/amorphis.html
Amos Lee,https://www.azlyrics.com/a/amoslee.html
"Amos, Tori",https://www.azlyrics.com/a/amos.html
Amrit Maan,https://www.azlyrics.com/a/amritmaan.html
Amy Grant,https://www.azlyrics.com/a/amygrant.html
Amy Lee,https://www.azlyrics.com/a/amylee.html
Amy Macdonald,https://www.azlyrics.com/a/amymacdonald.html
Amy Meredith,https://www.azlyrics.com/a/amymeredith.html
Amy Pearson,https://www.azlyrics.com/a/amypearson.html
Amy Shark,https://www.azlyrics.com/a/amyshark.html
Amy Studt,https://www.azlyrics.com/s/studt.html
Amy Wadge,https://www.azlyrics.com/a/amywadge.html
Amy Winehouse,https://www.azlyrics.com/a/amywinehouse.html
Anaal Nathrakh,https://www.azlyrics.com/a/anaalnathrakh.html
Anacondaz,https://www.azlyrics.com/a/anacondaz.html
Ana Gabriel,https://www.azlyrics.com/a/anagabriel.html
Ana Gabriela,https://www.azlyrics.com/a/anagabriela.html
Ana Guerra,https://www.azlyrics.com/a/anaguerra.html
Ana Johnsson,https://www.azlyrics.com/j/johnsson.html
Anamanaguchi,https://www.azlyrics.com/a/anamanaguchi.html
Ana Mena,https://www.azlyrics.com/a/anamena.html
Ananda,https://www.azlyrics.com/a/ananda.html
Ananya Birla,https://www.azlyrics.com/a/ananyabirla.html
Anarbor,https://www.azlyrics.com/a/anarbor.html
Anastacia,https://www.azlyrics.com/a/anastacia.html
Anathema,https://www.azlyrics.com/a/anathema.html
ANAVITÓRIA,https://www.azlyrics.com/a/anavitoria.html
Anberlin,https://www.azlyrics.com/a/anberlin.html
ANBU,https://www.azlyrics.com/a/anbu.html
anders,https://www.azlyrics.com/a/anders.html
Anders Lystell,https://www.azlyrics.com/a/anderslystell.html
"Anderson, Bonnie",https://www.azlyrics.com/b/bonnieanderson.html
Anderson East,https://www.azlyrics.com/a/andersoneast.html
"Anderson, John",https://www.azlyrics.com/j/johnanderson.html
"Anderson, Jon",https://www.azlyrics.com/j/jonanderson.html
"Anderson, Keith",https://www.azlyrics.com/k/keithanderson.html
"Anderson, Lynn",https://www.azlyrics.com/l/lynnanderson.html
"Anderson, Lyrica",https://www.azlyrics.com/l/lyricaanderson.html
Anderson .Paak,https://www.azlyrics.com/a/anderson-paak.html
Andie Case,https://www.azlyrics.com/a/andiecase.html
"Andini, Tiara",https://www.azlyrics.com/t/tiaraandini.html
Andmesh,https://www.azlyrics.com/a/andmesh.html
"Andonov, Bobi",https://www.azlyrics.com/b/bobiandonov.html
Andra,https://www.azlyrics.com/a/andra.html
Andra And The BackBone,https://www.azlyrics.com/a/andraandthebackbone.html
Andra Day,https://www.azlyrics.com/a/andraday.html
"Andrade, Daniela",https://www.azlyrics.com/d/danielaandrade.html
Andre 3000,https://www.azlyrics.com/a/andre3000.html
Andrea Bocelli,https://www.azlyrics.com/a/andreabocelli.html
Andrea Brillantes,https://www.azlyrics.com/a/andreabrillantes.html
Andrea Corr,https://www.azlyrics.com/a/andreacorr.html
Andreas Bourani,https://www.azlyrics.com/a/andreasbourani.html
Andrea True Connection,https://www.azlyrics.com/a/andreatrueconnection.html
Andre Nickatina,https://www.azlyrics.com/a/andrenickatina.html
"Andre, Peter",https://www.azlyrics.com/a/andre.html
Andres Calamaro,https://www.azlyrics.com/a/andrescalamaro.html
"Andress, Ingrid",https://www.azlyrics.com/i/ingridandress.html
Andrew Allen,https://www.azlyrics.com/a/andrewallen.html
Andrew Belle,https://www.azlyrics.com/a/andrewbelle.html
Andrew Bird,https://www.azlyrics.com/a/andrewbird.html
Andrew Garcia,https://www.azlyrics.com/a/andrewgarcia.html
Andrew Gold,https://www.azlyrics.com/a/andrewgold.html
Andrew Jackson Jihad (AJJ),https://www.azlyrics.com/a/andrewjacksonjihad.html
Andrew Jannakos,https://www.azlyrics.com/a/andrewjannakos.html
Andrew McMahon In The Wilderness,https://www.azlyrics.com/a/andrewmcmahoninthewilderness.html
Andrew Peterson,https://www.azlyrics.com/a/andrewpeterson.html
"Andrews, Jessica",https://www.azlyrics.com/a/andrews.html
"Andrews, Meredith",https://www.azlyrics.com/m/meredithandrews.html
Andrew W.K.,https://www.azlyrics.com/a/andrewwk.html
Andro,https://www.azlyrics.com/a/andro.html
Androids,https://www.azlyrics.com/a/androids.html
Andy Black,https://www.azlyrics.com/a/andyblack.html
Andy Brown,https://www.azlyrics.com/a/andybrown.html
Andy Gibb,https://www.azlyrics.com/a/andygibb.html
Andy Grammer,https://www.azlyrics.com/a/andygrammer.html
Andy Kim,https://www.azlyrics.com/a/andykim.html
Andy Mineo,https://www.azlyrics.com/a/andymineo.html
...And You Will Know Us By The Trail Of Dead,https://www.azlyrics.com/a/andyouwillknowusbythetrailofdead.html
Andy Shauf,https://www.azlyrics.com/a/andyshauf.html
Andy Williams,https://www.azlyrics.com/a/andywilliams.html
Ane Brun,https://www.azlyrics.com/a/anebrun.html
Anfa Rose,https://www.azlyrics.com/a/anfarose.html
Ángela Aguilar,https://www.azlyrics.com/a/angelaaguilar.html
Angela Ammons,https://www.azlyrics.com/a/angelaammons.html
Angela Bofill,https://www.azlyrics.com/a/angelabofill.html
Angel,https://www.azlyrics.com/a/angel.html
Angèle,https://www.azlyrics.com/a/angle.html
Angel Haze,https://www.azlyrics.com/a/angelhaze.html
Angeline Quinto,https://www.azlyrics.com/a/angelinequinto.html
"Angello, Steve",https://www.azlyrics.com/s/steveangello.html
AngelMaker,https://www.azlyrics.com/a/angelmaker.html
Angel Olsen,https://www.azlyrics.com/a/angelolsen.html
Angels & Airwaves,https://www.azlyrics.com/a/angelsairwaves.html
Angels Fall,https://www.azlyrics.com/a/angelsfall.html
Angel,https://www.azlyrics.com/a/angel4453.html
"Angels, The",https://www.azlyrics.com/a/angels-usa.html
"Angels, The",https://www.azlyrics.com/a/angels.html
Angel Taylor,https://www.azlyrics.com/a/angeltaylor.html
Anggun,https://www.azlyrics.com/a/anggun.html
Angie Martinez,https://www.azlyrics.com/m/martinez.html
Angie McMahon,https://www.azlyrics.com/a/angiemcmahon.html
Angie Miller,https://www.azlyrics.com/a/angiemiller.html
Angie Stone,https://www.azlyrics.com/s/stonean.html
Angra,https://www.azlyrics.com/a/angra.html
Angus & Julia Stone,https://www.azlyrics.com/a/angusjuliastone.html
Angus Stone,https://www.azlyrics.com/a/angusstone.html
Ani DiFranco,https://www.azlyrics.com/d/difranco.html
ANIKV,https://www.azlyrics.com/a/anikv.html
Anilyst,https://www.azlyrics.com/a/anilyst.html
Animal Collective,https://www.azlyrics.com/a/animalcollective.html
"Animals, The",https://www.azlyrics.com/a/animals.html
Animotion,https://www.azlyrics.com/a/animotion.html
Animus,https://www.azlyrics.com/a/animus.html
Anita Baker,https://www.azlyrics.com/a/anitabaker.html
Anita Ward,https://www.azlyrics.com/a/anitaward.html
Anita Wilson,https://www.azlyrics.com/a/anitawilson.html
Anitta,https://www.azlyrics.com/a/anitta.html
ANIVAR,https://www.azlyrics.com/a/anivar.html
Anji,https://www.azlyrics.com/a/anji.html
Anjulie,https://www.azlyrics.com/a/anjulie.html
"Anka, Paul",https://www.azlyrics.com/p/paulanka.html
ANNA,https://www.azlyrics.com/a/anna.html
Anna Blue,https://www.azlyrics.com/a/annablue.html
Anna Calvi,https://www.azlyrics.com/a/annacalvi.html
Anna Clendening,https://www.azlyrics.com/a/annaclendening.html
AnnaGrace,https://www.azlyrics.com/a/annagrace.html
Anna Graceman,https://www.azlyrics.com/a/annagraceman.html
Annah Mac,https://www.azlyrics.com/a/annahmac.html
Anna Kendrick,https://www.azlyrics.com/a/annakendrick.html
Anna Leone,https://www.azlyrics.com/a/annaleone.html
Annalisa,https://www.azlyrics.com/a/annalisa.html
Anna Margaret,https://www.azlyrics.com/a/annamargaret.html
Anna Naklab,https://www.azlyrics.com/a/annanaklab.html
Anna Nalick,https://www.azlyrics.com/a/annanalick.html
Anna Of The North,https://www.azlyrics.com/a/annaofthenorth.html
Anna Wise,https://www.azlyrics.com/a/annawise.html
Anne Hathaway,https://www.azlyrics.com/a/annehathaway.html
Anneliese Van Der Pol,https://www.azlyrics.com/a/anneliesevanderpol.html
Anne-Marie,https://www.azlyrics.com/a/annemarie.html
Anne Murray,https://www.azlyrics.com/a/annemurray.html
AnnenMayKantereit,https://www.azlyrics.com/a/annenmaykantereit.html
Anneth,https://www.azlyrics.com/a/anneth.html
Annie LeBlanc,https://www.azlyrics.com/a/annieleblanc.html
Annie Lennox,https://www.azlyrics.com/l/lennox.html
Annihilator,https://www.azlyrics.com/a/annihilator.html
Annisokay,https://www.azlyrics.com/a/annisokay.html
Ann Marie,https://www.azlyrics.com/a/annmarie.html
Ann Marr,https://www.azlyrics.com/a/annmarr.html
ANOHNI,https://www.azlyrics.com/a/anohni.html
Anonym,https://www.azlyrics.com/a/anonym.html
Anouk,https://www.azlyrics.com/a/anouk.html
ANS,https://www.azlyrics.com/a/ans.html
Ansel Elgort,https://www.azlyrics.com/a/anselelgort.html
Anson Seabra,https://www.azlyrics.com/a/ansonseabra.html
"Answer, The",https://www.azlyrics.com/a/answer.html
Anth,https://www.azlyrics.com/a/anth.html
Anthem Lights,https://www.azlyrics.com/a/anthemlights.html
Anthony Amorim,https://www.azlyrics.com/a/anthonyamorim.html
Anthony Brown & group therAPy,https://www.azlyrics.com/a/anthonybrown.html
Anthony Callea,https://www.azlyrics.com/a/anthonycallea.html
Anthony David,https://www.azlyrics.com/a/anthonydavid.html
Anthony Evans,https://www.azlyrics.com/a/anthonyevans.html
Anthony Green,https://www.azlyrics.com/a/anthonygreen.html
Anthony Hamilton,https://www.azlyrics.com/h/hamilton.html
Anthony Lewis,https://www.azlyrics.com/a/anthonylewis.html
"Anthony, Marc",https://www.azlyrics.com/a/anthony.html
Anthony Ramos,https://www.azlyrics.com/a/anthonyramos.html
Anthony Russo,https://www.azlyrics.com/a/anthonyrusso.html
Anthrax,https://www.azlyrics.com/a/anthrax.html
Anti-Flag,https://www.azlyrics.com/a/antiflag.html
"Antlers, The",https://www.azlyrics.com/a/antlers.html
Antoine Dodson,https://www.azlyrics.com/a/antoinedodson.html
Antonia,https://www.azlyrics.com/a/antonia.html
Antony And The Johnsons,https://www.azlyrics.com/a/antonyandthejohnsons.html
Ant Saunders,https://www.azlyrics.com/a/antsaunders.html
Ant Wan,https://www.azlyrics.com/a/antwan.html
Anuel AA,https://www.azlyrics.com/a/anuelaa.html
Anuhea,https://www.azlyrics.com/a/anuhea.html
Anvil,https://www.azlyrics.com/a/anvil.html
ANYA,https://www.azlyrics.com/a/anya.html
Anya Marina,https://www.azlyrics.com/a/anyamarina.html
Any Given Day,https://www.azlyrics.com/a/anygivenday.html
Any Given Sin,https://www.azlyrics.com/a/anygivensin.html
AOA,https://www.azlyrics.com/a/aoa.html
"Aoki, Steve",https://www.azlyrics.com/s/steveaoki.html
Apache 207,https://www.azlyrics.com/a/apache207.html
Apartment 26,https://www.azlyrics.com/a/apartment26.html
"Ape, Keith",https://www.azlyrics.com/k/keithape.html
Apekz,https://www.azlyrics.com/a/apekz.html
Apex Theory,https://www.azlyrics.com/a/apextheory.html
Aphrodite's Child,https://www.azlyrics.com/a/aphroditeschild.html
Apink,https://www.azlyrics.com/a/apink.html
"Aplin, Gabrielle",https://www.azlyrics.com/g/gabrielleaplin.html
Apocalyptica,https://www.azlyrics.com/a/apocalyptica.html
APO Hiking Society,https://www.azlyrics.com/a/apohikingsociety.html
Apollo LTD,https://www.azlyrics.com/a/apolloltd.html
"Apollo, Omar",https://www.azlyrics.com/o/omarapollo.html
ApoRed,https://www.azlyrics.com/a/apored.html
Apparat,https://www.azlyrics.com/a/apparat.html
"Apple, Fiona",https://www.azlyrics.com/a/apple.html
"Apple, Johnny",https://www.azlyrics.com/j/johnnyapple.html
"Appleton, Stevie",https://www.azlyrics.com/s/stevieappleton.html
APRIL,https://www.azlyrics.com/a/april.html
April Smith,https://www.azlyrics.com/a/aprilsmith.html
April Smith And The Great Picture Show,https://www.azlyrics.com/a/aprilsmithandthegreatpictureshow.html
April Wine,https://www.azlyrics.com/a/aprilwine.html
Aqua,https://www.azlyrics.com/a/aqua.html
Aqualung,https://www.azlyrics.com/a/aqualung.html
"Aquilina, Lauren",https://www.azlyrics.com/l/laurenaquilina.html
Aquilo,https://www.azlyrics.com/a/aquilo.html
Aranda,https://www.azlyrics.com/a/aranda.html
Arash,https://www.azlyrics.com/a/arash.html
Arashi,https://www.azlyrics.com/a/arashi.html
"Araujo, Cristiano",https://www.azlyrics.com/c/cristianoaraujo.html
Arca,https://www.azlyrics.com/a/arca.html
Arcade Fire,https://www.azlyrics.com/a/arcadefire.html
Arcadia,https://www.azlyrics.com/a/arcadia.html
Arcadian,https://www.azlyrics.com/a/arcadian.html
Arcane Roots,https://www.azlyrics.com/a/arcaneroots.html
Arcángel,https://www.azlyrics.com/a/arcangel.html
Arc Angels,https://www.azlyrics.com/a/arcangels.html
Arch Enemy,https://www.azlyrics.com/a/archenemy.html
Archie Bell & The Drells,https://www.azlyrics.com/a/archiebellthedrells.html
"Archies, The",https://www.azlyrics.com/a/archies.html
Architects,https://www.azlyrics.com/a/architects.html
Architecture In Helsinki,https://www.azlyrics.com/a/architectureinhelsinki.html
Archive,https://www.azlyrics.com/a/archive.html
Archspire,https://www.azlyrics.com/a/archspire.html
"Archuleta, David",https://www.azlyrics.com/d/davidarchuleta.html
"Arcs, The",https://www.azlyrics.com/a/arcs.html
Arctic Monkeys,https://www.azlyrics.com/a/arcticmonkeys.html
Ard Adz,https://www.azlyrics.com/a/ardadz.html
"Arden, Jann",https://www.azlyrics.com/j/jannarden.html
Ardhito Pramono,https://www.azlyrics.com/a/ardhitopramono.html
Ardian Bujupi,https://www.azlyrics.com/a/ardianbujupi.html
Area 11,https://www.azlyrics.com/a/area11.html
AREA21,https://www.azlyrics.com/a/area21.html
A-Reece,https://www.azlyrics.com/a/areece.html
"Arena, Tina",https://www.azlyrics.com/a/arena.html
Aretha Franklin,https://www.azlyrics.com/a/arethafranklin.html
Argent,https://www.azlyrics.com/a/argent.html
Ariana Grande,https://www.azlyrics.com/a/arianagrande.html
"Arıcı, Irmak",https://www.azlyrics.com/i/irmakarc.html
Ariel Camacho,https://www.azlyrics.com/a/arielcamacho.html
Ariel Pink,https://www.azlyrics.com/a/arielpink.html
Ariel Rivera,https://www.azlyrics.com/a/arielrivera.html
Aries,https://www.azlyrics.com/a/aries.html
Arif,https://www.azlyrics.com/a/arif.html
Ari Hest,https://www.azlyrics.com/a/arihest.html
Arijit Singh,https://www.azlyrics.com/a/arijitsingh.html
Arika Kane,https://www.azlyrics.com/a/arikakane.html
Ari Lasso,https://www.azlyrics.com/a/arilasso.html
Ari Lennox,https://www.azlyrics.com/a/arilennox.html
Arin Ray,https://www.azlyrics.com/a/arinray.html
Arion,https://www.azlyrics.com/a/arion.html
Arisa,https://www.azlyrics.com/a/arisa.html
ARIZONA,https://www.azlyrics.com/a/arizona.html
Arizona Zervas,https://www.azlyrics.com/a/arizonazervas.html
"Arjona, Ricardo",https://www.azlyrics.com/r/ricardoarjona.html
Arjun,https://www.azlyrics.com/a/arjun.html
Arjun Kanungo,https://www.azlyrics.com/a/arjunkanungo.html
"Arkana, Keny",https://www.azlyrics.com/k/kenyarkana.html
Arkarna,https://www.azlyrics.com/a/arkarna.html
Arkells,https://www.azlyrics.com/a/arkells.html
Ark Patrol,https://www.azlyrics.com/a/arkpatrol.html
Arlington,https://www.azlyrics.com/a/arlington.html
Arlissa,https://www.azlyrics.com/a/arlissa.html
Arlo Guthrie,https://www.azlyrics.com/a/arloguthrie.html
Arlo McKinley,https://www.azlyrics.com/a/arlomckinley.html
Arlo Parks,https://www.azlyrics.com/a/arloparks.html
Armada,https://www.azlyrics.com/a/armada.html
Arman Cekin,https://www.azlyrics.com/a/armancekin.html
"Armatrading, Joan",https://www.azlyrics.com/j/joanarmatrading.html
"Armiger, Katie",https://www.azlyrics.com/k/katiearmiger.html
Armi Millare,https://www.azlyrics.com/a/armimillare.html
Armin Van Buuren,https://www.azlyrics.com/a/arminvanbuuren.html
Ar'mon & Trey,https://www.azlyrics.com/a/armontrey.html
Armored Saint,https://www.azlyrics.com/a/armoredsaint.html
Armor For Sleep,https://www.azlyrics.com/a/armorforsleep.html
"Armstrong, Billie Joe",https://www.azlyrics.com/b/billiejoearmstrong.html
"Armstrong, Louis",https://www.azlyrics.com/l/louisarmstrong.html
Army Of Anyone,https://www.azlyrics.com/a/armyofanyone.html
Army Of The Pharaohs,https://www.azlyrics.com/a/armyofthepharaohs.html
"Arnold, Eddy",https://www.azlyrics.com/e/eddyarnold.html
Aron,https://www.azlyrics.com/a/aron.html
AronChupa,https://www.azlyrics.com/a/aronchupa.html
Aron Wright,https://www.azlyrics.com/a/aronwright.html
Arrows To Athens,https://www.azlyrics.com/a/arrowstoathens.html
Arshad,https://www.azlyrics.com/a/arshad.html
Arsy Widianto,https://www.azlyrics.com/a/arsywidianto.html
Art Garfunkel,https://www.azlyrics.com/a/artgarfunkel.html
Arthur Brown,https://www.azlyrics.com/a/arthurbrown.html
"Arthur, James",https://www.azlyrics.com/j/jamesarthur.html
"Arthur, Joseph",https://www.azlyrics.com/j/josepharthur.html
Arthur Nery,https://www.azlyrics.com/a/arthurnery.html
Artifacts,https://www.azlyrics.com/a/artifacts.html
Artik & Asti,https://www.azlyrics.com/a/artikasti.html
Artists For Grenfell,https://www.azlyrics.com/a/artistsforgrenfell.html
Artists For Haiti,https://www.azlyrics.com/a/artistsforhaiti.html
"Artists Of Then, Now & Forever",https://www.azlyrics.com/a/artistsofthennowforever.html
Artists Stand Up To Cancer,https://www.azlyrics.com/a/artistsstanduptocancer.html
Artist vs Poet,https://www.azlyrics.com/a/artistvspoet.html
Art Of Dying,https://www.azlyrics.com/a/artofdying.html
"Arts, Tenille",https://www.azlyrics.com/t/tenillearts.html
ARTY,https://www.azlyrics.com/a/arty.html
Arvey,https://www.azlyrics.com/a/arvey.html
Asa,https://www.azlyrics.com/a/asa.html
Asaf Avidan,https://www.azlyrics.com/a/asafavidan.html
ASAP Ferg,https://www.azlyrics.com/a/asapferg.html
ASAP Mob,https://www.azlyrics.com/a/asapmob.html
ASAP Rocky,https://www.azlyrics.com/a/asaprocky.html
ASAP Twelvyy,https://www.azlyrics.com/a/asaptwelvyy.html
As Blood Runs Black,https://www.azlyrics.com/a/asbloodrunsblack.html
"Asbury, Cory",https://www.azlyrics.com/c/coryasbury.html
Asche,https://www.azlyrics.com/a/asche.html
As Cities Burn,https://www.azlyrics.com/a/ascitiesburn.html
Aselin Debison,https://www.azlyrics.com/a/aselindebison.html
Asgeir,https://www.azlyrics.com/a/asgeir.html
Ash,https://www.azlyrics.com/a/ash.html
Ashafar,https://www.azlyrics.com/a/ashafar.html
Ashanti,https://www.azlyrics.com/a/ashanti.html
"Ashcroft, Richard",https://www.azlyrics.com/r/richardashcroft.html
Ashe,https://www.azlyrics.com/a/ashe.html
Asher Angel,https://www.azlyrics.com/a/asherangel.html
Asher Monroe,https://www.azlyrics.com/a/ashermonroe.html
Asher Roth,https://www.azlyrics.com/a/asherroth.html
Ashes Divide,https://www.azlyrics.com/a/ashesdivide.html
Ashes Remain,https://www.azlyrics.com/a/ashesremain.html
Ashford & Simpson,https://www.azlyrics.com/a/ashfordsimpson.html
Ash Kardash,https://www.azlyrics.com/a/ashkardash.html
Ashkidd,https://www.azlyrics.com/a/ashkidd.html
Ashland,https://www.azlyrics.com/a/ashland.html
Ashlee Simpson,https://www.azlyrics.com/s/simpsonash.html
Ashley All Day,https://www.azlyrics.com/a/ashleyallday.html
Ashley Ballard,https://www.azlyrics.com/b/ballard.html
Ashley McBryde,https://www.azlyrics.com/a/ashleymcbryde.html
Ashley Monroe,https://www.azlyrics.com/a/ashleymonroe.html
Ashley Parker Angel,https://www.azlyrics.com/a/ashleyparkerangel.html
Ashley Roberts,https://www.azlyrics.com/a/ashleyroberts.html
Ashley Tisdale,https://www.azlyrics.com/a/ashleytisdale.html
Ashnikko,https://www.azlyrics.com/a/ashnikko.html
Ashton Irwin,https://www.azlyrics.com/a/ashtonirwin.html
Ashton Shepherd,https://www.azlyrics.com/a/ashtonshepherd.html
Asia,https://www.azlyrics.com/a/asia.html
Asia Cruise,https://www.azlyrics.com/a/asiacruise.html
Asiahn,https://www.azlyrics.com/a/asiahn.html
Asian Da Brat,https://www.azlyrics.com/a/asiandoll.html
As I Lay Dying,https://www.azlyrics.com/a/asilaydying.html
Asin,https://www.azlyrics.com/a/asin.html
As It Is,https://www.azlyrics.com/a/asitis.html
Asking Alexandria,https://www.azlyrics.com/a/askingalexandria.html
Aslyn,https://www.azlyrics.com/a/aslyn.html
Aspova,https://www.azlyrics.com/a/aspova.html
"Association, The",https://www.azlyrics.com/a/association.html
Assuming We Survive,https://www.azlyrics.com/a/assumingwesurvive.html
"Asteroids Galaxy Tour, The",https://www.azlyrics.com/a/asteroidsgalaxytour.html
"Astley, Rick",https://www.azlyrics.com/r/rickastley.html
ASTN,https://www.azlyrics.com/a/astn.html
Aston Merrygold,https://www.azlyrics.com/a/astonmerrygold.html
Astrid S,https://www.azlyrics.com/a/astrids.html
"Astrini, Rahmania",https://www.azlyrics.com/r/rahmaniaastrini.html
ASTRO,https://www.azlyrics.com/a/astro.html
"Ataris, The",https://www.azlyrics.com/a/ataris.html
ATB,https://www.azlyrics.com/a/atb.html
ATC,https://www.azlyrics.com/a/atc.html
A-Teens,https://www.azlyrics.com/a/ateens.html
ATEEZ,https://www.azlyrics.com/a/ateez.html
Ateyaba,https://www.azlyrics.com/a/ateyaba.html
Athena Cage,https://www.azlyrics.com/a/athenacage.html
Athlete,https://www.azlyrics.com/a/athlete.html
Ati242,https://www.azlyrics.com/a/ati242.html
Atif Aslam,https://www.azlyrics.com/a/atifaslam.html
"Atkins, Rodney",https://www.azlyrics.com/r/rodneyatkins.html
ATL,https://www.azlyrics.com/a/atlru.html
ATL,https://www.azlyrics.com/a/atl.html
Atlanta Rhythm Section,https://www.azlyrics.com/a/atlantarhythmsection.html
Atlantic Starr,https://www.azlyrics.com/a/atlanticstarr.html
atlas,https://www.azlyrics.com/a/atlas.html
Atlas Genius,https://www.azlyrics.com/a/atlasgenius.html
Atmosphere,https://www.azlyrics.com/a/atmosphere.html
Atomic Kitten,https://www.azlyrics.com/a/atomickitten.html
Atoms For Peace,https://www.azlyrics.com/a/atomsforpeace.html
Atomship,https://www.azlyrics.com/a/atomship.html
A$ton Wyld,https://www.azlyrics.com/a/atonwyld.html
A-Trak,https://www.azlyrics.com/a/atrak.html
Atreyu,https://www.azlyrics.com/a/atreyu.html
Attack Attack!,https://www.azlyrics.com/a/attackattack.html
At The Drive-In,https://www.azlyrics.com/a/atthedrivein.html
At The Gates,https://www.azlyrics.com/a/atthegates.html
Attila,https://www.azlyrics.com/a/attila.html
At Wendys,https://www.azlyrics.com/a/atwendys.html
A'TYPISK,https://www.azlyrics.com/a/atypisk.html
Aubrey O'Day,https://www.azlyrics.com/a/aubreyoday.html
Auburn,https://www.azlyrics.com/a/auburn.html
Audien,https://www.azlyrics.com/a/audien.html
Audio Adrenaline,https://www.azlyrics.com/a/audioadrenaline.html
Audio Push,https://www.azlyrics.com/a/audiopush.html
Audioslave,https://www.azlyrics.com/a/audioslave.html
Audiosoulz,https://www.azlyrics.com/a/audiosoulz.html
Audiovent,https://www.azlyrics.com/a/audiovent.html
"Audition, The",https://www.azlyrics.com/a/audition.html
Audrey Assad,https://www.azlyrics.com/a/audreyassad.html
Audrey Mika,https://www.azlyrics.com/a/audreymika.html
AUDREY NUNA,https://www.azlyrics.com/a/audreynuna.html
"Auerbach, Dan",https://www.azlyrics.com/d/danauerbach.html
AUGUST 08,https://www.azlyrics.com/a/august08.html
August Alsina,https://www.azlyrics.com/a/augustalsina.html
Augustana,https://www.azlyrics.com/a/augustana.html
August Burns Red,https://www.azlyrics.com/a/augustburnsred.html
"August, Chris",https://www.azlyrics.com/c/chrisaugust.html
"August Empire, The",https://www.azlyrics.com/a/augustempire.html
"Aujla, Karan",https://www.azlyrics.com/k/karanaujla.html
"Aulakh, Mankirt",https://www.azlyrics.com/m/mankirtaulakh.html
"Aunor, Marion",https://www.azlyrics.com/m/marionaunor.html
Auntie Hammy,https://www.azlyrics.com/a/auntiehammy.html
Au/Ra,https://www.azlyrics.com/a/aura.html
Aura Dione,https://www.azlyrics.com/a/auradione.html
AURORA,https://www.azlyrics.com/a/aurora.html
Auryn,https://www.azlyrics.com/a/auryn.html
Austin Basham,https://www.azlyrics.com/a/austinbasham.html
Austin Brown,https://www.azlyrics.com/a/austinbrown.html
Austin Burke,https://www.azlyrics.com/a/austinburke.html
Austin French,https://www.azlyrics.com/a/austinfrench.html
Austin Jones,https://www.azlyrics.com/a/austinjones.html
"Austin, Landon",https://www.azlyrics.com/l/landonaustin.html
Austin Mahone,https://www.azlyrics.com/a/austinmahone.html
"Austin, Shawn",https://www.azlyrics.com/s/shawnaustin.html
Austin Webb,https://www.azlyrics.com/a/austinwebb.html
Austra,https://www.azlyrics.com/a/austra.html
Australian Crawl,https://www.azlyrics.com/a/australiancrawl.html
Authority Zero,https://www.azlyrics.com/a/authorityzero.html
Autograf,https://www.azlyrics.com/a/autograf.html
Autograph,https://www.azlyrics.com/a/autograph.html
Automatic Loveletter,https://www.azlyrics.com/a/automaticloveletter.html
"Automatic, The",https://www.azlyrics.com/a/automatic.html
Autopilot Off,https://www.azlyrics.com/a/autopilotoff.html
Autotelic,https://www.azlyrics.com/a/autotelic.html
"Autry, Gene",https://www.azlyrics.com/g/geneautry.html
"Autumn, Emilie",https://www.azlyrics.com/e/emilieautumn.html
Autumn Hill,https://www.azlyrics.com/a/autumnhill.html
Avalanche City,https://www.azlyrics.com/a/avalanchecity.html
"Avalanches, The",https://www.azlyrics.com/a/avalanches.html
Avalon,https://www.azlyrics.com/a/avalon.html
"Avalon, Mickey",https://www.azlyrics.com/m/mickeyavalon.html
Ava Max,https://www.azlyrics.com/a/avamax.html
Avant,https://www.azlyrics.com/a/avant.html
Avantasia,https://www.azlyrics.com/a/avantasia.html
Avatar,https://www.azlyrics.com/a/avatar.html
AVEC,https://www.azlyrics.com/a/avec.html
Avelino,https://www.azlyrics.com/a/avelino.html
"Avener, The",https://www.azlyrics.com/a/avener.html
Avenged Sevenfold,https://www.azlyrics.com/a/avengedsevenfold.html
Aventura,https://www.azlyrics.com/a/aventura.html
Avenue Beat,https://www.azlyrics.com/a/avenuebeat.html
Average White Band,https://www.azlyrics.com/a/averagewhiteband.html
Aversions Crown,https://www.azlyrics.com/a/aversionscrown.html
Avery,https://www.azlyrics.com/a/avery.html
Avery Wilson,https://www.azlyrics.com/a/averywilson.html
"Avett Brothers, The",https://www.azlyrics.com/a/avettbrothers.html
Aviana,https://www.azlyrics.com/a/aviana.html
Aviation,https://www.azlyrics.com/a/aviation.html
Aviators,https://www.azlyrics.com/a/aviators.html
Avicii,https://www.azlyrics.com/a/avicii.html
Avi Kaplan,https://www.azlyrics.com/a/avikaplan.html
Avion,https://www.azlyrics.com/a/avion.html
Avion Roe,https://www.azlyrics.com/a/avionroe.html
Aviva,https://www.azlyrics.com/a/aviva.html
AViVA,https://www.azlyrics.com/a/aviva9040.html
"Avi, Zee",https://www.azlyrics.com/z/zeeavi.html
Avonlea,https://www.azlyrics.com/a/avonlea.html
Avril Lavigne,https://www.azlyrics.com/l/lavigne.html
AWA,https://www.azlyrics.com/a/awa.html
Awkwafina,https://www.azlyrics.com/a/awkwafina.html
AWOLNATION,https://www.azlyrics.com/a/awolnation.html
AWS,https://www.azlyrics.com/a/aws.html
Axel Flovent,https://www.azlyrics.com/a/axelflovent.html
Axel Johansson,https://www.azlyrics.com/a/axeljohansson.html
Axel Rudi Pell,https://www.azlyrics.com/a/axelrudipell.html
AxeWound,https://www.azlyrics.com/a/axewound.html
Axos,https://www.azlyrics.com/a/axos.html
Axwell Λ Ingrosso,https://www.azlyrics.com/a/axwellingrosso.html
"Ayala, Ramon",https://www.azlyrics.com/r/ramonayala.html
Aya Nakamura,https://www.azlyrics.com/a/ayanakamura.html
"Aydın, Emre",https://www.azlyrics.com/e/emreaydn.html
Ay Em,https://www.azlyrics.com/a/ayem.html
Ayo,https://www.azlyrics.com/a/ayo.html
Ayo Jay,https://www.azlyrics.com/a/ayojay.html
ayokay,https://www.azlyrics.com/a/ayokay.html
Ayo & Teo,https://www.azlyrics.com/a/ayoteo.html
Ayreon,https://www.azlyrics.com/a/ayreon.html
"Ayres, Mac",https://www.azlyrics.com/m/macayres.html
Ayria,https://www.azlyrics.com/a/ayria.html
Ayumi Hamasaki,https://www.azlyrics.com/a/ayumihamasaki.html
Ayyan,https://www.azlyrics.com/a/ayyan.html
Ayzha Nyree,https://www.azlyrics.com/a/ayzhanyree.html
AZ,https://www.azlyrics.com/a/az.html
Azad,https://www.azlyrics.com/a/azad.html
"Azalea, Iggy",https://www.azlyrics.com/i/iggyazalea.html
AzChike,https://www.azlyrics.com/a/azchike.html
Azealia Banks,https://www.azlyrics.com/a/azealiabanks.html
Azet,https://www.azlyrics.com/a/azet.html
Aziatix,https://www.azlyrics.com/a/aziatix.html
Aziz Harun,https://www.azlyrics.com/a/azizharun.html
Azizi Gibson,https://www.azlyrics.com/a/azizigibson.html
Aztec Camera,https://www.azlyrics.com/a/azteccamera.html
Azure Ray,https://www.azlyrics.com/a/azureray.html
Az Yet,https://www.azlyrics.com/a/azyet.html
Azzi Memo,https://www.azlyrics.com/a/azzimemo.html
AzzyLand,https://www.azlyrics.com/a/azzyland.html
