G4 Boyz,https://www.azlyrics.com/g/g4boyz.html
GAAB,https://www.azlyrics.com/g/gaab.html
Gabbie Hanna,https://www.azlyrics.com/g/gabbiehanna.html
Gabby Barrett,https://www.azlyrics.com/g/gabbybarrett.html
Gabe Bondoc,https://www.azlyrics.com/g/gabebondoc.html
Gabi Wilson,https://www.azlyrics.com/g/gabiwilson.html
Gabriela Bee,https://www.azlyrics.com/g/gabrielabee.html
"Gabriel, Ana",https://www.azlyrics.com/a/anagabriel.html
Gabriel Black,https://www.azlyrics.com/g/gabrielblack.html
Gabriel Elias,https://www.azlyrics.com/g/gabrielelias.html
"Gabriel, Esteban",https://www.azlyrics.com/e/estebangabriel.html
"Gabriel, Juan",https://www.azlyrics.com/j/juangabriel.html
"Gabriella, Chintya",https://www.azlyrics.com/c/chintyagabriella.html
Gabriella Cilmi,https://www.azlyrics.com/g/gabriellacilmi.html
Gabrielle,https://www.azlyrics.com/g/gabrielle.html
Gabrielle Aplin,https://www.azlyrics.com/g/gabrielleaplin.html
"Gabriel, Peter",https://www.azlyrics.com/g/gabriel.html
GABZ,https://www.azlyrics.com/g/gabz10505.html
Gabz,https://www.azlyrics.com/g/gabz.html
GAC (Gamaliel Audrey Cantika),https://www.azlyrics.com/g/gacgamalielaudreycantika.html
"Gad, Josh",https://www.azlyrics.com/j/joshgad.html
Gaël Faye,https://www.azlyrics.com/g/gaelfaye.html
Gafur,https://www.azlyrics.com/g/gafur.html
Gagong Rapper,https://www.azlyrics.com/g/gagongrapper.html
Gaho,https://www.azlyrics.com/g/gaho.html
Gaia,https://www.azlyrics.com/g/gaia.html
"Gainsbourg, Charlotte",https://www.azlyrics.com/c/charlottegainsbourg.html
"Gainsbourg, Serge",https://www.azlyrics.com/s/sergegainsbourg.html
Gajendra Verma,https://www.azlyrics.com/g/gajendraverma.html
Galantis,https://www.azlyrics.com/g/galantis.html
"Galberth, Todd",https://www.azlyrics.com/t/toddgalberth.html
Gallagher,https://www.azlyrics.com/g/gallagher.html
"Gallagher, Henry",https://www.azlyrics.com/h/henrygallagher.html
"Gallagher, Liam",https://www.azlyrics.com/l/liamgallagher.html
"Gallagher, Noel",https://www.azlyrics.com/n/noelgallagher.html
"Gallagher, Rory",https://www.azlyrics.com/r/rorygallagher.html
Gallant,https://www.azlyrics.com/g/gallant.html
"Gallardo, Camila",https://www.azlyrics.com/c/camilagallardo.html
Gallo Nero,https://www.azlyrics.com/g/gallonero.html
Gallows,https://www.azlyrics.com/g/gallows.html
Galneryus,https://www.azlyrics.com/g/galneryus.html
Gambi,https://www.azlyrics.com/g/gambi.html
"Game, The",https://www.azlyrics.com/g/game.html
Gamma Ray,https://www.azlyrics.com/g/gammaray.html
"Ganda, Vice",https://www.azlyrics.com/v/viceganda.html
Gang Of Four,https://www.azlyrics.com/g/gangoffour.html
Gang Of Youths,https://www.azlyrics.com/g/gangofyouths.html
Gangs Of Ballet,https://www.azlyrics.com/g/gangsofballet.html
Gang Starr,https://www.azlyrics.com/g/gangstarr.html
"Gap Band, The",https://www.azlyrics.com/g/gapband.html
Garbage,https://www.azlyrics.com/g/garbage.html
"Garcia, Andrew",https://www.azlyrics.com/a/andrewgarcia.html
"García, Nio",https://www.azlyrics.com/n/niogarcia.html
"Garcia, Osmani",https://www.azlyrics.com/o/osmanigarcia.html
"García, Virlán",https://www.azlyrics.com/v/virlangarcia.html
"Garcia, Ylona",https://www.azlyrics.com/y/ylonagarcia.html
"Garden, The",https://www.azlyrics.com/g/garden.html
"Gardner, Dylan",https://www.azlyrics.com/d/dylangardner.html
"Gardot, Melody",https://www.azlyrics.com/m/melodygardot.html
Gareth Emery,https://www.azlyrics.com/g/garethemery.html
Gareth Gates,https://www.azlyrics.com/g/gates.html
"Garland, Judy",https://www.azlyrics.com/j/judygarland.html
"Garland, Travis",https://www.azlyrics.com/t/travisgarland.html
Garou,https://www.azlyrics.com/g/garou.html
"Garratt, Jack",https://www.azlyrics.com/j/jackgarratt.html
"Garrels, Josh",https://www.azlyrics.com/j/joshgarrels.html
Garrett Hedlund,https://www.azlyrics.com/g/garretthedlund.html
"Garrett, Kevin",https://www.azlyrics.com/k/kevingarrett.html
"Garrett, Sean",https://www.azlyrics.com/s/seangarrett.html
"Garrix, Martin",https://www.azlyrics.com/m/martingarrix.html
Garth Brooks,https://www.azlyrics.com/b/brooks.html
"Gartland, Orla",https://www.azlyrics.com/o/orlagartland.html
"Garvey, Rea",https://www.azlyrics.com/r/reagarvey.html
Gary Allan,https://www.azlyrics.com/g/garyallan.html
Gary Barlow,https://www.azlyrics.com/g/garybarlow.html
"Gary Clark, Jr.",https://www.azlyrics.com/g/garyclarkjr.html
Gary Jules,https://www.azlyrics.com/j/jules.html
Gary Lewis & The Playboys,https://www.azlyrics.com/g/garylewistheplayboys.html
Gary Moore,https://www.azlyrics.com/g/garymoore.html
Gary Numan,https://www.azlyrics.com/g/garynuman.html
Gary Puckett & The Union Gap,https://www.azlyrics.com/g/garypucketttheuniongap.html
Gary Valenciano,https://www.azlyrics.com/g/garyvalenciano.html
Gary Wright,https://www.azlyrics.com/g/garywright.html
GASHI,https://www.azlyrics.com/g/gashi.html
"Gaslight Anthem, The",https://www.azlyrics.com/g/gaslightanthem.html
"Gates, David",https://www.azlyrics.com/d/davidgates.html
"Gates, Kevin",https://www.azlyrics.com/k/kevingates.html
"Gaudino, Alex",https://www.azlyrics.com/a/alexgaudino.html
"Gauthier, Mary",https://www.azlyrics.com/m/marygauthier.html
Gavin DeGraw,https://www.azlyrics.com/d/degraw.html
Gavin Haley,https://www.azlyrics.com/g/gavinhaley.html
Gavin James,https://www.azlyrics.com/g/gavinjames.html
Gavin Magnus,https://www.azlyrics.com/g/gavinmagnus.html
Gavin Rossdale,https://www.azlyrics.com/r/rossdale.html
GAWNE,https://www.azlyrics.com/g/gawne.html
GAWVI,https://www.azlyrics.com/g/gawvi.html
GAYAZOV$ BROTHER$,https://www.azlyrics.com/g/gayazovbrother.html
"Gaye, Marvin",https://www.azlyrics.com/m/marvingaye.html
"Gayle, Crystal",https://www.azlyrics.com/c/crystalgayle.html
Gazapizm,https://www.azlyrics.com/g/gazapizm.html
Gaza Slim,https://www.azlyrics.com/g/gazaslim.html
Gaz Coombes,https://www.azlyrics.com/g/gazcoombes.html
GAZIROVKA,https://www.azlyrics.com/g/gazirovka.html
Gazo,https://www.azlyrics.com/g/gazo.html
Gazzelle,https://www.azlyrics.com/g/gazzelle.html
G-Dep,https://www.azlyrics.com/g/gdep.html
G-DRAGON,https://www.azlyrics.com/g/gdragon.html
G-Eazy,https://www.azlyrics.com/g/geazy.html
Gedz,https://www.azlyrics.com/g/gedz.html
"Geiger, Teddy",https://www.azlyrics.com/t/teddygeiger.html
Geko,https://www.azlyrics.com/g/geko.html
Gemini,https://www.azlyrics.com/g/gemini.html
Gemini Syndrome,https://www.azlyrics.com/g/geminisyndrome.html
Gemitaiz,https://www.azlyrics.com/g/gemitaiz.html
Gemma Fox,https://www.azlyrics.com/f/fox.html
Gene Autry,https://www.azlyrics.com/g/geneautry.html
Gene Pitney,https://www.azlyrics.com/g/genepitney.html
General Larry Platt,https://www.azlyrics.com/g/generallarryplatt.html
Generationals,https://www.azlyrics.com/g/generationals.html
Genesis,https://www.azlyrics.com/g/genesis.html
Genetikk,https://www.azlyrics.com/g/genetikk.html
Gene Watson,https://www.azlyrics.com/g/genewatson.html
Gengahr,https://www.azlyrics.com/g/gengahr.html
Gen Halilintar,https://www.azlyrics.com/g/genhalilintar.html
GENT,https://www.azlyrics.com/g/gent.html
Gente De Zona,https://www.azlyrics.com/g/gentedezona.html
Gentle Bones,https://www.azlyrics.com/g/gentlebones.html
Gentleman,https://www.azlyrics.com/g/gentleman.html
"Gentry, Bobbie",https://www.azlyrics.com/b/bobbiegentry.html
Geoffroy,https://www.azlyrics.com/g/geoffroy.html
Geolier,https://www.azlyrics.com/g/geolier.html
Geo Ong,https://www.azlyrics.com/g/geoong.html
George Benson,https://www.azlyrics.com/g/georgebenson.html
George Ezra,https://www.azlyrics.com/g/georgeezra.html
George Harrison,https://www.azlyrics.com/g/georgeharrison.html
George Huff,https://www.azlyrics.com/g/georgehuff.html
George Jones,https://www.azlyrics.com/g/georgejones.html
George Maple,https://www.azlyrics.com/g/georgemaple.html
"George, Max",https://www.azlyrics.com/m/maxgeorge.html
George McCrae,https://www.azlyrics.com/g/georgemccrae.html
George Michael,https://www.azlyrics.com/m/michael.html
George Nozuka,https://www.azlyrics.com/g/george.html
George Ogilvie,https://www.azlyrics.com/g/georgeogilvie.html
"George, Philip",https://www.azlyrics.com/p/philipgeorge.html
George Shelley,https://www.azlyrics.com/g/georgeshelley.html
George Strait,https://www.azlyrics.com/s/strait.html
"George Tandy, Jr.",https://www.azlyrics.com/g/georgetandyjr.html
George Thorogood And The Destroyers,https://www.azlyrics.com/g/georgethorogoodandthedestroyers.html
Georgia,https://www.azlyrics.com/g/georgia.html
Georgia Ku,https://www.azlyrics.com/g/georgiaku.html
"Georgia Satellites, The",https://www.azlyrics.com/g/georgiasatellites.html
Georg Stengel,https://www.azlyrics.com/g/georgstengel.html
Geowulf,https://www.azlyrics.com/g/geowulf.html
Gerald Levert,https://www.azlyrics.com/g/geraldlevert.html
Gera MX,https://www.azlyrics.com/g/geramx.html
GERA PKHAT,https://www.azlyrics.com/g/gerapkhat.html
Gerardo Ortiz,https://www.azlyrics.com/g/gerardoortiz.html
Gerard Way,https://www.azlyrics.com/g/gerardway.html
Geri Halliwell,https://www.azlyrics.com/h/halliwell.html
Germ,https://www.azlyrics.com/g/germ.html
"Geronimo, Sarah",https://www.azlyrics.com/s/sarahgeronimo.html
Gerry And The Pacemakers,https://www.azlyrics.com/g/gerryandthepacemakers.html
Gerry Cinnamon,https://www.azlyrics.com/g/gerrycinnamon.html
Gerry Rafferty,https://www.azlyrics.com/g/gerryrafferty.html
Gesaffelstein,https://www.azlyrics.com/g/gesaffelstein.html
"Gessle, Per",https://www.azlyrics.com/p/pergessle.html
Gestört aber GeiL,https://www.azlyrics.com/g/gestortabergeil.html
"Getaway Plan, The",https://www.azlyrics.com/g/getawayplan.html
Gethen Jenkins,https://www.azlyrics.com/g/gethenjenkins.html
Geto Boys,https://www.azlyrics.com/g/getoboys.html
Get Scared,https://www.azlyrics.com/g/getscared.html
Getter,https://www.azlyrics.com/g/getter.html
Getter Jaani,https://www.azlyrics.com/g/getterjaani.html
Gettomasa,https://www.azlyrics.com/g/gettomasa.html
"Get Up Kids, The",https://www.azlyrics.com/g/getupkids.html
"Geyer, Dean",https://www.azlyrics.com/d/deangeyer.html
G Flip,https://www.azlyrics.com/g/gflip.html
GFriend,https://www.azlyrics.com/g/gfriend.html
Ghali,https://www.azlyrics.com/g/ghali.html
G. Hannelius,https://www.azlyrics.com/g/ghannelius.html
Ghea Indrawari,https://www.azlyrics.com/g/gheaindrawari.html
G Herbo,https://www.azlyrics.com/l/lilherb.html
Ghetto Phénomène,https://www.azlyrics.com/g/ghettophenomene.html
Ghetto Sage,https://www.azlyrics.com/g/ghettosage.html
Ghetts,https://www.azlyrics.com/g/ghetts.html
Ghosted,https://www.azlyrics.com/g/ghosted.html
Ghostemane,https://www.azlyrics.com/g/ghostemane.html
Ghostface Killah,https://www.azlyrics.com/g/ghostface.html
Ghost,https://www.azlyrics.com/g/ghostbc.html
"Ghost Inside, The",https://www.azlyrics.com/g/ghostinside.html
GHØSTKID,https://www.azlyrics.com/g/ghostkid.html
"Ghost Of Paul Revere, The",https://www.azlyrics.com/g/ghostofpaulrevere.html
Ghost Of The Robot,https://www.azlyrics.com/g/ghostoftherobot.html
Ghost Town,https://www.azlyrics.com/g/ghosttown.html
Ghost Town DJ's,https://www.azlyrics.com/g/ghosttowndjs.html
Giaime,https://www.azlyrics.com/g/giaime.html
gianni & kyle,https://www.azlyrics.com/g/giannikyle.html
Giant Rooks,https://www.azlyrics.com/g/giantrooks.html
"Giardina, Tiffany",https://www.azlyrics.com/t/tiffanygiardina.html
"Gibb, Andy",https://www.azlyrics.com/a/andygibb.html
"Gibbard, Benjamin",https://www.azlyrics.com/b/benjamingibbard.html
"Gibb, Barry",https://www.azlyrics.com/b/barrygibb.html
"Gibbons, John",https://www.azlyrics.com/j/johngibbons.html
"Gibb, Robin",https://www.azlyrics.com/r/robingibb.html
"Gibbs, Freddie",https://www.azlyrics.com/f/freddiegibbs.html
"Gibbs, Janno",https://www.azlyrics.com/j/jannogibbs.html
"Gibson, Azizi",https://www.azlyrics.com/a/azizigibson.html
"Gibson, Debbie",https://www.azlyrics.com/d/debbiegibson.html
"Gibson, Don",https://www.azlyrics.com/d/dongibson.html
Gideon,https://www.azlyrics.com/g/gideon.html
(G)I-DLE,https://www.azlyrics.com/g/gidle.html
"Giesinger, Max",https://www.azlyrics.com/m/maxgiesinger.html
Giggs,https://www.azlyrics.com/g/giggs.html
GIGI,https://www.azlyrics.com/g/gigi.html
Gigi D'Agostino,https://www.azlyrics.com/d/dagostino.html
Gigolo Y La Exce,https://www.azlyrics.com/g/gigoloylaexce.html
"Gilbert, Brantley",https://www.azlyrics.com/b/brantleygilbert.html
Gilbert O'Sullivan,https://www.azlyrics.com/g/gilbertosullivan.html
"Gilder, Nick",https://www.azlyrics.com/n/nickgilder.html
"Gilinsky, Jack",https://www.azlyrics.com/j/jackgilinsky.html
"Gill, Aastha",https://www.azlyrics.com/a/aasthagill.html
"Gillespie, James",https://www.azlyrics.com/j/jamesgillespie.html
"Gilley, Mickey",https://www.azlyrics.com/m/mickeygilley.html
Gilli,https://www.azlyrics.com/g/gilli.html
Gillian Welch,https://www.azlyrics.com/g/gillianwelch.html
"Gillies, Elizabeth",https://www.azlyrics.com/e/elizabethgillies.html
"Gill, Johnny",https://www.azlyrics.com/j/johnnygill.html
"Gill, Vince",https://www.azlyrics.com/v/vincegill.html
"Gilman, Billy",https://www.azlyrics.com/g/gilman.html
"Gilmour, David",https://www.azlyrics.com/d/davidgilmour.html
Gil Scott-Heron,https://www.azlyrics.com/g/gilscottheron.html
Gimme 5,https://www.azlyrics.com/g/gimme5.html
Gin Blossoms,https://www.azlyrics.com/g/ginblossoms.html
Ginny Blackmore,https://www.azlyrics.com/g/ginnyblackmore.html
Gino Vannelli,https://www.azlyrics.com/g/ginovannelli.html
Ginuwine,https://www.azlyrics.com/g/ginuwine.html
Gin Wigmore,https://www.azlyrics.com/g/ginwigmore.html
Giorgia,https://www.azlyrics.com/g/giorgia.html
Giorgio Moroder,https://www.azlyrics.com/g/giorgiomoroder.html
Giorgos Sabanis,https://www.azlyrics.com/g/giorgossabanis.html
Gipsy Kings,https://www.azlyrics.com/g/gipsykings.html
"Girac, Kendji",https://www.azlyrics.com/k/kendjigirac.html
"Girl And The Dreamcatcher, The",https://www.azlyrics.com/g/girlandthedreamcatcher.html
"Girlfriend Season, The",https://www.azlyrics.com/g/girlfriendseason.html
Girlicious,https://www.azlyrics.com/g/girlicious.html
girl in red,https://www.azlyrics.com/g/girlinred.html
Girlpool,https://www.azlyrics.com/g/girlpool.html
Girls,https://www.azlyrics.com/g/girlsthe.html
Girls Aloud,https://www.azlyrics.com/g/girls.html
Girls' Generation,https://www.azlyrics.com/g/girlsgeneration.html
Given,https://www.azlyrics.com/g/given.html
Giveon,https://www.azlyrics.com/g/giveon.html
"Gjata, Elvana",https://www.azlyrics.com/e/elvanagjata.html
GJIKO,https://www.azlyrics.com/g/gjiko.html
Glades,https://www.azlyrics.com/g/glades.html
Glades,https://www.azlyrics.com/g/glades-nl.html
Gladys Knight,https://www.azlyrics.com/g/gladysknight.html
GLAM GO!,https://www.azlyrics.com/g/glamgo.html
Glasperlenspiel,https://www.azlyrics.com/g/glasperlenspiel.html
"Glasper, Robert",https://www.azlyrics.com/r/robertglasper.html
Glass Animals,https://www.azlyrics.com/g/glassanimals.html
Glassjaw,https://www.azlyrics.com/g/glassjaw.html
Glass Tides,https://www.azlyrics.com/g/glasstides.html
Glass Tiger,https://www.azlyrics.com/g/glasstiger.html
Glasvegas,https://www.azlyrics.com/g/glasvegas.html
"Gledhill, Mindy",https://www.azlyrics.com/m/mindygledhill.html
Glee Cast,https://www.azlyrics.com/g/gleecast.html
Glen Campbell,https://www.azlyrics.com/g/glencampbell.html
Glen Hansard,https://www.azlyrics.com/g/glenhansard.html
Glenn Fredly,https://www.azlyrics.com/g/glennfredly.html
Glenn Frey,https://www.azlyrics.com/g/glennfrey.html
Glenn Lewis,https://www.azlyrics.com/g/glennlewis.html
Glenn Morrison,https://www.azlyrics.com/g/glennmorrison.html
Glenn Travis,https://www.azlyrics.com/g/glenntravis.html
"Glenn, Tyler",https://www.azlyrics.com/t/tylerglenn.html
"Glitch Mob, The",https://www.azlyrics.com/g/glitchmob.html
GLK,https://www.azlyrics.com/g/glk.html
Global Dan,https://www.azlyrics.com/g/globaldan.html
Gloc-9,https://www.azlyrics.com/g/gloc9.html
GlokkNine,https://www.azlyrics.com/g/glokknine.html
Gloria Estefan,https://www.azlyrics.com/e/estefan.html
Gloria Gaynor,https://www.azlyrics.com/g/gaynor.html
Gloriana,https://www.azlyrics.com/g/gloriana.html
Gloria Trevi,https://www.azlyrics.com/g/gloriatrevi.html
"Glorious Sons, The",https://www.azlyrics.com/g/glorioussons.html
Gloryhammer,https://www.azlyrics.com/g/gloryhammer.html
"Glover, Abbey",https://www.azlyrics.com/a/abbeyglover.html
"Glover, Candice",https://www.azlyrics.com/c/candiceglover.html
"Glover, Dana",https://www.azlyrics.com/d/danaglover.html
"Glynne, Jess",https://www.azlyrics.com/j/jessglynne.html
Gnarls Barkley,https://www.azlyrics.com/g/gnarlsbarkley.html
gnash,https://www.azlyrics.com/g/gnash.html
GNG,https://www.azlyrics.com/g/gng.html
Goanna,https://www.azlyrics.com/g/goanna.html
Goapele,https://www.azlyrics.com/g/goapele.html
G.O.A.T,https://www.azlyrics.com/g/goat.html
Gob,https://www.azlyrics.com/g/gob.html
"Go-Betweens, The",https://www.azlyrics.com/g/gobetweens.html
"Goddard, Alexa",https://www.azlyrics.com/a/alexagoddard.html
Godfather Of Harlem Cast,https://www.azlyrics.com/g/godfatherofharlemcast.html
Godsmack,https://www.azlyrics.com/g/godsmack.html
"Godwin, Jess",https://www.azlyrics.com/j/jessgodwin.html
"Goehring, Chase",https://www.azlyrics.com/c/chasegoehring.html
Gogol Bordello,https://www.azlyrics.com/g/gogolbordello.html
"Go-Go's, The",https://www.azlyrics.com/g/gogos.html
Gojira,https://www.azlyrics.com/g/gojira.html
"Gokey, Danny",https://www.azlyrics.com/d/dannygokey.html
"Golan, Rosi",https://www.azlyrics.com/r/rosigolan.html
"Gold, Alison",https://www.azlyrics.com/a/alisongold.html
"Gold, Andrew",https://www.azlyrics.com/a/andrewgold.html
Golden Child,https://www.azlyrics.com/g/goldenchild.html
Golden Earring,https://www.azlyrics.com/g/goldenearring.html
Golden Vessel,https://www.azlyrics.com/g/goldenvessel.html
Goldfinger,https://www.azlyrics.com/g/goldfinger.html
Goldford,https://www.azlyrics.com/g/goldford.html
Goldfrapp,https://www.azlyrics.com/g/goldfrapp.html
Goldie Lookin Chain,https://www.azlyrics.com/g/goldielookinchain.html
GoldLink,https://www.azlyrics.com/g/goldlink.html
"Goldman, Jean-Jacques",https://www.azlyrics.com/j/jeanjacquesgoldman.html
Goldroom,https://www.azlyrics.com/g/goldroom.html
"Goldsboro, Bobby",https://www.azlyrics.com/b/bobbygoldsboro.html
Gomez,https://www.azlyrics.com/g/gomez.html
"Gómez, Mati",https://www.azlyrics.com/m/matigomez.html
"Gomez, Selena",https://www.azlyrics.com/s/selenagomez.html
Gomorra,https://www.azlyrics.com/g/gomorra.html
GONE.Fludd,https://www.azlyrics.com/g/gonefludd.html
Gone Is Gone,https://www.azlyrics.com/g/goneisgone.html
Gone West,https://www.azlyrics.com/g/gonewest.html
"Gontier, Adam",https://www.azlyrics.com/a/adamgontier.html
"Gonzaga, Alex",https://www.azlyrics.com/a/alexgonzaga.html
"Gonzaga, Toni",https://www.azlyrics.com/t/tonigonzaga.html
"González, José",https://www.azlyrics.com/j/josgonzlez.html
Goodbye June,https://www.azlyrics.com/g/goodbyejune.html
Good Charlotte,https://www.azlyrics.com/g/goodcharlotte.html
Good Gas,https://www.azlyrics.com/g/goodgas.html
Good Girl,https://www.azlyrics.com/g/goodgirl.html
Goodie Mob,https://www.azlyrics.com/g/goodiemob.html
"Good, Matthew",https://www.azlyrics.com/m/matthewgood.html
Good Morning,https://www.azlyrics.com/g/goodmorning.html
Good Old War,https://www.azlyrics.com/g/goodoldwar.html
"Goodrem, Delta",https://www.azlyrics.com/g/goodrem.html
"Good, The Bad & The Queen, The",https://www.azlyrics.com/g/goodthebadthequeen.html
"Goodvin, Aaron",https://www.azlyrics.com/a/aarongoodvin.html
Goody Grace,https://www.azlyrics.com/g/goodygrace.html
Goo Goo Dolls,https://www.azlyrics.com/g/googoodolls.html
"Goot, Alex",https://www.azlyrics.com/a/alexgoot.html
Go Radio,https://www.azlyrics.com/g/goradio.html
Gord Bamford,https://www.azlyrics.com/g/gordbamford.html
Gord Downie,https://www.azlyrics.com/g/gorddownie.html
Gordi,https://www.azlyrics.com/g/gordi.html
Gordon Lightfoot,https://www.azlyrics.com/g/gordonlightfoot.html
"Gordon, Nina",https://www.azlyrics.com/g/gordon.html
"Gordon, Wynter",https://www.azlyrics.com/w/wyntergordon.html
"Gore, Lesley",https://www.azlyrics.com/l/lesleygore.html
"Gorga, Melissa",https://www.azlyrics.com/m/melissagorga.html
Gorgon City,https://www.azlyrics.com/g/gorgoncity.html
Gorilla Biscuits,https://www.azlyrics.com/g/gorillabiscuits.html
Gorillaz,https://www.azlyrics.com/g/gorillaz.html
Gorilla Zoe,https://www.azlyrics.com/g/gorillazoe.html
"Gosdin, Vern",https://www.azlyrics.com/v/verngosdin.html
"Gospel Youth, The",https://www.azlyrics.com/g/gospelyouth.html
Gossip,https://www.azlyrics.com/g/gossip.html
GOT7,https://www.azlyrics.com/g/got7.html
"Go! Team, The",https://www.azlyrics.com/g/goteam.html
Goth Babe,https://www.azlyrics.com/g/gothbabe.html
Gotthard,https://www.azlyrics.com/g/gotthard.html
Gotye,https://www.azlyrics.com/g/gotye.html
"Goudie, Rex",https://www.azlyrics.com/r/rexgoudie.html
"Goulding, Ellie",https://www.azlyrics.com/e/elliegoulding.html
Gov't Mule,https://www.azlyrics.com/g/govtmule.html
Go West,https://www.azlyrics.com/g/gowest.html
GRAACE,https://www.azlyrics.com/g/graace.html
Grace Carter,https://www.azlyrics.com/g/gracecarter.html
Grace Davies,https://www.azlyrics.com/g/gracedavies.html
"Graceffa, Joey",https://www.azlyrics.com/j/joeygraceffa.html
"Grace, Jamie",https://www.azlyrics.com/j/jamiegrace.html
Grace Jones,https://www.azlyrics.com/g/gracejones.html
"Grace, Leslie",https://www.azlyrics.com/l/lesliegrace.html
"Graceman, Anna",https://www.azlyrics.com/a/annagraceman.html
Gracenote,https://www.azlyrics.com/g/gracenote.html
Grace Phipps,https://www.azlyrics.com/g/gracephipps.html
Grace Potter,https://www.azlyrics.com/g/gracepotter.html
Grace Potter And The Nocturnals,https://www.azlyrics.com/g/gracepotterandthenocturnals.html
"Grace, Robert",https://www.azlyrics.com/r/robertgrace.html
GRACE,https://www.azlyrics.com/g/grace.html
"Grace, Sophia",https://www.azlyrics.com/s/sophiagrace.html
Grace VanderWaal,https://www.azlyrics.com/g/gracevanderwaal.html
GRACEY,https://www.azlyrics.com/g/gracey.html
Gracie Abrams,https://www.azlyrics.com/g/gracieabrams.html
"Gracie, Isaac",https://www.azlyrics.com/i/isaacgracie.html
"Gracin, Josh",https://www.azlyrics.com/g/gracin.html
Gradur,https://www.azlyrics.com/g/gradur.html
Graffiti6,https://www.azlyrics.com/g/graffiti6.html
Graham Colton,https://www.azlyrics.com/g/grahamcolton.html
Graham Colton Band,https://www.azlyrics.com/g/grahamcoltonband.html
Graham Coxon,https://www.azlyrics.com/g/grahamcoxon.html
"Graham, Driicky",https://www.azlyrics.com/d/driickygraham.html
"Graham, Kat",https://www.azlyrics.com/k/katgraham.html
"Graham, Larry",https://www.azlyrics.com/l/larrygraham.html
Graham Nash,https://www.azlyrics.com/g/grahamnash.html
"Grammer, Andy",https://www.azlyrics.com/a/andygrammer.html
"Gramm, Lou",https://www.azlyrics.com/l/lougramm.html
Gram Parsons,https://www.azlyrics.com/g/gramparsons.html
Grand Corps Malade,https://www.azlyrics.com/g/grandcorpsmalade.html
"Grande, Ariana",https://www.azlyrics.com/a/arianagrande.html
Grand Funk Railroad,https://www.azlyrics.com/g/grandfunkrailroad.html
Grand Magus,https://www.azlyrics.com/g/grandmagus.html
Grandmaster Flash And The Furious Five,https://www.azlyrics.com/g/grandmasterflashandthefuriousfive.html
grandson,https://www.azlyrics.com/g/grandson.html
"Grand, Steve",https://www.azlyrics.com/s/stevegrand.html
Grandtheft,https://www.azlyrics.com/g/grandtheft.html
Granger Smith,https://www.azlyrics.com/g/grangersmith.html
"Grannis, Kina",https://www.azlyrics.com/k/kinagrannis.html
"Grant, Amy",https://www.azlyrics.com/a/amygrant.html
"Grant, Eddy",https://www.azlyrics.com/e/eddygrant.html
Grant Gustin,https://www.azlyrics.com/g/grantgustin.html
"Grant, Hugh",https://www.azlyrics.com/h/hughgrant.html
"Grant, John",https://www.azlyrics.com/j/johngrant.html
Grant MacDonald,https://www.azlyrics.com/g/grantmcdonald.html
"Grant, Natalie",https://www.azlyrics.com/n/nataliegrant.html
"Grass Roots, The",https://www.azlyrics.com/g/grassroots.html
Grateful Dead,https://www.azlyrics.com/g/gratefuldead.html
Gratitude,https://www.azlyrics.com/g/gratitude.html
Grave Digger,https://www.azlyrics.com/g/gravedigger.html
Graveyard,https://www.azlyrics.com/g/graveyard.html
Gravy Train!!!!,https://www.azlyrics.com/g/gravytrain.html
GRAY,https://www.azlyrics.com/g/gray-kr.html
"Gray, Christon",https://www.azlyrics.com/c/christongray.html
"Gray, Conan",https://www.azlyrics.com/c/conangray.html
"Gray, David",https://www.azlyrics.com/d/davidgray.html
"Gray, Dobie",https://www.azlyrics.com/d/dobiegray.html
"Gray, Jack",https://www.azlyrics.com/j/jackgray.html
"Gray, Jason",https://www.azlyrics.com/j/jasongray.html
"Gray, Loren",https://www.azlyrics.com/l/lorengray.html
"Gray, Macy",https://www.azlyrics.com/g/gray.html
Grayscale,https://www.azlyrics.com/g/grayscale.html
"Gray, Tamyra",https://www.azlyrics.com/g/grayt.html
Great Big Sea,https://www.azlyrics.com/g/greatbigsea.html
"Great Big World, A",https://www.azlyrics.com/g/greatbigworld.html
"Greatest Showman Cast, The",https://www.azlyrics.com/g/greatestshowmancast.html
Great Good Fine OK,https://www.azlyrics.com/g/greatgoodfineok.html
Great Lake Swimmers,https://www.azlyrics.com/g/greatlakeswimmers.html
Great Northern,https://www.azlyrics.com/g/greatnorthern.html
Great White,https://www.azlyrics.com/g/greatwhite.html
Grebz,https://www.azlyrics.com/g/grebz.html
Grechka (Гречка),https://www.azlyrics.com/g/grechka.html
GReeeN,https://www.azlyrics.com/g/greeen.html
Greeicy,https://www.azlyrics.com/g/greeicy.html
Greekazo,https://www.azlyrics.com/g/greekazo.html
Greek Fire,https://www.azlyrics.com/g/greekfire.html
"Green, Al",https://www.azlyrics.com/a/algreen.html
"Green, Anthony",https://www.azlyrics.com/a/anthonygreen.html
"Greenbaum, Norman",https://www.azlyrics.com/n/normangreenbaum.html
Green Day,https://www.azlyrics.com/g/greenday.html
"Greene, Layton",https://www.azlyrics.com/l/laytongreene.html
"Greene, Travis",https://www.azlyrics.com/t/travisgreene.html
"Green, Henry",https://www.azlyrics.com/h/henrygreen.html
Green Montana,https://www.azlyrics.com/g/greenmontana.html
"Green, Pat",https://www.azlyrics.com/p/patgreen.html
"Green, Peter",https://www.azlyrics.com/p/petergreen.html
"Green, Riley",https://www.azlyrics.com/r/rileygreen.html
Green River Ordinance,https://www.azlyrics.com/g/greenriverordinance.html
Greensky Bluegrass,https://www.azlyrics.com/g/greenskybluegrass.html
"Green, Vivian",https://www.azlyrics.com/g/green.html
Greenwheel,https://www.azlyrics.com/g/greenwheel.html
"Green, William Clark",https://www.azlyrics.com/w/williamclarkgreen.html
"Greenwood, Lee",https://www.azlyrics.com/l/leegreenwood.html
Greer,https://www.azlyrics.com/g/greer.html
Greg Bates,https://www.azlyrics.com/g/gregbates.html
Gregg Allman,https://www.azlyrics.com/g/greggallman.html
Greg Graffin,https://www.azlyrics.com/g/greggraffin.html
Greg Holden,https://www.azlyrics.com/g/gregholden.html
Greg Kihn Band,https://www.azlyrics.com/g/gregkihnband.html
Greg Laswell,https://www.azlyrics.com/g/greglaswell.html
Gregory Abbott,https://www.azlyrics.com/g/gregoryabbott.html
"Gregory, Adam",https://www.azlyrics.com/g/gregory.html
Gregory Alan Isakov,https://www.azlyrics.com/g/gregoryalanisakov.html
Gregory And The Hawk,https://www.azlyrics.com/g/gregoryandthehawk.html
Gregory Isaacs,https://www.azlyrics.com/g/gregoryisaacs.html
Gregory Porter,https://www.azlyrics.com/g/gregoryporter.html
"Gregory, Tom",https://www.azlyrics.com/t/tomgregory.html
Greg Puciato,https://www.azlyrics.com/g/gregpuciato.html
Greg Raposo,https://www.azlyrics.com/r/raposo.html
"Grennan, Tom",https://www.azlyrics.com/t/tomgrennan.html
Greta Van Fleet,https://www.azlyrics.com/g/gretavanfleet.html
Gretchen Wilson,https://www.azlyrics.com/w/wilson.html
"Gretzinger, Steffany",https://www.azlyrics.com/s/steffanygretzinger.html
Grey,https://www.azlyrics.com/g/grey.html
Grey Daze,https://www.azlyrics.com/g/greydaze.html
"Grey, Skylar",https://www.azlyrics.com/s/skylargrey.html
Greyson Chance,https://www.azlyrics.com/g/greysonchance.html
Grieves,https://www.azlyrics.com/g/grieves.html
Griff,https://www.azlyrics.com/g/griff.html
Griffin Johnson,https://www.azlyrics.com/g/griffinjohnson.html
"Griffin, Patty",https://www.azlyrics.com/g/griffin.html
"Griffith, Nanci",https://www.azlyrics.com/n/nancigriffith.html
Grimes,https://www.azlyrics.com/g/grimes.html
"Grimes, Curtis",https://www.azlyrics.com/c/curtisgrimes.html
"Grimmie, Christina",https://www.azlyrics.com/c/christinagrimmie.html
"Grimm, Michael",https://www.azlyrics.com/m/michaelgrimm.html
"Grimshaw, Aiden",https://www.azlyrics.com/a/aidengrimshaw.html
Grinderman,https://www.azlyrics.com/g/grinderman.html
Gringe,https://www.azlyrics.com/g/gringe.html
Gringo,https://www.azlyrics.com/g/gringo.html
Grinspoon,https://www.azlyrics.com/g/grinspoon.html
gripin,https://www.azlyrics.com/g/gripin.html
"Gripp, Parry",https://www.azlyrics.com/p/parrygripp.html
"Grisdale, Nathan",https://www.azlyrics.com/n/nathangrisdale.html
Griselda,https://www.azlyrics.com/g/griselda.html
"Griswolds, The",https://www.azlyrics.com/g/griswolds.html
Grits,https://www.azlyrics.com/g/grits.html
GRIVINA,https://www.azlyrics.com/g/grivina.html
GRiZ,https://www.azlyrics.com/g/griz.html
Grizfolk,https://www.azlyrics.com/g/grizfolk.html
Grizzly Bear,https://www.azlyrics.com/g/grizzlybear.html
G.R.L.,https://www.azlyrics.com/g/grl.html
GRLwood,https://www.azlyrics.com/g/grlwood.html
"Groban, Josh",https://www.azlyrics.com/g/groban.html
Groove Armada,https://www.azlyrics.com/g/groovearmada.html
Groove Coverage,https://www.azlyrics.com/g/groovecoverage.html
Groove Theory,https://www.azlyrics.com/g/groovetheory.html
Groundation,https://www.azlyrics.com/g/groundation.html
Groundbreaking,https://www.azlyrics.com/g/groundbreaking.html
Group 1 Crew,https://www.azlyrics.com/g/group1crew.html
Group Home,https://www.azlyrics.com/g/grouphome.html
Grouplove,https://www.azlyrics.com/g/grouplove.html
"Groves, Cady",https://www.azlyrics.com/c/cadygroves.html
"Groves, Sara",https://www.azlyrics.com/s/saragroves.html
"Growlers, The",https://www.azlyrics.com/g/growlers.html
Gruff Rhys,https://www.azlyrics.com/g/gruffrhys.html
Gryaz (Грязь),https://www.azlyrics.com/g/gryaz.html
Gryffin,https://www.azlyrics.com/g/gryffin.html
GS9,https://www.azlyrics.com/g/gs9.html
GSPD,https://www.azlyrics.com/g/gspd.html
GTA,https://www.azlyrics.com/g/gta.html
Guano Apes,https://www.azlyrics.com/g/guanoapes.html
Guapdad 4000,https://www.azlyrics.com/g/guapdad4000.html
guardin,https://www.azlyrics.com/g/guardin.html
"Guarini, Justin",https://www.azlyrics.com/g/guarini.html
Guaynaa,https://www.azlyrics.com/g/guaynaa.html
guccihighwaters,https://www.azlyrics.com/g/guccihighwaters.html
Gucci Mane,https://www.azlyrics.com/g/guccimane.html
Gudda Gudda,https://www.azlyrics.com/g/guddagudda.html
Gue Pequeno,https://www.azlyrics.com/g/guepequeno.html
Guerilla Black,https://www.azlyrics.com/g/guerillablack.html
"Guerra, Ana",https://www.azlyrics.com/a/anaguerra.html
"Guerra, Juan Luis",https://www.azlyrics.com/j/juanluisguerra.html
"Guess Who, The",https://www.azlyrics.com/g/guesswho.html
"Guest, Leah",https://www.azlyrics.com/l/leahguest.html
"Guetta, David",https://www.azlyrics.com/d/davidguetta.html
Gugudan,https://www.azlyrics.com/g/gugudan.html
Guided By Voices,https://www.azlyrics.com/g/guidedbyvoices.html
"Guilbert, Johnnie",https://www.azlyrics.com/j/johnnieguilbert.html
Guillemots,https://www.azlyrics.com/g/guillemots.html
"Guiney, Bob",https://www.azlyrics.com/g/guiney.html
Guizmo,https://www.azlyrics.com/g/guizmo.html
"Gulati, Ramji",https://www.azlyrics.com/r/ramjigulati.html
Gulddreng,https://www.azlyrics.com/g/gulddreng.html
Gülden,https://www.azlyrics.com/g/gulden.html
Gülşen,https://www.azlyrics.com/g/glen.html
Gummy,https://www.azlyrics.com/g/gummy.html
"Gundersen, Noah",https://www.azlyrics.com/n/noahgundersen.html
Gungor,https://www.azlyrics.com/g/gungor.html
G-Unit,https://www.azlyrics.com/g/gunit.html
Gunna,https://www.azlyrics.com/g/gunna.html
Gunplay,https://www.azlyrics.com/g/gunplay.html
GUNSHIP,https://www.azlyrics.com/g/gunship.html
Guns N' Roses,https://www.azlyrics.com/g/guns.html
Gunwest (Ганвест),https://www.azlyrics.com/g/gunwest.html
Guordan Banks,https://www.azlyrics.com/g/guordanbanks.html
"Gür, Seçil",https://www.azlyrics.com/s/secilgur.html
Guru Josh Project,https://www.azlyrics.com/g/gurujoshproject.html
Guru Randhawa,https://www.azlyrics.com/g/gururandhawa.html
Gus Dapperton,https://www.azlyrics.com/g/gusdapperton.html
Gustavo Cerati,https://www.azlyrics.com/g/gustavocerati.html
Guster,https://www.azlyrics.com/g/guster.html
Gusttavo Lima,https://www.azlyrics.com/g/gusttavolima.html
"Guthrie, Arlo",https://www.azlyrics.com/a/arloguthrie.html
"Guthrie, Woody",https://www.azlyrics.com/w/woodyguthrie.html
"Guthy, Jackson",https://www.azlyrics.com/j/jacksonguthy.html
Guttermouth,https://www.azlyrics.com/g/guttermouth.html
"Guy, Buddy",https://www.azlyrics.com/b/buddyguy.html
Guy Clark,https://www.azlyrics.com/g/guyclark.html
Guyon Waton,https://www.azlyrics.com/g/guyonwaton.html
Guy Sebastian,https://www.azlyrics.com/g/guysebastian.html
"Guyton, Mickey",https://www.azlyrics.com/m/mickeyguyton.html
Guzior,https://www.azlyrics.com/g/guzior.html
"Guzman, Alejandra",https://www.azlyrics.com/a/alejandraguzman.html
GWAR,https://www.azlyrics.com/g/gwar.html
Gwen Stefani,https://www.azlyrics.com/g/gwenstefani.html
Gwyneth Paltrow,https://www.azlyrics.com/g/gwynethpaltrow.html
Gyllene Tider,https://www.azlyrics.com/g/gyllenetider.html
Gym Class Heroes,https://www.azlyrics.com/g/gymclassheroes.html
Gyptian,https://www.azlyrics.com/g/gyptian.html
GYYPS,https://www.azlyrics.com/g/gyyps.html
GZA,https://www.azlyrics.com/g/gza.html
Gzuz,https://www.azlyrics.com/g/gzuz.html
