P9,https://www.azlyrics.com/p/p9.html
".Paak, Anderson",https://www.azlyrics.com/a/anderson-paak.html
Pabllo Vittar,https://www.azlyrics.com/p/pabllovittar.html
Pablo Alborán,https://www.azlyrics.com/p/pabloalboran.html
Pablo Chill-E,https://www.azlyrics.com/p/pablochille.html
Pablo Cruise,https://www.azlyrics.com/p/pablocruise.html
Pac Div,https://www.azlyrics.com/p/pacdiv.html
"Pace, Michela",https://www.azlyrics.com/m/michelapace.html
"Pack, The",https://www.azlyrics.com/p/pack.html
Packy,https://www.azlyrics.com/p/packy.html
Padi,https://www.azlyrics.com/p/padi.html
"Padilla, Bela",https://www.azlyrics.com/b/belapadilla.html
"Padilla, Daniel",https://www.azlyrics.com/d/danielpadilla.html
"Pagano, Lindsay",https://www.azlyrics.com/p/pagano.html
Page France,https://www.azlyrics.com/p/pagefrance.html
"Page-Lockhart, Tasha",https://www.azlyrics.com/t/tashapagelockhart.html
"Page, Morgan",https://www.azlyrics.com/m/morganpage.html
"Page, Tommy",https://www.azlyrics.com/t/tommypage.html
"Pagny, Florent",https://www.azlyrics.com/f/florentpagny.html
"Paige, Carly",https://www.azlyrics.com/c/carlypaige.html
"Paige, Jennifer",https://www.azlyrics.com/j/jenniferpaige.html
"Paige, Kaash",https://www.azlyrics.com/k/kaashpaige.html
"Paige, Madilyn",https://www.azlyrics.com/m/madilynpaige.html
Pain,https://www.azlyrics.com/p/pain.html
Pain Of Salvation,https://www.azlyrics.com/p/painofsalvation.html
"Pains Of Being Pure At Heart, The",https://www.azlyrics.com/p/painsofbeingpureatheart.html
"Paisley, Brad",https://www.azlyrics.com/p/paisley.html
Paky,https://www.azlyrics.com/p/paky.html
Palace,https://www.azlyrics.com/p/palace.html
"Pala, Diyar",https://www.azlyrics.com/d/diyarpala.html
Palaye Royale,https://www.azlyrics.com/p/palayeroyale.html
Pale Waves,https://www.azlyrics.com/p/palewaves.html
Palisades,https://www.azlyrics.com/p/palisades.html
Pallbearer,https://www.azlyrics.com/p/pallbearer.html
"Pallot, Nerina",https://www.azlyrics.com/n/nerinapallot.html
Palma Violets,https://www.azlyrics.com/p/palmaviolets.html
"Palmer, Amanda",https://www.azlyrics.com/a/amandapalmer.html
"Palmer, Keke",https://www.azlyrics.com/k/kekepalmer.html
"Palmer, Robert",https://www.azlyrics.com/r/robertpalmer.html
Palms,https://www.azlyrics.com/p/palms.html
"Palms, The",https://www.azlyrics.com/p/palms-the.html
Palm Trees,https://www.azlyrics.com/p/palmtrees.html
Paloma Faith,https://www.azlyrics.com/p/palomafaith.html
Paloma Mami,https://www.azlyrics.com/p/palomamami.html
"Paltrow, Gwyneth",https://www.azlyrics.com/g/gwynethpaltrow.html
Paluch,https://www.azlyrics.com/p/paluch.html
Pam Tillis,https://www.azlyrics.com/p/pamtillis.html
Pamungkas,https://www.azlyrics.com/p/pamungkas.html
Panama,https://www.azlyrics.com/p/panama.html
Panama Bende,https://www.azlyrics.com/p/panamabende.html
Panda Bear,https://www.azlyrics.com/p/pandabear.html
"Pandugo, Rendy",https://www.azlyrics.com/r/rendypandugo.html
"Panes, Roo",https://www.azlyrics.com/r/roopanes.html
"Panettiere, Hayden",https://www.azlyrics.com/h/haydenpanettiere.html
"Pangilinan, Michael",https://www.azlyrics.com/m/michaelpangilinan.html
Panic! At The Disco,https://www.azlyrics.com/p/panicatthedisco.html
"Panic Channel, The",https://www.azlyrics.com/p/panicchannel.html
Panjabi MC,https://www.azlyrics.com/p/panjabimc.html
"Pansino, Rosanna",https://www.azlyrics.com/r/rosannapansino.html
Panteon Rococo,https://www.azlyrics.com/p/panteonrococo.html
Pantera,https://www.azlyrics.com/p/pantera.html
"Paola, Danna",https://www.azlyrics.com/d/dannapaola.html
Paolo Nutini,https://www.azlyrics.com/p/paolonutini.html
Papa Duck,https://www.azlyrics.com/p/papaduck.html
Papa Roach,https://www.azlyrics.com/p/paparoach.html
"Paper Kites, The",https://www.azlyrics.com/p/paperkites.html
Paper Lace,https://www.azlyrics.com/p/paperlace.html
Paper Lovee,https://www.azlyrics.com/p/paperlovee.html
Paper Tongues,https://www.azlyrics.com/p/papertongues.html
Papithbk,https://www.azlyrics.com/p/papithbk.html
Papoose,https://www.azlyrics.com/p/papoose.html
Parabelle,https://www.azlyrics.com/p/parabelle.html
Parachute,https://www.azlyrics.com/p/parachute.html
Parade Of Lights,https://www.azlyrics.com/p/paradeoflights.html
Paradise Fears,https://www.azlyrics.com/p/paradisefears.html
Paradise Lost,https://www.azlyrics.com/p/paradiselost.html
"Paradiso, Tommaso",https://www.azlyrics.com/t/tommasoparadiso.html
"Paradis, Vanessa",https://www.azlyrics.com/p/paradis.html
"Parakit, The",https://www.azlyrics.com/p/parakit.html
"Parallel, The",https://www.azlyrics.com/p/parallel.html
Paraluman,https://www.azlyrics.com/p/paraluman.html
Paramore,https://www.azlyrics.com/p/paramore.html
Parcels,https://www.azlyrics.com/p/parcels.html
"Pardi, Jon",https://www.azlyrics.com/j/jonpardi.html
Pardison Fontaine,https://www.azlyrics.com/p/pardisonfontaine.html
Paris Hilton,https://www.azlyrics.com/p/parishilton.html
"Paris, Sarina",https://www.azlyrics.com/p/paris.html
Paris Shadows,https://www.azlyrics.com/p/paris9186.html
"Paris, Twila",https://www.azlyrics.com/t/twilaparis.html
Park Bom,https://www.azlyrics.com/p/parkbom.html
"Parker Angel, Ashley",https://www.azlyrics.com/a/ashleyparkerangel.html
"Parker, Courtney",https://www.azlyrics.com/c/courtneyparker.html
"Parker Jr., Ray",https://www.azlyrics.com/r/rayparkerjr.html
"Parker, Matthew",https://www.azlyrics.com/m/matthewparker.html
Parker McCollum,https://www.azlyrics.com/p/parkermccollum.html
Parker Millsap,https://www.azlyrics.com/p/parkermillsap.html
Park Ji Hoon,https://www.azlyrics.com/p/parkjihoon.html
"Park, Kyle",https://www.azlyrics.com/k/kylepark.html
"Parks, Alex",https://www.azlyrics.com/a/alexparks.html
"Parks, Arlo",https://www.azlyrics.com/a/arloparks.html
"Parks, Squares And Alleys",https://www.azlyrics.com/p/parkssquaresandalleys.html
Parkway Drive,https://www.azlyrics.com/p/parkwaydrive.html
"Parlak, Banu",https://www.azlyrics.com/b/banuparlak.html
Parliament,https://www.azlyrics.com/p/parliament.html
"Parlor Mob, The",https://www.azlyrics.com/p/parlormob.html
Parmalee,https://www.azlyrics.com/p/parmalee.html
"Parnell, Lee Roy",https://www.azlyrics.com/l/leeroyparnell.html
Parokya Ni Edgar,https://www.azlyrics.com/p/parokyaniedgar.html
Parov Stelar,https://www.azlyrics.com/p/parovstelar.html
Parquet Courts,https://www.azlyrics.com/p/parquetcourts.html
"Parr, John",https://www.azlyrics.com/j/johnparr.html
Parry Gripp,https://www.azlyrics.com/p/parrygripp.html
Parson James,https://www.azlyrics.com/p/parsonjames.html
"Parsons, Gram",https://www.azlyrics.com/g/gramparsons.html
Parting Gift,https://www.azlyrics.com/p/partinggift.html
"Parton, Dolly",https://www.azlyrics.com/d/dollyparton.html
"Partridge Family, The",https://www.azlyrics.com/p/partridgefamily.html
Party Boyz,https://www.azlyrics.com/p/partyboyz.html
Party Favor,https://www.azlyrics.com/p/partyfavor.html
PARTYNEXTDOOR,https://www.azlyrics.com/p/partynextdoor.html
"Parx, Tayla",https://www.azlyrics.com/t/taylaparx.html
Pa Salieu,https://www.azlyrics.com/p/pasalieu.html
"Pascoal, Cláudia",https://www.azlyrics.com/c/cludiapascoal.html
"Pascual, Inigo",https://www.azlyrics.com/i/inigopascual.html
Pashanim,https://www.azlyrics.com/p/pashanim.html
"Pasian, Karina",https://www.azlyrics.com/k/karina.html
"Paslay, Eric",https://www.azlyrics.com/e/ericpaslay.html
PA Sports,https://www.azlyrics.com/p/pasports.html
Passenger,https://www.azlyrics.com/p/passenger.html
Passion,https://www.azlyrics.com/p/passion.html
"Passion, Jeremy",https://www.azlyrics.com/j/jeremypassion.html
Passion Pit,https://www.azlyrics.com/p/passionpit.html
Pasto,https://www.azlyrics.com/p/pasto.html
Pastor Troy,https://www.azlyrics.com/p/pastortroy.html
Pat Barrett,https://www.azlyrics.com/p/patbarrett.html
Pat Benatar,https://www.azlyrics.com/p/patbenatar.html
Patch Quiwa,https://www.azlyrics.com/p/patchquiwa.html
Pat Green,https://www.azlyrics.com/p/patgreen.html
Patoranking,https://www.azlyrics.com/p/patoranking.html
Patrice Rushen,https://www.azlyrics.com/p/patricerushen.html
Patrick Hernandez,https://www.azlyrics.com/p/patrickhernandez.html
Patrick Jørgensen,https://www.azlyrics.com/p/patrickjrgensen.html
"Patrick, Kyle",https://www.azlyrics.com/k/kylepatrick.html
"Patrick, Meghan",https://www.azlyrics.com/m/meghanpatrick.html
Patrick Quiroz,https://www.azlyrics.com/p/patrickquiroz.html
Patrick Stump,https://www.azlyrics.com/p/patrickstump.html
Patrick Swayze,https://www.azlyrics.com/p/patrickswayze.html
Patrick Watson,https://www.azlyrics.com/p/patrickwatson.html
Patrick Wolf,https://www.azlyrics.com/p/patrickwolf.html
Patron,https://www.azlyrics.com/p/patron.html
Patsy Cline,https://www.azlyrics.com/p/patsycline.html
Pat The Bunny,https://www.azlyrics.com/p/patthebunny.html
Patti LaBelle,https://www.azlyrics.com/p/pattilabelle.html
"Pattinson, Robert",https://www.azlyrics.com/r/robertpattinson.html
Patti Page,https://www.azlyrics.com/p/pattipage.html
Patti Smith,https://www.azlyrics.com/p/pattismith.html
"Patton, Mike",https://www.azlyrics.com/m/mikepatton.html
Patty Griffin,https://www.azlyrics.com/g/griffin.html
Patty Loveless,https://www.azlyrics.com/p/pattyloveless.html
Patty Smyth,https://www.azlyrics.com/p/pattysmyth.html
Paty Cantú,https://www.azlyrics.com/p/patycant.html
Paula Abdul,https://www.azlyrics.com/a/abdul.html
Paula Cole,https://www.azlyrics.com/p/paulacole.html
Paula DeAnda,https://www.azlyrics.com/p/pauladeanda.html
Paul Anka,https://www.azlyrics.com/p/paulanka.html
Paul Baloche,https://www.azlyrics.com/p/paulbaloche.html
"Paul, Billy",https://www.azlyrics.com/b/billypaul.html
Paul Brady,https://www.azlyrics.com/p/paulbrady.html
Paul Brandt,https://www.azlyrics.com/p/paulbrandt.html
Paul Carrack,https://www.azlyrics.com/p/paulcarrack.html
Paul Cauthen,https://www.azlyrics.com/p/paulcauthen.html
Paul Davis,https://www.azlyrics.com/p/pauldavis.html
Paul Heaton & Jacqui Abbott,https://www.azlyrics.com/p/paulheatonjacquiabbott.html
Paulina Rubio,https://www.azlyrics.com/r/rubio.html
Paulini,https://www.azlyrics.com/p/paulini.html
"Paul, Jake",https://www.azlyrics.com/j/jakepaul.html
Paul Kelly,https://www.azlyrics.com/p/paulkelly.html
Paul Kim,https://www.azlyrics.com/p/paulkim.html
"Paul, Logan",https://www.azlyrics.com/l/loganpaul.html
Paul McCartney,https://www.azlyrics.com/p/paulmccartney.html
Paul McDonald,https://www.azlyrics.com/p/paulmcdonald.html
Paul Oakenfold,https://www.azlyrics.com/o/oakenfold.html
Paulo Londra,https://www.azlyrics.com/p/paulolondra.html
Paul Revere & The Raiders,https://www.azlyrics.com/p/paulreveretheraiders.html
"Paul, Sean",https://www.azlyrics.com/p/paul.html
"Paul, Sebastian",https://www.azlyrics.com/s/sebastianpaul.html
Paul Simon,https://www.azlyrics.com/p/paulsimon.html
Paul Stanley,https://www.azlyrics.com/p/paulstanley.html
Paul Van Dyk,https://www.azlyrics.com/p/paulvandyk.html
Paul Wall,https://www.azlyrics.com/p/paulwall.html
Paul Weller,https://www.azlyrics.com/p/paulweller.html
Paul Williams,https://www.azlyrics.com/p/paulwilliams.html
Paul Young,https://www.azlyrics.com/p/paulyoung.html
"Pausini, Laura",https://www.azlyrics.com/l/laurapausini.html
Pavement,https://www.azlyrics.com/p/pavement.html
Pavlov's Dog,https://www.azlyrics.com/p/pavlovsdog.html
"Paxton, Sara",https://www.azlyrics.com/s/sarapaxton.html
"Paxton, Tom",https://www.azlyrics.com/t/tompaxton.html
"Paycheck, Johnny",https://www.azlyrics.com/j/johnnypaycheck.html
"Payne, Liam",https://www.azlyrics.com/l/liampayne.html
Payola$,https://www.azlyrics.com/p/payola.html
Payton Rae,https://www.azlyrics.com/p/paytonrae.html
Payung Teduh,https://www.azlyrics.com/p/payungteduh.html
"Paz, Espinoza",https://www.azlyrics.com/e/espinozapaz.html
P. Diddy,https://www.azlyrics.com/p/pdiddy.html
Peabo Bryson,https://www.azlyrics.com/p/peabobryson.html
Peace,https://www.azlyrics.com/p/peace.html
Peaches,https://www.azlyrics.com/p/peaches.html
Peaches & Herb,https://www.azlyrics.com/p/peachesherb.html
Peach Pit,https://www.azlyrics.com/p/peachpit.html
Peach Tree Rascals,https://www.azlyrics.com/p/peachtreerascals.html
Peachy!,https://www.azlyrics.com/p/peachy.html
"Peacock, Alice",https://www.azlyrics.com/a/alicepeacock.html
"Pearce, Ben",https://www.azlyrics.com/b/benpearce.html
"Pearce, Carly",https://www.azlyrics.com/c/carlypearce.html
"Pearce, Riley",https://www.azlyrics.com/r/rileypearce.html
Pearl Jam,https://www.azlyrics.com/p/pearljam.html
Pears,https://www.azlyrics.com/p/pears.html
"Pearson, Amy",https://www.azlyrics.com/a/amypearson.html
Pebbles,https://www.azlyrics.com/p/pebbles.html
"Peck, Danielle",https://www.azlyrics.com/d/daniellepeck.html
Pedro Capó,https://www.azlyrics.com/p/pedrocapo.html
Pedro Infante,https://www.azlyrics.com/p/pedroinfante.html
Pedro The Lion,https://www.azlyrics.com/p/pedrothelion.html
Peewee Longway,https://www.azlyrics.com/p/peeweelongway.html
Pegboard Nerds,https://www.azlyrics.com/p/pegboardnerds.html
Peggy Lee,https://www.azlyrics.com/p/peggylee.html
Peg Parnevik,https://www.azlyrics.com/p/pegparnevik.html
Peking Duk,https://www.azlyrics.com/p/pekingduk.html
"Pelaez, Felipe",https://www.azlyrics.com/f/felipepelaez.html
Pell,https://www.azlyrics.com/p/pell.html
"Peluso, Nathy",https://www.azlyrics.com/n/nathypeluso.html
"Pendergrass, Teddy",https://www.azlyrics.com/t/teddypendergrass.html
Pendulum,https://www.azlyrics.com/p/pendulum.html
Penelope Scott,https://www.azlyrics.com/p/penelopescott.html
"Penguins, The",https://www.azlyrics.com/p/penguins.html
"Penn, Jackson",https://www.azlyrics.com/j/jacksonpenn.html
"Penn, Vaughan",https://www.azlyrics.com/v/vaughanpenn.html
Penny & Sparrow,https://www.azlyrics.com/p/pennysparrow.html
Pennywise,https://www.azlyrics.com/p/pennywise.html
PENTAGON,https://www.azlyrics.com/p/pentagon.html
Pentakill,https://www.azlyrics.com/p/pentakill.html
Pentatonix,https://www.azlyrics.com/p/pentatonix.html
Pepe Aguilar,https://www.azlyrics.com/p/pepeaguilar.html
Pepe Quintana,https://www.azlyrics.com/p/pepequintana.html
Pepper,https://www.azlyrics.com/p/pepper.html
Percy Sledge,https://www.azlyrics.com/p/percysledge.html
"Perez, Amanda",https://www.azlyrics.com/p/perez.html
"Perfect Circle, A",https://www.azlyrics.com/p/perfect.html
Perfume Genius,https://www.azlyrics.com/p/perfumegenius.html
Per Gessle,https://www.azlyrics.com/p/pergessle.html
"Pericolo, Massimo",https://www.azlyrics.com/m/massimopericolo.html
Periphery,https://www.azlyrics.com/p/periphery.html
"Perretta, Julian",https://www.azlyrics.com/j/julianperretta.html
"Perri, Christina",https://www.azlyrics.com/c/christinaperri.html
Perry Como,https://www.azlyrics.com/p/perrycomo.html
"Perry, Katy",https://www.azlyrics.com/k/katyperry.html
"Perry, Mike",https://www.azlyrics.com/m/mikeperry.html
"Perry, Steve",https://www.azlyrics.com/s/steveperry.html
Pesado,https://www.azlyrics.com/p/pesado.html
Pete Murray,https://www.azlyrics.com/m/murray.html
Peter Andre,https://www.azlyrics.com/a/andre.html
Peter Bjorn And John,https://www.azlyrics.com/p/peterbjornandjohn.html
Peter Bradley Adams,https://www.azlyrics.com/p/peterbradleyadams.html
Peter Cetera,https://www.azlyrics.com/p/petercetera.html
Peter CottonTale,https://www.azlyrics.com/p/petercottontale.html
Peter Doherty,https://www.azlyrics.com/p/peterdoherty.html
Peter Frampton,https://www.azlyrics.com/p/peterframpton.html
Peter Furler,https://www.azlyrics.com/p/peterfurler.html
Peter Gabriel,https://www.azlyrics.com/g/gabriel.html
Peter & Gordon,https://www.azlyrics.com/p/petergordon.html
Peter Green,https://www.azlyrics.com/p/petergreen.html
Peter Hollens,https://www.azlyrics.com/p/peterhollens.html
Peter Kuli,https://www.azlyrics.com/p/peterkuli.html
Peter Maffay,https://www.azlyrics.com/p/petermaffay.html
Peter Manos,https://www.azlyrics.com/p/petermanos.html
Peter Murphy,https://www.azlyrics.com/p/petermurphy.html
Pete Rock,https://www.azlyrics.com/p/peterock.html
Pete Rock & C.L. Smooth,https://www.azlyrics.com/p/peterockclsmooth.html
"Peter, Paul And Mary",https://www.azlyrics.com/p/peterpaulandmary.html
"Peters, Maisie",https://www.azlyrics.com/m/maisiepeters.html
"Peters, Moriah",https://www.azlyrics.com/m/moriahpeters.html
"Peterson, Andrew",https://www.azlyrics.com/a/andrewpeterson.html
Peter Tosh,https://www.azlyrics.com/p/petertosh.html
Pete Shelley,https://www.azlyrics.com/p/peteshelley.html
Pete Townshend,https://www.azlyrics.com/p/petetownshend.html
Pete Yorn,https://www.azlyrics.com/y/yorn.html
Petey Pablo,https://www.azlyrics.com/p/pablo.html
Petit Biscuit,https://www.azlyrics.com/p/petitbiscuit.html
Petite Meller,https://www.azlyrics.com/p/petitemeller.html
Petra,https://www.azlyrics.com/p/petra.html
Petra Sihombing,https://www.azlyrics.com/p/petrasihombing.html
"Petras, Kim",https://www.azlyrics.com/k/kimpetras.html
Pet Shop Boys,https://www.azlyrics.com/p/petshop.html
Petula Clark,https://www.azlyrics.com/p/petulaclark.html
PewDiePie,https://www.azlyrics.com/p/pewdiepie.html
"Peyroux, Madeleine",https://www.azlyrics.com/m/madeleinepeyroux.html
Pezet,https://www.azlyrics.com/p/pezet.html
pH-1,https://www.azlyrics.com/p/ph1.html
"Phair, Liz",https://www.azlyrics.com/p/phair.html
Pham,https://www.azlyrics.com/p/pham.html
Phantogram,https://www.azlyrics.com/p/phantogram.html
Phantom Planet,https://www.azlyrics.com/p/phantom.html
Phantoms,https://www.azlyrics.com/p/phantoms.html
"Phantoms, The",https://www.azlyrics.com/t/thephantoms.html
PHARAOH,https://www.azlyrics.com/p/pharaoh.html
"Pharcyde, The",https://www.azlyrics.com/p/pharcyde.html
Pharoahe Monch,https://www.azlyrics.com/p/pharoahemonch.html
Pharrell Williams,https://www.azlyrics.com/w/williamsp.html
phem,https://www.azlyrics.com/p/phem.html
Phil Campbell And The Bastard Sons,https://www.azlyrics.com/p/philcampbellandthebastardsons.html
Phil Collins,https://www.azlyrics.com/c/collins.html
Phildel,https://www.azlyrics.com/p/phildel.html
Phil Good,https://www.azlyrics.com/p/philgood.html
Philip George,https://www.azlyrics.com/p/philipgeorge.html
Phillip Phillips,https://www.azlyrics.com/p/phillipphillips.html
"Phillips, Craig & Dean",https://www.azlyrics.com/p/phillipscraigdean.html
Philly Moré,https://www.azlyrics.com/p/phillymore.html
Phil Lynott,https://www.azlyrics.com/p/phillynott.html
Philly's Most Wanted,https://www.azlyrics.com/p/phillysmostwanted.html
Phil Ochs,https://www.azlyrics.com/p/philochs.html
Phil Stacey,https://www.azlyrics.com/p/philstacey.html
Phil Thompson,https://www.azlyrics.com/p/philthompson.html
Philthy Rich,https://www.azlyrics.com/p/philthyrich.html
Phil Vassar,https://www.azlyrics.com/p/philvassar.html
Phil Wickham,https://www.azlyrics.com/p/philwickham.html
Phinehas,https://www.azlyrics.com/p/phinehas.html
"Phipps, Ben",https://www.azlyrics.com/b/benphipps.html
"Phipps, Grace",https://www.azlyrics.com/g/gracephipps.html
"Phipps, Tion",https://www.azlyrics.com/t/tionphipps.html
Phish,https://www.azlyrics.com/p/phish.html
Phlake,https://www.azlyrics.com/p/phlake.html
Phoebe Bridgers,https://www.azlyrics.com/p/phoebebridgers.html
Phoebe Ryan,https://www.azlyrics.com/p/phoeberyan.html
Phoebe Snow,https://www.azlyrics.com/p/phoebesnow.html
Phoenix,https://www.azlyrics.com/p/phoenix.html
Phony Ppl,https://www.azlyrics.com/p/phonyppl.html
Phora,https://www.azlyrics.com/p/phora.html
Phosphorescent,https://www.azlyrics.com/p/phosphorescent.html
PHresher,https://www.azlyrics.com/p/phresher.html
Phum Viphurit,https://www.azlyrics.com/p/phumviphurit.html
Phyllis Hyman,https://www.azlyrics.com/p/phyllishyman.html
Phyno,https://www.azlyrics.com/p/phyno.html
"Piaf, Edith",https://www.azlyrics.com/e/edithpiaf.html
Pia Mia,https://www.azlyrics.com/p/piamia.html
Pianos Become The Teeth,https://www.azlyrics.com/p/pianosbecometheteeth.html
Pia Toscano,https://www.azlyrics.com/p/piatoscano.html
"Pickett, Bobby",https://www.azlyrics.com/b/bobbypickett.html
"Pickett, Wilson",https://www.azlyrics.com/w/wilsonpickett.html
"Pickler, Kellie",https://www.azlyrics.com/k/kelliepickler.html
"Picturebooks, The",https://www.azlyrics.com/p/picturebooks.html
Picturesque,https://www.azlyrics.com/p/picturesque.html
Picture This,https://www.azlyrics.com/p/picturethis.html
"Pierce, Cat",https://www.azlyrics.com/c/catpierce.html
"Pierces, The",https://www.azlyrics.com/p/pierces.html
Pierce The Veil,https://www.azlyrics.com/p/piercetheveil.html
Pi'erre Bourne,https://www.azlyrics.com/p/pierrebourne.html
"Pierre, Justin Courtney",https://www.azlyrics.com/j/justincourtneypierre.html
"Pieterse, Sasha",https://www.azlyrics.com/s/sashapieterse.html
Pietro Lombardi,https://www.azlyrics.com/p/pietrolombardi.html
"Pigeon Detectives, The",https://www.azlyrics.com/p/pigeondetectives.html
"Pigg, Landon",https://www.azlyrics.com/l/landonpigg.html
PIKOTARO,https://www.azlyrics.com/p/pikotaro.html
"Pilas, Manu",https://www.azlyrics.com/m/manupilas.html
Pillar,https://www.azlyrics.com/p/pillar.html
Pilot,https://www.azlyrics.com/p/pilot.html
Pimp C,https://www.azlyrics.com/p/pimpc.html
Pinback,https://www.azlyrics.com/p/pinback.html
Pineapple StormTV,https://www.azlyrics.com/p/pineapplestormtv.html
"Pineapple Thief, The",https://www.azlyrics.com/p/pineapplethief.html
Pinegrove,https://www.azlyrics.com/p/pinegrove.html
Pinguini Tattici Nucleari,https://www.azlyrics.com/p/pinguinitatticinucleari.html
Pinhani,https://www.azlyrics.com/p/pinhani.html
pink cig,https://www.azlyrics.com/p/pinkcig.html
Pink Floyd,https://www.azlyrics.com/p/pinkfloyd.html
Pinkfong,https://www.azlyrics.com/p/pinkfong.html
Pink Guy,https://www.azlyrics.com/p/pinkguy.html
Pink Martini,https://www.azlyrics.com/p/pinkmartini.html
Pink,https://www.azlyrics.com/p/pink.html
"Pink Spiders, The",https://www.azlyrics.com/p/pinkspiders.html
Pink Sweats,https://www.azlyrics.com/p/pinksweats.html
"Pintos, Abel",https://www.azlyrics.com/a/abelpintos.html
"Piper, Joel",https://www.azlyrics.com/j/joelpiper.html
Piper Rockelle,https://www.azlyrics.com/p/piperrockelle.html
"Pipettes, The",https://www.azlyrics.com/p/pipettes.html
Pip Millett,https://www.azlyrics.com/p/pipmillett.html
Piso 21,https://www.azlyrics.com/p/piso21.html
Pistol Annies,https://www.azlyrics.com/p/pistolannies.html
Pitbull,https://www.azlyrics.com/p/pitbull.html
"Pitney, Gene",https://www.azlyrics.com/g/genepitney.html
"Pitney, Mo",https://www.azlyrics.com/m/mopitney.html
Pitty Sing,https://www.azlyrics.com/p/pittysing.html
Pixie Lott,https://www.azlyrics.com/p/pixielott.html
Pixies,https://www.azlyrics.com/p/pixies.html
PJ Endrinal,https://www.azlyrics.com/p/pjendrinal.html
PJ Harvey,https://www.azlyrics.com/p/pjharvey.html
PJ Morton,https://www.azlyrics.com/p/pjmorton.html
Placebo,https://www.azlyrics.com/p/placebo.html
Plague Vendor,https://www.azlyrics.com/p/plaguevendor.html
Plain White T's,https://www.azlyrics.com/p/plainwhitets.html
Plan B,https://www.azlyrics.com/p/planb.html
Plan B,https://www.azlyrics.com/p/planb3751.html
PlanBe,https://www.azlyrics.com/p/planbe.html
Planetshakers,https://www.azlyrics.com/p/planetshakers.html
Plan Three,https://www.azlyrics.com/p/planthree.html
"Plant, Robert",https://www.azlyrics.com/r/robertplant.html
Plastic Bertrand,https://www.azlyrics.com/p/plasticbertrand.html
Platina (Платина),https://www.azlyrics.com/p/platina.html
"Platt, Ben",https://www.azlyrics.com/b/benplatt.html
"Platten, Rachel",https://www.azlyrics.com/r/rachelplatten.html
"Platters, The",https://www.azlyrics.com/p/platters.html
Play,https://www.azlyrics.com/p/play.html
Playboi Carti,https://www.azlyrics.com/p/playboi-carti.html
Player,https://www.azlyrics.com/p/player.html
playingtheangel,https://www.azlyrics.com/p/playingtheangel.html
Please Wait,https://www.azlyrics.com/p/pleasewait.html
Pleasure P,https://www.azlyrics.com/p/pleasurep.html
Plested,https://www.azlyrics.com/p/plested.html
Plies,https://www.azlyrics.com/p/plies.html
PLK,https://www.azlyrics.com/p/plk.html
P-Lo,https://www.azlyrics.com/p/plo.html
PLOHOYPAREN,https://www.azlyrics.com/p/plohoyparen.html
"Plot In You, The",https://www.azlyrics.com/p/plotinyou.html
Plot Twist,https://www.azlyrics.com/p/plottwist.html
"Ploy, Valentina",https://www.azlyrics.com/v/valentinaploy.html
Plug In Stereo,https://www.azlyrics.com/p/pluginstereo.html
"Plug, The",https://www.azlyrics.com/p/plug.html
Plumb,https://www.azlyrics.com/p/plumb.html
"Plum, Thelma",https://www.azlyrics.com/t/thelmaplum.html
Plus One,https://www.azlyrics.com/p/plusone.html
PLVTINUM,https://www.azlyrics.com/p/plvtinum.html
P.M. Dawn,https://www.azlyrics.com/p/pmdawn.html
PNAU,https://www.azlyrics.com/p/pnau.html
PnB Rock,https://www.azlyrics.com/p/pnbrock.html
PNL,https://www.azlyrics.com/p/pnl.html
Poco,https://www.azlyrics.com/p/poco.html
P.O.D.,https://www.azlyrics.com/p/pod.html
"Podsiadło, Dawid",https://www.azlyrics.com/d/dawidpodsiadlo.html
"Poetri, Stephanie",https://www.azlyrics.com/s/stephaniepoetri.html
Poets Of The Fall,https://www.azlyrics.com/p/poetsofthefall.html
"Pogues, The",https://www.azlyrics.com/p/pogues.html
Point Break,https://www.azlyrics.com/p/pointbreak.html
"Pointer Sisters, The",https://www.azlyrics.com/p/pointersisters.html
Point North,https://www.azlyrics.com/p/pointnorth.html
Point Of Grace,https://www.azlyrics.com/p/pointofgrace.html
Poison,https://www.azlyrics.com/p/poison.html
Poison The Well,https://www.azlyrics.com/p/poisonthewell.html
"Polachek, Caroline",https://www.azlyrics.com/c/carolinepolachek.html
Polaris,https://www.azlyrics.com/p/polaris.html
Pol Granch,https://www.azlyrics.com/p/polgranch.html
Poliça,https://www.azlyrics.com/p/polica.html
"Police, The",https://www.azlyrics.com/p/police.html
"Pollock, Emma",https://www.azlyrics.com/e/emmapollock.html
Polo Frost,https://www.azlyrics.com/p/polofrost.html
Polo G,https://www.azlyrics.com/p/polog.html
Polo & Pan,https://www.azlyrics.com/p/polopan.html
"Pomeranz, David",https://www.azlyrics.com/d/davidpomeranz.html
Pomme,https://www.azlyrics.com/p/pomme.html
Pond,https://www.azlyrics.com/p/pond.html
"Pons, Lele",https://www.azlyrics.com/l/lelepons.html
Poo Bear,https://www.azlyrics.com/p/poobear.html
Poolside,https://www.azlyrics.com/p/poolside.html
POORSTACY,https://www.azlyrics.com/p/poorstacy.html
Popcaan,https://www.azlyrics.com/p/popcaan.html
"Pope, Cassadee",https://www.azlyrics.com/c/cassadeepope.html
"Pope, Derek",https://www.azlyrics.com/d/derekpope.html
"Pope, Ron",https://www.azlyrics.com/r/ronpope.html
POP ETC,https://www.azlyrics.com/p/popetc.html
Pop Evil,https://www.azlyrics.com/p/popevil.html
"Pop, Iggy",https://www.azlyrics.com/i/iggypop.html
"Poppe, Maddie",https://www.azlyrics.com/m/maddiepoppe.html
Popp Hunna,https://www.azlyrics.com/p/popphunna.html
Poppy,https://www.azlyrics.com/p/poppy.html
Pop Smoke,https://www.azlyrics.com/p/popsmoke.html
Porcelain Black,https://www.azlyrics.com/p/porcelainblack.html
Porches,https://www.azlyrics.com/p/porches.html
Porcupine Tree,https://www.azlyrics.com/p/porcupinetree.html
Porno For Pyros,https://www.azlyrics.com/p/pornoforpyros.html
Porte Diferente,https://www.azlyrics.com/p/portediferente.html
"Porter, Gregory",https://www.azlyrics.com/g/gregoryporter.html
"Porter, Kalan",https://www.azlyrics.com/k/kalanporter.html
Porter Robinson,https://www.azlyrics.com/p/porterrobinson.html
Porter Wagoner,https://www.azlyrics.com/p/porterwagoner.html
Portishead,https://www.azlyrics.com/p/portishead.html
Portugal. The Man,https://www.azlyrics.com/p/portugaltheman.html
Poshlaya Molly (Пошлая Молли),https://www.azlyrics.com/p/poshlayamolly.html
"Posner, Mike",https://www.azlyrics.com/m/mikeposner.html
"Postal Service, The",https://www.azlyrics.com/p/postalservice.html
Post Animal,https://www.azlyrics.com/p/postanimal.html
Post Malone,https://www.azlyrics.com/p/postmalone.html
potsu,https://www.azlyrics.com/p/potsu.html
POUNDZ,https://www.azlyrics.com/p/poundz.html
Pouya,https://www.azlyrics.com/p/pouya.html
Powderfinger,https://www.azlyrics.com/p/powderfinger.html
"Powell, Jesse",https://www.azlyrics.com/j/jessepowell.html
"Power, Keith",https://www.azlyrics.com/k/keithpower.html
Powerman 5000,https://www.azlyrics.com/p/powerman.html
Powers,https://www.azlyrics.com/p/powers.html
Powers Pleasant,https://www.azlyrics.com/p/powerspleasant.html
"Power Station, The",https://www.azlyrics.com/p/powerstation.html
Power Trip,https://www.azlyrics.com/p/powertrip.html
Powerwolf,https://www.azlyrics.com/p/powerwolf.html
Powfu,https://www.azlyrics.com/p/powfu.html
"Powter, Daniel",https://www.azlyrics.com/d/danielpowter.html
ppcocaine,https://www.azlyrics.com/p/ppcocaine.html
"Pramono, Ardhito",https://www.azlyrics.com/a/ardhitopramono.html
Pras,https://www.azlyrics.com/p/pras.html
"Prass, Natalie",https://www.azlyrics.com/n/natalieprass.html
"Pratt, Jessica",https://www.azlyrics.com/j/jessicapratt.html
Pray For The Soul Of Betty,https://www.azlyrics.com/p/prayforthesoulofbetty.html
"Preatures, The",https://www.azlyrics.com/p/preatures.html
"Precillas, Hannah",https://www.azlyrics.com/h/hannahprecillas.html
Prefab Sprout,https://www.azlyrics.com/p/prefabsprout.html
P. Reign,https://www.azlyrics.com/p/preign.html
Prelow,https://www.azlyrics.com/p/prelow.html
Prens,https://www.azlyrics.com/p/prens.html
PREP,https://www.azlyrics.com/p/prep.html
Presence,https://www.azlyrics.com/p/presence.html
"Presets, The",https://www.azlyrics.com/p/presets.html
"Presidents Of The United States Of America, The",https://www.azlyrics.com/p/presidentsoftheunitedstatesofamerica.html
"Presley, Elvis",https://www.azlyrics.com/e/elvis.html
"Presley, Lisa Marie",https://www.azlyrics.com/p/presleyl.html
Pressa,https://www.azlyrics.com/p/pressa.html
Press Play,https://www.azlyrics.com/p/pressplay.html
Press To MECO,https://www.azlyrics.com/p/presstomeco.html
Pressure 4-5,https://www.azlyrics.com/p/pressure45.html
"Preston, Billy",https://www.azlyrics.com/b/billypreston.html
"Preston, Johnny",https://www.azlyrics.com/j/johnnypreston.html
"Pretenders, The",https://www.azlyrics.com/p/pretenders.html
Pretty Maids,https://www.azlyrics.com/p/prettymaids.html
"Prettyman, Tristan",https://www.azlyrics.com/t/tristanprettyman.html
PRETTYMUCH,https://www.azlyrics.com/p/prettymuch.html
"Pretty Reckless, The",https://www.azlyrics.com/p/prettyreckless.html
Pretty Ricky,https://www.azlyrics.com/p/prettyricky.html
Pretty Willie,https://www.azlyrics.com/p/prettywillie.html
PRhyme,https://www.azlyrics.com/p/prhyme.html
"Priadi, Sal",https://www.azlyrics.com/s/salpriadi.html
"Price, Kelly",https://www.azlyrics.com/p/price.html
"Price, Margo",https://www.azlyrics.com/m/margoprice.html
"Price, Ray",https://www.azlyrics.com/r/rayprice.html
"Price, Sean",https://www.azlyrics.com/s/seanprice.html
Pricetagg,https://www.azlyrics.com/p/pricetagg.html
"Pride, Charley",https://www.azlyrics.com/c/charleypride.html
"Priest, Marvin",https://www.azlyrics.com/m/marvinpriest.html
Priests,https://www.azlyrics.com/p/priests.html
Prima J,https://www.azlyrics.com/p/primaj.html
Primal Fear,https://www.azlyrics.com/p/primalfear.html
Primal Scream,https://www.azlyrics.com/p/primalscream.html
Primer 55,https://www.azlyrics.com/p/primer55.html
PrimeTimeFUT,https://www.azlyrics.com/p/primetimefut.html
Primitive Radio Gods,https://www.azlyrics.com/p/primitiveradiogods.html
Primus,https://www.azlyrics.com/p/primus.html
Prince,https://www.azlyrics.com/p/prince.html
Prince Fox,https://www.azlyrics.com/p/princefox.html
"Prince Karma, The",https://www.azlyrics.com/p/princekarma.html
Prince Royce,https://www.azlyrics.com/p/princeroyce.html
Princess Nokia,https://www.azlyrics.com/p/princessnokia.html
Princess Superstar,https://www.azlyrics.com/p/princess.html
Princess Thea,https://www.azlyrics.com/p/princessthea.html
"Prine, John",https://www.azlyrics.com/j/johnprine.html
Prinz Pi,https://www.azlyrics.com/p/prinzpi.html
Priory,https://www.azlyrics.com/p/priory.html
Priscilla Ahn,https://www.azlyrics.com/p/priscillaahn.html
Priscilla Renea,https://www.azlyrics.com/p/priscillarenea.html
Prismo,https://www.azlyrics.com/p/prismo.html
"Pritchett, Aaron",https://www.azlyrics.com/a/aaronpritchett.html
Priyanka Chopra,https://www.azlyrics.com/p/priyankachopra.html
"Prize Fighter Inferno, The",https://www.azlyrics.com/p/prizefighterinferno.html
PRo,https://www.azlyrics.com/p/pro.html
PRO8L3M,https://www.azlyrics.com/p/pro8l3m.html
Problem,https://www.azlyrics.com/p/problem.html
Problematic,https://www.azlyrics.com/p/problematic.html
Probot,https://www.azlyrics.com/p/probot.html
"Proclaimers, The",https://www.azlyrics.com/p/proclaimers.html
Procol Harum,https://www.azlyrics.com/p/procolharum.html
Prodigy,https://www.azlyrics.com/p/prodigyrap.html
"Prodigy, The",https://www.azlyrics.com/p/prodigy.html
Product G&B,https://www.azlyrics.com/p/productgb.html
PRO ERA,https://www.azlyrics.com/p/proera.html
Prof,https://www.azlyrics.com/p/prof.html
Professor Green,https://www.azlyrics.com/p/professorgreen.html
Project 86,https://www.azlyrics.com/p/project86.html
Project Pat,https://www.azlyrics.com/p/projectpat.html
Project Wyze,https://www.azlyrics.com/p/projectwyze.html
"Promise Ring, The",https://www.azlyrics.com/p/promisering.html
Proof,https://www.azlyrics.com/p/proof.html
Propaganda,https://www.azlyrics.com/p/propaganda12179.html
Propaganda,https://www.azlyrics.com/p/propaganda.html
Propagandhi,https://www.azlyrics.com/p/propagandhi.html
Propain,https://www.azlyrics.com/p/propain.html
Prophet Jones,https://www.azlyrics.com/p/prophetjones.html
Prophets Of Rage,https://www.azlyrics.com/p/prophetsofrage.html
"Prosek, Ed",https://www.azlyrics.com/e/edprosek.html
Protest The Hero,https://www.azlyrics.com/p/protestthehero.html
Protoje,https://www.azlyrics.com/p/protoje.html
Provinz,https://www.azlyrics.com/p/provinz.html
Prozak,https://www.azlyrics.com/p/prozak.html
Prozzäk,https://www.azlyrics.com/p/prozzak.html
"Pruitt, Jordan",https://www.azlyrics.com/j/jordanpruitt.html
PRXJEK,https://www.azlyrics.com/p/prxjek.html
"Prydz, Eric",https://www.azlyrics.com/e/ericprydz.html
PS1,https://www.azlyrics.com/p/ps1.html
PSICOLOGI,https://www.azlyrics.com/p/psicologi.html
PSO THUG,https://www.azlyrics.com/p/psothug.html
P-Square,https://www.azlyrics.com/p/psquare.html
PSY,https://www.azlyrics.com/p/psy.html
Psychedelic Boyz,https://www.azlyrics.com/p/psychedelicboyz.html
"Psychedelic Furs, The",https://www.azlyrics.com/p/psychedelicfurs.html
Psychostick,https://www.azlyrics.com/p/psychostick.html
PTAF,https://www.azlyrics.com/p/ptaf.html
PUBLIC,https://www.azlyrics.com/p/public.html
Public Announcement,https://www.azlyrics.com/p/publicannouncement.html
Public Enemy,https://www.azlyrics.com/p/publicenemy.html
Public Image Ltd.,https://www.azlyrics.com/p/publicimageltd.html
"Puciato, Greg",https://www.azlyrics.com/g/gregpuciato.html
Puddle Of Mudd,https://www.azlyrics.com/p/puddleofmudd.html
Puff Daddy,https://www.azlyrics.com/p/puffdaddy.html
"Pugh, Earnest",https://www.azlyrics.com/e/earnestpugh.html
Pulley,https://www.azlyrics.com/p/pulley.html
Pulp,https://www.azlyrics.com/p/pulp.html
Puma Blue,https://www.azlyrics.com/p/pumablue.html
Punch,https://www.azlyrics.com/p/punch.html
Punch Brothers,https://www.azlyrics.com/p/punchbrothers.html
Punchline,https://www.azlyrics.com/p/punchline.html
PUP,https://www.azlyrics.com/p/pup.html
"Puppini Sisters, The",https://www.azlyrics.com/p/puppinisisters.html
"Purdy, Roy",https://www.azlyrics.com/r/roypurdy.html
pureNRG,https://www.azlyrics.com/p/purenrg.html
Pure Prairie League,https://www.azlyrics.com/p/pureprairieleague.html
Purity Ring,https://www.azlyrics.com/p/purityring.html
PURPLE BECK,https://www.azlyrics.com/p/purplebeck.html
PURPLE KISS,https://www.azlyrics.com/p/purplekiss.html
Purple Mountains,https://www.azlyrics.com/p/purplemountains.html
Puscifer,https://www.azlyrics.com/p/puscifer.html
Pusha T,https://www.azlyrics.com/p/pushat.html
Pusher,https://www.azlyrics.com/p/pusher.html
Pusho,https://www.azlyrics.com/p/pusho.html
Push Play,https://www.azlyrics.com/p/pushplay.html
Pussycat,https://www.azlyrics.com/p/pussycat.html
"Pussycat Dolls, The",https://www.azlyrics.com/p/pussycatdolls.html
PUSSYKILLER,https://www.azlyrics.com/p/pussykiller.html
"Puth, Charlie",https://www.azlyrics.com/c/charlieputh.html
"Puth, Stephen",https://www.azlyrics.com/s/stephenputh.html
"Putri, Feby",https://www.azlyrics.com/f/febyputri.html
PVRIS,https://www.azlyrics.com/p/pvris.html
PWR BTTM,https://www.azlyrics.com/p/pwrbttm.html
PXNDNX,https://www.azlyrics.com/p/pxndnx.html
Pyhimys,https://www.azlyrics.com/p/pyhimys.html
"Pyke, Josh",https://www.azlyrics.com/j/joshpyke.html
Pyogenesis,https://www.azlyrics.com/p/pyogenesis.html
Pyramaze,https://www.azlyrics.com/p/pyramaze.html
Pyrokinesis,https://www.azlyrics.com/p/pyrokinesis.html
P.Y.T.,https://www.azlyrics.com/p/pyt.html
