B1A4,https://www.azlyrics.com/b/b1a4.html
B2K,https://www.azlyrics.com/b/b2k.html
B4-4,https://www.azlyrics.com/b/b44.html
B5,https://www.azlyrics.com/b/b5.html
"B-52's, The",https://www.azlyrics.com/b/b52s.html
Baauer,https://www.azlyrics.com/b/baauer.html
"Babashlı, Nahide",https://www.azlyrics.com/n/nahidebabashl.html
Babek Mamedrzaev (Бабек Мамедрзаев),https://www.azlyrics.com/b/babekmamedrzaev.html
"Babe Rainbow, The",https://www.azlyrics.com/b/baberainbow.html
Baby Aka The #1 Stunna,https://www.azlyrics.com/b/baby.html
Baby Animals,https://www.azlyrics.com/b/babyanimals.html
Baby Ariel,https://www.azlyrics.com/b/babyariel.html
Baby Bash,https://www.azlyrics.com/b/babybash.html
Babybird,https://www.azlyrics.com/b/babybird.html
Baby Cris,https://www.azlyrics.com/b/babycris.html
Babyface,https://www.azlyrics.com/b/babyface.html
Baby Goth,https://www.azlyrics.com/b/babygoth.html
BabyJake,https://www.azlyrics.com/b/babyjake.html
Baby K,https://www.azlyrics.com/b/babyk.html
Baby Kaely,https://www.azlyrics.com/b/babykaely.html
Baby Keem,https://www.azlyrics.com/b/babykeem.html
BABYMETAL,https://www.azlyrics.com/b/babymetal.html
Babyshambles,https://www.azlyrics.com/b/babyshambles.html
Baby Smoove,https://www.azlyrics.com/b/babysmoove.html
"Babys, The",https://www.azlyrics.com/b/babys.html
"Bachman, Tal",https://www.azlyrics.com/t/talbachman.html
Bacilos,https://www.azlyrics.com/b/bacilos.html
back number,https://www.azlyrics.com/b/backnumber.html
Backpack Kid,https://www.azlyrics.com/b/backpackkid.html
Backstreet Boys,https://www.azlyrics.com/b/bsb.html
Backyard Babies,https://www.azlyrics.com/b/backyardbabies.html
Baco Exu Do Blues,https://www.azlyrics.com/b/bacoexudoblues.html
"Bada$$, Joey",https://www.azlyrics.com/j/joeybada.html
Bad Books,https://www.azlyrics.com/b/badbooks.html
Bad Boy Chiller Crew,https://www.azlyrics.com/b/badboychillercrew.html
Bad Boys Blue,https://www.azlyrics.com/b/badboysblue.html
Bad Brains,https://www.azlyrics.com/b/badbrains.html
Bad Bunny,https://www.azlyrics.com/b/badbunny.html
Bad Company,https://www.azlyrics.com/b/badcompany.html
Bad English,https://www.azlyrics.com/b/badenglish.html
Badfinger,https://www.azlyrics.com/b/badfinger.html
Badflower,https://www.azlyrics.com/b/badflower.html
Bad Gyal,https://www.azlyrics.com/b/badgyal.html
Badjer,https://www.azlyrics.com/b/badjer.html
Bad Lip Reading,https://www.azlyrics.com/b/badlipreading.html
Badly Drawn Boy,https://www.azlyrics.com/b/badlydrawnboy.html
Bad Manners,https://www.azlyrics.com/b/badmanners.html
Bad Meets Evil,https://www.azlyrics.com/b/badmeetsevil.html
badmómzjay,https://www.azlyrics.com/b/badmomzjay.html
Bad Omens,https://www.azlyrics.com/b/badomens.html
Bad Religion,https://www.azlyrics.com/b/badreligion.html
"Badriah, Siti",https://www.azlyrics.com/s/sitibadriah.html
Bad Ronald,https://www.azlyrics.com/b/badronald.html
"Badru, Aisha",https://www.azlyrics.com/a/aishabadru.html
Badshah,https://www.azlyrics.com/b/badshah.html
Bad Suns,https://www.azlyrics.com/b/badsuns.html
"Badu, Erykah",https://www.azlyrics.com/b/badu.html
Bad Wolves,https://www.azlyrics.com/b/badwolves.html
Baekhyun,https://www.azlyrics.com/b/baekhyun.html
Baeza,https://www.azlyrics.com/b/baeza.html
"Baez, Joan",https://www.azlyrics.com/j/joanbaez.html
Bag Raiders,https://www.azlyrics.com/b/bagraiders.html
Bahadır Tatlıöz,https://www.azlyrics.com/b/bahadrtatloz.html
Bahamas,https://www.azlyrics.com/b/bahamas.html
Baha Men,https://www.azlyrics.com/b/bahamen.html
Bahari,https://www.azlyrics.com/b/bahari.html
"Bahía, Mike",https://www.azlyrics.com/m/mikebahia.html
Bahja Rodriguez,https://www.azlyrics.com/b/bahjarodriguez.html
"Bailey, Madilyn",https://www.azlyrics.com/m/madilynbailey.html
"Bailey Rae, Corinne",https://www.azlyrics.com/c/corinnebaileyrae.html
"Bailey, Sam",https://www.azlyrics.com/s/sambailey.html
"Bailon, Adrienne",https://www.azlyrics.com/a/adriennebailon.html
Baka Not Nice,https://www.azlyrics.com/b/bakanotnice.html
Bakar,https://www.azlyrics.com/b/bakar.html
"Baker, Anita",https://www.azlyrics.com/a/anitabaker.html
Baker Boy,https://www.azlyrics.com/b/bakerboy.html
"Baker, Julien",https://www.azlyrics.com/j/julienbaker.html
Bakermat,https://www.azlyrics.com/b/bakermat.html
Balance And Composure,https://www.azlyrics.com/b/balanceandcomposure.html
"Baldivino, Jovit",https://www.azlyrics.com/j/jovitbaldivino.html
"Baldridge, Drew",https://www.azlyrics.com/d/drewbaldridge.html
"Baldwin, Devon",https://www.azlyrics.com/d/devonbaldwin.html
"Baldwin, Josh",https://www.azlyrics.com/j/joshbaldwin.html
"Bale, Emma",https://www.azlyrics.com/e/emmabale.html
"Bales, JM",https://www.azlyrics.com/j/jmbales.html
Bali Baby,https://www.azlyrics.com/b/balibaby.html
"Balin, Marty",https://www.azlyrics.com/m/martybalin.html
"Ballard, Ashley",https://www.azlyrics.com/b/ballard.html
"Ballard, Frankie",https://www.azlyrics.com/f/frankieballard.html
"Ballerini, Kelsea",https://www.azlyrics.com/k/kelseaballerini.html
Ball Greezy,https://www.azlyrics.com/b/ballgreezy.html
Ball Park Music,https://www.azlyrics.com/b/ballparkmusic.html
"Ballroom Thieves, The",https://www.azlyrics.com/b/ballroomthieves.html
"Baloche, Paul",https://www.azlyrics.com/p/paulbaloche.html
Balthazar,https://www.azlyrics.com/b/balthazar.html
Baltimora,https://www.azlyrics.com/b/baltimora.html
"Baltimore, Charli",https://www.azlyrics.com/c/charlibaltimore.html
Bamboo,https://www.azlyrics.com/b/bamboo.html
"Bamford, Gord",https://www.azlyrics.com/g/gordbamford.html
Bananarama,https://www.azlyrics.com/b/bananarama.html
"Banawa, Carol",https://www.azlyrics.com/c/carolbanawa.html
Banda El Recodo,https://www.azlyrics.com/b/bandaelrecodo.html
Bandaga,https://www.azlyrics.com/b/bandaga.html
Band Aid 20,https://www.azlyrics.com/b/bandaid20.html
Band Aid 30,https://www.azlyrics.com/b/bandaid30.html
"Band, Alex",https://www.azlyrics.com/a/alexband.html
Banda MS,https://www.azlyrics.com/b/bandams.html
Banda Neira,https://www.azlyrics.com/b/bandaneira.html
Bandang Lapis,https://www.azlyrics.com/b/bandanglapis.html
"Band CAMINO, The",https://www.azlyrics.com/b/bandcamino.html
"Bandi, Chris",https://www.azlyrics.com/c/chrisbandi.html
Bandit Gang Marco,https://www.azlyrics.com/b/banditgangmarco.html
"Band Of Heathens, The",https://www.azlyrics.com/b/bandofheathens.html
Band Of Horses,https://www.azlyrics.com/b/bandofhorses.html
Band Of Skulls,https://www.azlyrics.com/b/bandofskulls.html
Bando Jonez,https://www.azlyrics.com/b/bandojonez.html
"Band Perry, The",https://www.azlyrics.com/b/bandperry.html
"Band, The",https://www.azlyrics.com/b/band.html
Bane's World,https://www.azlyrics.com/b/banesworld.html
"Bang, Fredo",https://www.azlyrics.com/f/fredobang.html
"Bangles, The",https://www.azlyrics.com/b/bangles.html
Bang Ye Dam,https://www.azlyrics.com/b/bangyedam.html
"Banhart, Devendra",https://www.azlyrics.com/d/devendrabanhart.html
Bankrol Hayden,https://www.azlyrics.com/b/bankrolhayden.html
Bankroll Fresh,https://www.azlyrics.com/b/bankroll-fresh.html
Banks,https://www.azlyrics.com/b/banks.html
"Banks, Azealia",https://www.azlyrics.com/a/azealiabanks.html
"Banks, Guordan",https://www.azlyrics.com/g/guordanbanks.html
"Banks, Jacob",https://www.azlyrics.com/j/jacobbanks.html
"Banks, Lloyd",https://www.azlyrics.com/b/banksll.html
"Banks, Tyra",https://www.azlyrics.com/t/tyrabanks.html
Banky W.,https://www.azlyrics.com/b/bankyw.html
"Bannen, Kelleigh",https://www.azlyrics.com/k/kelleighbannen.html
"Banner, David",https://www.azlyrics.com/b/banner.html
BANNERS,https://www.azlyrics.com/b/banners.html
Banoffee,https://www.azlyrics.com/b/banoffee.html
"Bantai, Emiway",https://www.azlyrics.com/e/emiwaybantai.html
Banu Parlak,https://www.azlyrics.com/b/banuparlak.html
Banx & Ranx,https://www.azlyrics.com/b/banxranx.html
B.A.P,https://www.azlyrics.com/b/bap.html
Barasuara,https://www.azlyrics.com/b/barasuara.html
"Baraz, Alina",https://www.azlyrics.com/a/alinabaraz.html
Barbara Lewis,https://www.azlyrics.com/b/barbaralewis.html
Barbara Mandrell,https://www.azlyrics.com/b/barbaramandrell.html
"Barba, Reyli",https://www.azlyrics.com/r/reylibarba.html
"Barber, Edward",https://www.azlyrics.com/e/edwardbarber.html
Barbie Almalbis,https://www.azlyrics.com/b/barbiealmalbis.html
Barbra Streisand,https://www.azlyrics.com/b/barbrastreisand.html
Barcelona,https://www.azlyrics.com/b/barcelona.html
Barclay James Harvest,https://www.azlyrics.com/b/barclayjamesharvest.html
"Barden Bellas, The",https://www.azlyrics.com/b/bardenbellas.html
Bardero$,https://www.azlyrics.com/b/barderos.html
Bardot,https://www.azlyrics.com/b/bardot.html
"Bareilles, Sara",https://www.azlyrics.com/s/sarabareilles.html
Barenaked Ladies,https://www.azlyrics.com/b/barenaked.html
"Barker, Travis",https://www.azlyrics.com/t/travisbarker.html
Barlito,https://www.azlyrics.com/b/barlito.html
"Barlow, Abigail",https://www.azlyrics.com/a/abigailbarlow.html
"Barlow, Gary",https://www.azlyrics.com/g/garybarlow.html
Barlow Girl,https://www.azlyrics.com/b/barlowgirl.html
"Barnes, Dave",https://www.azlyrics.com/d/davebarnes.html
"Barnes, Jimmy",https://www.azlyrics.com/j/jimmybarnes.html
"Barnes, Luther",https://www.azlyrics.com/l/lutherbarnes.html
"Barnett, Courtney",https://www.azlyrics.com/c/courtneybarnett.html
Barns Courtney,https://www.azlyrics.com/b/barnscourtney.html
Baroness,https://www.azlyrics.com/b/baroness.html
"Barrett, Gabby",https://www.azlyrics.com/g/gabbybarrett.html
"Barrett, Nessa",https://www.azlyrics.com/n/nessabarrett.html
"Barrett, Pat",https://www.azlyrics.com/p/patbarrett.html
"Barrett, Syd",https://www.azlyrics.com/s/sydbarrett.html
Barrington Levy,https://www.azlyrics.com/b/barringtonlevy.html
"Barrino, Fantasia",https://www.azlyrics.com/b/barrino.html
"Barrios, Sarah",https://www.azlyrics.com/s/sarahbarrios.html
"Barros, Aline",https://www.azlyrics.com/a/alinebarros.html
Barry Gibb,https://www.azlyrics.com/b/barrygibb.html
Barry Manilow,https://www.azlyrics.com/b/barrymanilow.html
Barry McGuire,https://www.azlyrics.com/b/barrymcguire.html
Barry White,https://www.azlyrics.com/b/barrywhite.html
Bars And Melody,https://www.azlyrics.com/b/barsandmelody.html
Bart Baker,https://www.azlyrics.com/b/bartbaker.html
"Bartels, Jayden",https://www.azlyrics.com/j/jaydenbartels.html
"Barthe, Stacy",https://www.azlyrics.com/s/stacybarthe.html
"Bartolome, Donnalyn",https://www.azlyrics.com/d/donnalynbartolome.html
"Barus, Dipha",https://www.azlyrics.com/d/diphabarus.html
Bas,https://www.azlyrics.com/b/bas.html
Basement,https://www.azlyrics.com/b/basement.html
Basement Jaxx,https://www.azlyrics.com/b/basementjaxx.html
"Basham, Austin",https://www.azlyrics.com/a/austinbasham.html
"Bashi, Kishi",https://www.azlyrics.com/k/kishibashi.html
Basia,https://www.azlyrics.com/b/basia.html
Basic Boy,https://www.azlyrics.com/b/basicboy.html
"Basil, Toni",https://www.azlyrics.com/t/tonibasil.html
Basil Valdez,https://www.azlyrics.com/b/basilvaldez.html
"Bassett, Joshua",https://www.azlyrics.com/j/joshuabassett.html
"Bassey, Nathaniel",https://www.azlyrics.com/n/nathanielbassey.html
"Bassey, Shirley",https://www.azlyrics.com/s/shirleybassey.html
Basshunter,https://www.azlyrics.com/b/basshunter.html
"Bassingthwaighte, Natalie",https://www.azlyrics.com/n/nataliebassingthwaighte.html
Bassjackers,https://www.azlyrics.com/b/bassjackers.html
Bassnectar,https://www.azlyrics.com/b/bassnectar.html
Bass Santana,https://www.azlyrics.com/b/basssantana.html
Basta (Баста),https://www.azlyrics.com/b/basta.html
"Bastık, Zeynep",https://www.azlyrics.com/z/zeynepbastk.html
Bastille,https://www.azlyrics.com/b/bastille.html
BATE,https://www.azlyrics.com/b/bate.html
"Bates, Greg",https://www.azlyrics.com/g/gregbates.html
"Batey, Joey",https://www.azlyrics.com/j/joeybatey.html
Bat For Lashes,https://www.azlyrics.com/b/batforlashes.html
"Battistelli, Francesca",https://www.azlyrics.com/f/francescabattistelli.html
Battle Beast,https://www.azlyrics.com/b/battlebeast.html
"Battles, Mark",https://www.azlyrics.com/m/markbattles.html
"Batur, Enes",https://www.azlyrics.com/e/enesbatur.html
Bauhaus,https://www.azlyrics.com/b/bauhaus.html
Bausa,https://www.azlyrics.com/b/bausa.html
"Baute, Carlos",https://www.azlyrics.com/c/carlosbaute.html
"Bautista, Christian",https://www.azlyrics.com/c/christianbautista.html
"Bautista, Mario",https://www.azlyrics.com/m/mariobautista.html
Bawal Clan,https://www.azlyrics.com/b/bawalclan.html
Baxter Dury,https://www.azlyrics.com/b/baxterdury.html
"Baxter, Rayland",https://www.azlyrics.com/r/raylandbaxter.html
Bay City Rollers,https://www.azlyrics.com/b/baycityrollers.html
Bay Faction,https://www.azlyrics.com/b/bayfaction.html
"Bay, James",https://www.azlyrics.com/j/jamesbay.html
BAYNK,https://www.azlyrics.com/b/baynk.html
Bayside,https://www.azlyrics.com/b/bayside.html
"Baytan, Onur",https://www.azlyrics.com/o/onurbaytan.html
Bazanji,https://www.azlyrics.com/b/bazanji.html
Bazzi,https://www.azlyrics.com/b/bazzi.html
B.B. King,https://www.azlyrics.com/b/bbking.html
BBMak,https://www.azlyrics.com/b/bbmak.html
bbno$,https://www.azlyrics.com/b/bbno.html
BbyMutha,https://www.azlyrics.com/b/bbymutha.html
beabadoobee,https://www.azlyrics.com/b/beabadoobee.html
Beach Boys,https://www.azlyrics.com/b/beachboys.html
Beach Bunny,https://www.azlyrics.com/b/beachbunny.html
"Beaches, The",https://www.azlyrics.com/b/beaches.html
Beach Fossils,https://www.azlyrics.com/b/beachfossils.html
Beach Goons,https://www.azlyrics.com/b/beachgoons.html
Beach House,https://www.azlyrics.com/b/beachhouse.html
Beach Weather,https://www.azlyrics.com/b/beachweather.html
Beady Eye,https://www.azlyrics.com/b/beadyeye.html
Bea Miller,https://www.azlyrics.com/b/beamiller.html
Beanie Sigel,https://www.azlyrics.com/b/beaniesigel.html
"Bean, Jazmin",https://www.azlyrics.com/j/jazminbean.html
"Bean, Nick",https://www.azlyrics.com/n/nickbean.html
Bear Hands,https://www.azlyrics.com/b/bearhands.html
Bear's Den,https://www.azlyrics.com/b/bearsden.html
Beartooth,https://www.azlyrics.com/b/beartooth.html
Beast Coast,https://www.azlyrics.com/b/beastcoast.html
Beastie Boys,https://www.azlyrics.com/b/beastie.html
Beast In Black,https://www.azlyrics.com/b/beastinblack.html
Beatenberg,https://www.azlyrics.com/b/beatenberg.html
"Beathard, Tucker",https://www.azlyrics.com/t/tuckerbeathard.html
BeatKing,https://www.azlyrics.com/b/beatking.html
"Beatles, The",https://www.azlyrics.com/b/beatles.html
"Beatty, Ryan",https://www.azlyrics.com/r/ryanbeatty.html
Beau Ryan,https://www.azlyrics.com/b/beauryan.html
Beautiful Eulogy,https://www.azlyrics.com/b/beautifuleulogy.html
"Beautiful South, The",https://www.azlyrics.com/b/beautifulsouth.html
BEBA,https://www.azlyrics.com/b/beba.html
Bebe,https://www.azlyrics.com/b/bebe.html
BeBe & CeCe Winans,https://www.azlyrics.com/b/bebececewinans.html
Bebe Rexha,https://www.azlyrics.com/b/beberexha.html
BeBe Winans,https://www.azlyrics.com/b/bebewinans.html
Because,https://www.azlyrics.com/b/because.html
Becca,https://www.azlyrics.com/b/becca.html
"Becerra, Maria",https://www.azlyrics.com/m/mariabecerra.html
Beck,https://www.azlyrics.com/b/beck.html
"Beckett, William",https://www.azlyrics.com/w/williambeckett.html
"Beckham, Victoria",https://www.azlyrics.com/b/beckham.html
"Beck, Jeff",https://www.azlyrics.com/j/jeffbeck.html
Becky G,https://www.azlyrics.com/b/beckyg.html
Becky Hill,https://www.azlyrics.com/b/beckyhill.html
"Bedingfield, Daniel",https://www.azlyrics.com/b/bedingfield.html
"Bedingfield, Natasha",https://www.azlyrics.com/b/bedingfieldn.html
Bedoes,https://www.azlyrics.com/b/bedoes.html
Bedouine,https://www.azlyrics.com/b/bedouine.html
"Bee, Gabriela",https://www.azlyrics.com/g/gabrielabee.html
Bee Gees,https://www.azlyrics.com/b/beegees.html
Beéle,https://www.azlyrics.com/b/beele.html
Beenie Man,https://www.azlyrics.com/b/beenieman.html
"Beer, Madison",https://www.azlyrics.com/m/madisonbeer.html
Beetlejuice Original Broadway Cast,https://www.azlyrics.com/b/beetlejuiceoriginalbroadwaycast.html
Before Their Eyes,https://www.azlyrics.com/b/beforetheireyes.html
Before Today,https://www.azlyrics.com/b/beforetoday.html
Before You Exit,https://www.azlyrics.com/b/beforeyouexit.html
BEGE,https://www.azlyrics.com/b/bege.html
Beginner,https://www.azlyrics.com/b/beginner.html
Behemoth,https://www.azlyrics.com/b/behemoth.html
BEHM,https://www.azlyrics.com/b/behm.html
Bei Maejor,https://www.azlyrics.com/b/beimaejor.html
Being As An Ocean,https://www.azlyrics.com/b/beingasanocean.html
Beirut,https://www.azlyrics.com/b/beirut.html
"Belafonte, Harry",https://www.azlyrics.com/h/harrybelafonte.html
Be'lakor,https://www.azlyrics.com/b/belakor.html
Bela Padilla,https://www.azlyrics.com/b/belapadilla.html
Belinda,https://www.azlyrics.com/b/belinda.html
Belinda Carlisle,https://www.azlyrics.com/b/belindacarlisle.html
Bella Ferraro,https://www.azlyrics.com/b/bellaferraro.html
"Bellamy Brothers, The",https://www.azlyrics.com/b/bellamybrothers.html
Bella Thorne,https://www.azlyrics.com/b/bellathorne.html
Bell Biv Devoe,https://www.azlyrics.com/b/bellbivdevoe.html
"Bell, Drake",https://www.azlyrics.com/d/drakebell.html
"Belle, Andrew",https://www.azlyrics.com/a/andrewbelle.html
"Belle Brigade, The",https://www.azlyrics.com/b/bellebrigade.html
Belle Delphine,https://www.azlyrics.com/b/belledelphine.html
Bellefire,https://www.azlyrics.com/b/bellefire.html
"Belle, Regina",https://www.azlyrics.com/r/reginabelle.html
Belle & Sebastian,https://www.azlyrics.com/b/bellesebastian.html
"Bellinger, Eric",https://www.azlyrics.com/e/ericbellinger.html
"Bellion, Jon",https://www.azlyrics.com/j/jonbellion.html
"Bell, Kristen",https://www.azlyrics.com/k/kristenbell.html
Belly,https://www.azlyrics.com/b/belly.html
Belly Squad,https://www.azlyrics.com/b/bellysquad.html
Belmont,https://www.azlyrics.com/b/belmont.html
"Belonging Co, The",https://www.azlyrics.com/b/belongingco.html
"Beloved, The",https://www.azlyrics.com/b/beloved.html
Belphegor,https://www.azlyrics.com/b/belphegor.html
Belzebubs,https://www.azlyrics.com/b/belzebubs.html
Be More Chill Cast,https://www.azlyrics.com/b/bemorechillcast.html
BEN,https://www.azlyrics.com/b/ben.html
Benab,https://www.azlyrics.com/b/benab.html
Ben Abraham,https://www.azlyrics.com/b/benabraham.html
Benash,https://www.azlyrics.com/b/benash.html
"Benatar, Pat",https://www.azlyrics.com/p/patbenatar.html
Ben & Ben,https://www.azlyrics.com/b/benben.html
Ben Cocks,https://www.azlyrics.com/b/bencocks.html
"Bendzko, Tim",https://www.azlyrics.com/t/timbendzko.html
Beneath The Massacre,https://www.azlyrics.com/b/beneaththemassacre.html
Benediction,https://www.azlyrics.com/b/benediction.html
BENEE,https://www.azlyrics.com/b/benee.html
Ben E. King,https://www.azlyrics.com/b/beneking.html
"Benet, Eric",https://www.azlyrics.com/b/benet.html
Ben Fero,https://www.azlyrics.com/b/benfero.html
Ben Folds,https://www.azlyrics.com/f/folds.html
Ben Folds Five,https://www.azlyrics.com/b/benfolds.html
Ben Haenow,https://www.azlyrics.com/b/benhaenow.html
Ben Harper,https://www.azlyrics.com/h/harper.html
Ben Hazlewood,https://www.azlyrics.com/b/benhazlewood.html
Ben Howard,https://www.azlyrics.com/b/benhoward.html
"Benin, Clara",https://www.azlyrics.com/c/clarabenin.html
Benislav,https://www.azlyrics.com/b/benislav.html
"Benjamin, Alec",https://www.azlyrics.com/a/alecbenjamin.html
Benjamin Clementine,https://www.azlyrics.com/b/benjaminclementine.html
Benjamin Francis Leftwich,https://www.azlyrics.com/b/benjaminfrancisleftwich.html
Benjamin Gibbard,https://www.azlyrics.com/b/benjamingibbard.html
Benjamin Ingrosso,https://www.azlyrics.com/b/benjaminingrosso.html
Ben Jelen,https://www.azlyrics.com/j/jelen.html
Benji & Fede,https://www.azlyrics.com/b/benjifede.html
Benji Lewis,https://www.azlyrics.com/b/benjilewis.html
"Benko, Jess",https://www.azlyrics.com/j/jessbenko.html
Ben Kweller,https://www.azlyrics.com/k/kweller.html
Ben Ladin,https://www.azlyrics.com/b/benladin.html
Ben Lee,https://www.azlyrics.com/b/benlee.html
"Bennett, Taylor",https://www.azlyrics.com/t/taylorbennett.html
"Bennett, Tony",https://www.azlyrics.com/t/tonybennett.html
Benny Benassi,https://www.azlyrics.com/b/bennybenassi.html
benny blanco,https://www.azlyrics.com/b/bennyblanco.html
Benny Mardones,https://www.azlyrics.com/b/bennymardones.html
Benny The Butcher,https://www.azlyrics.com/b/bennythebutcher.html
Ben Pearce,https://www.azlyrics.com/b/benpearce.html
Ben Phipps,https://www.azlyrics.com/b/benphipps.html
Ben Platt,https://www.azlyrics.com/b/benplatt.html
Ben Rector,https://www.azlyrics.com/b/benrector.html
Ben Rue,https://www.azlyrics.com/b/benrue.html
Ben Sihombing,https://www.azlyrics.com/b/bensihombing.html
"Benson, George",https://www.azlyrics.com/g/georgebenson.html
"Bentley, Dierks",https://www.azlyrics.com/b/bentley.html
"Benton, Jarren",https://www.azlyrics.com/j/jarrenbenton.html
"Benward, Luke",https://www.azlyrics.com/l/lukebenward.html
Benzi,https://www.azlyrics.com/b/benzi.html
Benzino,https://www.azlyrics.com/b/benzino.html
"Berdin, Janine",https://www.azlyrics.com/j/janineberdin.html
Beres Hammond,https://www.azlyrics.com/b/bereshammond.html
Beret,https://www.azlyrics.com/b/beret.html
"Bergan, Julie",https://www.azlyrics.com/j/juliebergan.html
"Berg, Tim",https://www.azlyrics.com/t/timberg.html
Berhana,https://www.azlyrics.com/b/berhana.html
Berlin,https://www.azlyrics.com/b/berlin.html
Bernard Fanning,https://www.azlyrics.com/b/bernardfanning.html
"Bernat, Jeff",https://www.azlyrics.com/j/jeffbernat.html
Berner,https://www.azlyrics.com/b/berner.html
Bernice West,https://www.azlyrics.com/b/bernicewest.html
"Berninger, Matt",https://www.azlyrics.com/m/mattberninger.html
"Berry, Chuck",https://www.azlyrics.com/c/chuckberry.html
"Berry, Maleek",https://www.azlyrics.com/m/maleekberry.html
Bertie Higgins,https://www.azlyrics.com/b/bertiehiggins.html
"Besari, Fiersa",https://www.azlyrics.com/f/fiersabesari.html
Besomorph,https://www.azlyrics.com/b/besomorph.html
Best Coast,https://www.azlyrics.com/b/bestcoast.html
Beta Radio,https://www.azlyrics.com/b/betaradio.html
Beteo,https://www.azlyrics.com/b/beteo.html
Bethany Dillon,https://www.azlyrics.com/d/dillon.html
Bethany Joy Lenz,https://www.azlyrics.com/b/bethanyjoylenz.html
Bethany Mota,https://www.azlyrics.com/b/bethanymota.html
Beth Crowley,https://www.azlyrics.com/b/bethcrowley.html
Beth Ditto,https://www.azlyrics.com/b/bethditto.html
Bethel Music,https://www.azlyrics.com/b/bethelmusic.html
Beth Hart,https://www.azlyrics.com/b/bethhart.html
Beth Orton,https://www.azlyrics.com/b/bethorton.html
Betraying The Martyrs,https://www.azlyrics.com/b/betrayingthemartyrs.html
Betta Lemme,https://www.azlyrics.com/b/bettalemme.html
Bette Midler,https://www.azlyrics.com/m/midler.html
Better Days,https://www.azlyrics.com/b/betterdays.html
Better Oblivion Community Center,https://www.azlyrics.com/b/betteroblivioncommunitycenter.html
Better Than Ezra,https://www.azlyrics.com/b/better.html
Betty Idol,https://www.azlyrics.com/b/bettyidol.html
Betty Who,https://www.azlyrics.com/b/bettywho.html
Betty Wright,https://www.azlyrics.com/b/bettywright.html
Between The Buried And Me,https://www.azlyrics.com/b/betweentheburiedandme.html
Between The Trees,https://www.azlyrics.com/b/betweenthetrees.html
Between You & Me,https://www.azlyrics.com/b/betweenyoume.html
"Beu Sisters, The",https://www.azlyrics.com/b/beusisters.html
Beverley Knight,https://www.azlyrics.com/b/beverley.html
Beverley Mitchell,https://www.azlyrics.com/b/beverleymitchell.html
be vis,https://www.azlyrics.com/b/bevis.html
Beware Of Darkness,https://www.azlyrics.com/b/bewareofdarkness.html
Be Well,https://www.azlyrics.com/b/bewell.html
BEXEY,https://www.azlyrics.com/b/bexey.html
Beyazz,https://www.azlyrics.com/b/beyazz.html
"Beydemir, Ufuk",https://www.azlyrics.com/u/ufukbeydemir.html
Beyonce,https://www.azlyrics.com/k/knowles.html
Beyond The Black,https://www.azlyrics.com/b/beyondtheblack.html
Beyond Unbroken,https://www.azlyrics.com/b/beyondunbroken.html
Bezczel,https://www.azlyrics.com/b/bezczel.html
BgA,https://www.azlyrics.com/b/bga.html
B.G.,https://www.azlyrics.com/b/bg.html
Bhad Bhabie,https://www.azlyrics.com/b/bhadbhabie.html
Bhavi,https://www.azlyrics.com/b/bhavi.html
BHZ,https://www.azlyrics.com/b/bhz.html
Białas,https://www.azlyrics.com/b/bialas.html
Bianca Ryan,https://www.azlyrics.com/b/biancaryan.html
Bibi Bourelly,https://www.azlyrics.com/b/bibibourelly.html
Bibio,https://www.azlyrics.com/b/bibio.html
Bic Runga,https://www.azlyrics.com/b/bicrunga.html
"Bieber, Justin",https://www.azlyrics.com/j/justinbieber.html
Biffy Clyro,https://www.azlyrics.com/b/biffyclyro.html
Bif Naked,https://www.azlyrics.com/n/naked.html
Big 10-4,https://www.azlyrics.com/b/big104.html
Big Audio Dynamite,https://www.azlyrics.com/b/bigaudiodynamite.html
Big Baby Tape,https://www.azlyrics.com/b/bigbabytape.html
BIGBANG,https://www.azlyrics.com/b/bigbang.html
Big Black,https://www.azlyrics.com/b/bigblack.html
Big Black Delta,https://www.azlyrics.com/b/bigblackdelta.html
Big Boi,https://www.azlyrics.com/b/bigboi.html
Big Brovaz,https://www.azlyrics.com/b/bigbrovaz.html
Big Country,https://www.azlyrics.com/b/bigcountry.html
Big Daddy Weave,https://www.azlyrics.com/b/bigdaddyweave.html
Big Data,https://www.azlyrics.com/b/bigdata.html
Big Dismal,https://www.azlyrics.com/b/bigdismal.html
Bigflo & Oli,https://www.azlyrics.com/b/bigflooli.html
Big Freedia,https://www.azlyrics.com/b/bigfreedia.html
Big Gigantic,https://www.azlyrics.com/b/big-gigantic.html
Big Grams,https://www.azlyrics.com/b/biggrams.html
Big Head Todd And The Monsters,https://www.azlyrics.com/b/bigheadtoddandthemonsters.html
Big Kenny,https://www.azlyrics.com/b/bigkenny.html
BIGkids,https://www.azlyrics.com/b/bigkids.html
BigKlit,https://www.azlyrics.com/b/bigklit.html
Big K.R.I.T.,https://www.azlyrics.com/b/bigkrit.html
Big L,https://www.azlyrics.com/b/bigl.html
"Big Moon, The",https://www.azlyrics.com/b/bigmoon.html
Big Mountain,https://www.azlyrics.com/b/bigmountain.html
Big Narstie,https://www.azlyrics.com/b/bignarstie.html
"Big Pink, The",https://www.azlyrics.com/b/bigpink.html
Big Punisher,https://www.azlyrics.com/b/bigpun.html
Big & Rich,https://www.azlyrics.com/b/bigrich.html
Big Sean,https://www.azlyrics.com/b/bigsean.html
Big Shaq,https://www.azlyrics.com/b/bigshaq.html
BIG SMO,https://www.azlyrics.com/b/bigsmo.html
Big Soto,https://www.azlyrics.com/b/bigsoto.html
Big Star,https://www.azlyrics.com/b/bigstar.html
Big Thief,https://www.azlyrics.com/b/bigthief.html
Big Time Rush,https://www.azlyrics.com/b/bigtimerush.html
Big $tunt,https://www.azlyrics.com/b/bigstunt.html
Big Tymers,https://www.azlyrics.com/b/bigtymers.html
Big Wild,https://www.azlyrics.com/b/bigwild.html
Big Wreck,https://www.azlyrics.com/b/bigwreck.html
Bikini Kill,https://www.azlyrics.com/b/bikinikill.html
Bilal,https://www.azlyrics.com/b/bilal.html
Bilal Hassani,https://www.azlyrics.com/b/bilalhassani.html
Bilal Wahib,https://www.azlyrics.com/b/bilalwahib.html
Bilderbuch,https://www.azlyrics.com/b/bilderbuch.html
BILIK (БИЛИК),https://www.azlyrics.com/b/bilik.html
Bill Callahan,https://www.azlyrics.com/b/billcallahan.html
Billie Eilish,https://www.azlyrics.com/b/billieeilish.html
Billie Holiday,https://www.azlyrics.com/b/billieholiday.html
Billie Joe Armstrong,https://www.azlyrics.com/b/billiejoearmstrong.html
Billie Marten,https://www.azlyrics.com/b/billiemarten.html
Bill Withers,https://www.azlyrics.com/b/billwithers.html
Billy Boyd,https://www.azlyrics.com/b/billyboyd.html
Billy Bragg,https://www.azlyrics.com/b/billybragg.html
Billy Corgan,https://www.azlyrics.com/b/billycorgan.html
Billy Crawford,https://www.azlyrics.com/b/billycrawford.html
Billy Currington,https://www.azlyrics.com/b/billycurrington.html
Billy Dean,https://www.azlyrics.com/b/billydean.html
Billy Gilman,https://www.azlyrics.com/g/gilman.html
Billy Idol,https://www.azlyrics.com/i/idol.html
Billy Joel,https://www.azlyrics.com/b/billyjoel.html
Billy Joe Shaver,https://www.azlyrics.com/b/billyjoeshaver.html
Billy Lockett,https://www.azlyrics.com/b/billylockett.html
Billy Marchiafava,https://www.azlyrics.com/b/billymarchiafava.html
Billy Ocean,https://www.azlyrics.com/b/billyocean.html
Billy Paul,https://www.azlyrics.com/b/billypaul.html
Billy Preston,https://www.azlyrics.com/b/billypreston.html
Billy Raffoul,https://www.azlyrics.com/b/billyraffoul.html
Billy Ray Cyrus,https://www.azlyrics.com/b/billyraycyrus.html
Billy Squier,https://www.azlyrics.com/b/billysquier.html
Billy Strings,https://www.azlyrics.com/b/billystrings.html
Billy Swan,https://www.azlyrics.com/b/billyswan.html
Billy Talent,https://www.azlyrics.com/b/billytalent.html
Bing Crosby,https://www.azlyrics.com/b/bingcrosby.html
"Bingham, Ryan",https://www.azlyrics.com/r/ryanbingham.html
Bingo Players,https://www.azlyrics.com/b/bingoplayers.html
Binocular,https://www.azlyrics.com/b/binocular.html
Binz,https://www.azlyrics.com/b/binz.html
Bipolar Sunshine,https://www.azlyrics.com/b/bipolarsunshine.html
"Birch, Diane",https://www.azlyrics.com/d/dianebirch.html
"Bird, Andrew",https://www.azlyrics.com/a/andrewbird.html
"Bird And The Bee, The",https://www.azlyrics.com/b/birdandthebee.html
"Bird, Jade",https://www.azlyrics.com/j/jadebird.html
Birdman,https://www.azlyrics.com/b/birdman.html
Birds Of Tokyo,https://www.azlyrics.com/b/birdsoftokyo.html
Birdtalker,https://www.azlyrics.com/b/birdtalker.html
Birdy,https://www.azlyrics.com/b/birdy.html
"Birla, Ananya",https://www.azlyrics.com/a/ananyabirla.html
"Birthday Massacre, The",https://www.azlyrics.com/b/birthdaymassacre.html
"Bisbal, David",https://www.azlyrics.com/d/davidbisbal.html
Bishop,https://www.azlyrics.com/b/bishop.html
Bishop Briggs,https://www.azlyrics.com/b/bishopbriggs.html
"Bishop, Elvin",https://www.azlyrics.com/e/elvinbishop.html
Bishop Gunn,https://www.azlyrics.com/b/bishopgunn.html
"Bishop, Stephen",https://www.azlyrics.com/s/stephenbishop.html
Bizarrap,https://www.azlyrics.com/b/bizarrap.html
Biz Markie,https://www.azlyrics.com/b/bizmarkie.html
"Bizu, Izzy",https://www.azlyrics.com/i/izzybizu.html
Bizzey,https://www.azlyrics.com/b/bizzey.html
Bizzle,https://www.azlyrics.com/b/bizzle.html
Bizzy Banks,https://www.azlyrics.com/b/bizzybanks.html
Bizzy Bone,https://www.azlyrics.com/b/bizzybone.html
Bjork,https://www.azlyrics.com/b/bjork.html
BJ The Chicago Kid,https://www.azlyrics.com/b/bjthechicagokid.html
B.J. Thomas,https://www.azlyrics.com/b/bjthomas.html
BK',https://www.azlyrics.com/b/bk.html
BLACHA,https://www.azlyrics.com/b/blacha.html
Black,https://www.azlyrics.com/b/black.html
Blackalicious,https://www.azlyrics.com/b/blackalicious.html
"Black, Amanda",https://www.azlyrics.com/a/amandablack.html
"Black, Andy",https://www.azlyrics.com/a/andyblack.html
"Black Angels, The",https://www.azlyrics.com/b/blackangels.html
Black Atlass,https://www.azlyrics.com/b/blackatlass.html
blackbear,https://www.azlyrics.com/b/blackbear.html
Blackberry Smoke,https://www.azlyrics.com/b/blackberrysmoke.html
Black Box,https://www.azlyrics.com/b/blackbox.html
Blackbriar,https://www.azlyrics.com/b/blackbriar.html
Black Buddafly,https://www.azlyrics.com/b/blackbuddafly.html
"Blackburn, Tyler",https://www.azlyrics.com/t/tylerblackburn.html
BlackByrd,https://www.azlyrics.com/b/blackbyrd.html
"Black, Cilla",https://www.azlyrics.com/c/cillablack.html
"Black, Clint",https://www.google.com/search?q=clint+black+lyrics
Black Coast,https://www.azlyrics.com/b/blackcoast.html
Black Coffee,https://www.azlyrics.com/b/blackcoffee.html
Black Country Communion,https://www.azlyrics.com/b/blackcountrycommunion.html
"Black Crowes, The",https://www.azlyrics.com/b/blackcrowes.html
"Black Dahlia Murder, The",https://www.azlyrics.com/b/blackdahliamurder.html
"Black, Dan",https://www.azlyrics.com/d/danblack.html
"Blackery, Emma",https://www.azlyrics.com/e/emmablackery.html
Black Eyed Peas,https://www.azlyrics.com/b/blackeyedpeas.html
Blackfield,https://www.azlyrics.com/b/blackfield.html
Black Flag,https://www.azlyrics.com/b/blackflag.html
Blackfoot,https://www.azlyrics.com/b/blackfoot.html
"Black, Frank",https://www.azlyrics.com/f/frankblack.html
"Black, Gabriel",https://www.azlyrics.com/g/gabrielblack.html
"Black Ghosts, The",https://www.azlyrics.com/b/blackghosts.html
BlackHawk,https://www.azlyrics.com/b/blackhawk.html
Black Hippy,https://www.azlyrics.com/b/blackhippy.html
Black Honey,https://www.azlyrics.com/b/blackhoney.html
Blackjack Billy,https://www.azlyrics.com/b/blackjackbilly.html
"Black, Joseph",https://www.azlyrics.com/j/josephblack.html
"Black Keys, The",https://www.azlyrics.com/b/blackkeys.html
Black Kids,https://www.azlyrics.com/b/blackkids.html
Black Lab,https://www.azlyrics.com/b/blacklab.html
Black Label Society,https://www.azlyrics.com/b/blacklabelsociety.html
Black Light Burns,https://www.azlyrics.com/b/blacklightburns.html
Black Lips,https://www.azlyrics.com/b/blacklips.html
Blacklisted Me,https://www.azlyrics.com/b/blacklistedme.html
Blacklite District,https://www.azlyrics.com/b/blacklitedistrict.html
Black M,https://www.azlyrics.com/b/blackm.html
"Black, Mary",https://www.azlyrics.com/m/maryblack.html
Black Milk,https://www.azlyrics.com/b/blackmilk.html
"Blackmore, Ginny",https://www.azlyrics.com/g/ginnyblackmore.html
Blackmore's Night,https://www.azlyrics.com/b/blackmoresnight.html
Black Oak Arkansas,https://www.azlyrics.com/b/blackoakarkansas.html
"Blackout, The",https://www.azlyrics.com/b/blackout.html
Black Peaks,https://www.azlyrics.com/b/blackpeaks.html
BLACKPINK,https://www.azlyrics.com/b/blackpink.html
Black Pistol Fire,https://www.azlyrics.com/b/blackpistolfire.html
Black Pumas,https://www.azlyrics.com/b/blackpumas.html
"Black, Rebecca",https://www.azlyrics.com/r/rebeccablack.html
Black Rebel Motorcycle Club,https://www.azlyrics.com/b/blackrebelmotorcycleclub.html
Black Sabbath,https://www.azlyrics.com/b/blacksabbath.html
"Black Sorrows, The",https://www.azlyrics.com/b/blacksorrows.html
Black Star,https://www.azlyrics.com/b/blackstar.html
Black Star Riders,https://www.azlyrics.com/b/blackstarriders.html
Black Stone Cherry,https://www.azlyrics.com/b/blackstonecherry.html
Blackstreet,https://www.azlyrics.com/b/blackstreet.html
Black Swan,https://www.azlyrics.com/b/blackswan.html
Black Thought,https://www.azlyrics.com/b/blackthought.html
Black Tide,https://www.azlyrics.com/b/blacktide.html
Blacktop Mojo,https://www.azlyrics.com/b/blacktopmojo.html
Black Veil Brides,https://www.azlyrics.com/b/blackveilbrides.html
"Black, William",https://www.azlyrics.com/w/williamblack.html
Blac Youngsta,https://www.azlyrics.com/b/blac-youngsta.html
Blade Brown,https://www.azlyrics.com/b/bladebrown.html
Bladee,https://www.azlyrics.com/b/bladee.html
"Blaine, Jason",https://www.azlyrics.com/j/jasonblaine.html
Blaine Larsen,https://www.azlyrics.com/b/blainelarsen.html
"Blaine, Sarah",https://www.azlyrics.com/s/sarahblaine.html
"Blair, Roy",https://www.azlyrics.com/r/royblair.html
Blaise Moore,https://www.azlyrics.com/b/blaisemoore.html
Blai$y,https://www.azlyrics.com/b/blaiy.html
BLAKE,https://www.azlyrics.com/b/blake.html
"Blake, Elijah",https://www.azlyrics.com/e/elijahblake.html
"Blake, James",https://www.azlyrics.com/j/jamesblake.html
Blake Lewis,https://www.azlyrics.com/b/blakelewis.html
Blake McGrath,https://www.azlyrics.com/b/blakemcgrath.html
Blake Rose,https://www.azlyrics.com/b/blakerose.html
Blake Shelton,https://www.azlyrics.com/b/blakeshelton.html
"Blakk, Forest",https://www.azlyrics.com/f/forestblakk.html
Blanca,https://www.azlyrics.com/b/blanca.html
"Blanchard, Rowan",https://www.azlyrics.com/r/rowanblanchard.html
Blanche,https://www.azlyrics.com/b/blanche.html
"Blanc, Lola",https://www.azlyrics.com/l/lolablanc.html
Blancmange,https://www.azlyrics.com/b/blancmange.html
Blanco Brown,https://www.azlyrics.com/b/blancobrown.html
"Blanco, Rico",https://www.azlyrics.com/r/ricoblanco.html
Blanco White,https://www.azlyrics.com/b/blancowhite.html
Blaqk Audio,https://www.azlyrics.com/b/blaqkaudio.html
Blaque,https://www.azlyrics.com/b/blaque.html
"Blaze, Ricky",https://www.azlyrics.com/r/rickyblaze.html
Blaze Ya Dead Homie,https://www.azlyrics.com/b/blazeyadeadhomie.html
Blazin' Squad,https://www.azlyrics.com/b/blazin.html
Bleachers,https://www.azlyrics.com/b/bleachers.html
Bleed From Within,https://www.azlyrics.com/b/bleedfromwithin.html
Bleeding Through,https://www.azlyrics.com/b/bleedingthrough.html
Blessid Union Of Souls,https://www.azlyrics.com/b/blessid.html
Blessthefall,https://www.azlyrics.com/b/blessthefall.html
"Bleu, Corbin",https://www.azlyrics.com/c/corbinbleu.html
"Blige, Mary J",https://www.azlyrics.com/b/blige.html
Blind Faith,https://www.azlyrics.com/b/blindfaith.html
Blind Guardian,https://www.azlyrics.com/b/blindguardian.html
Blind Melon,https://www.azlyrics.com/b/blindmelon.html
Blind Pilot,https://www.azlyrics.com/b/blindpilot.html
BLIND.SEE,https://www.azlyrics.com/b/blindsee.html
Blindside,https://www.azlyrics.com/b/blindside.html
Blindwish,https://www.azlyrics.com/b/blindwish.html
Blink-182,https://www.azlyrics.com/b/blink.html
Bliss n Eso,https://www.azlyrics.com/b/blissneso.html
Blizzy,https://www.azlyrics.com/b/blizzy.html
BlocBoy JB,https://www.azlyrics.com/b/blocboyjb.html
Block B,https://www.azlyrics.com/b/blockb.html
Block Buster,https://www.azlyrics.com/b/blockbuster.html
Bloc Party.,https://www.azlyrics.com/b/blocparty.html
BLØF,https://www.azlyrics.com/b/blof.html
Blonde,https://www.azlyrics.com/b/blonde.html
Blonde Redhead,https://www.azlyrics.com/b/blonderedhead.html
Blondie,https://www.azlyrics.com/b/blondie.html
Bloodbath,https://www.azlyrics.com/b/bloodbath.html
Bloodbound,https://www.azlyrics.com/b/bloodbound.html
Bloodhound Gang,https://www.azlyrics.com/b/bloodhound.html
Blood On The Dance Floor,https://www.azlyrics.com/b/bloodonthedancefloor.html
Blood Orange,https://www.azlyrics.com/b/bloodorange.html
Blood Red Shoes,https://www.azlyrics.com/b/bloodredshoes.html
"Blood, Sweat & Tears",https://www.azlyrics.com/b/bloodsweattears.html
"Bloom, Timothy",https://www.azlyrics.com/t/timothybloom.html
Blossoms,https://www.azlyrics.com/b/blossoms.html
B. Lou,https://www.azlyrics.com/b/blou.html
Blouse,https://www.azlyrics.com/b/blouse.html
"Blow, The",https://www.azlyrics.com/b/blow.html
BLOXX,https://www.azlyrics.com/b/bloxx.html
Blu Cantrell,https://www.azlyrics.com/b/blucantrell.html
Blue,https://www.azlyrics.com/b/blue.html
Blueface,https://www.azlyrics.com/b/blueface.html
Blue Foundation,https://www.azlyrics.com/b/bluefoundation.html
"Blue Nile, The",https://www.azlyrics.com/b/bluenile.html
Blue October,https://www.azlyrics.com/b/blueoctober.html
Blue Oyster Cult,https://www.azlyrics.com/b/blueoystercult.html
Blue Rodeo,https://www.azlyrics.com/b/bluerodeo.html
"Bluer, Sam",https://www.azlyrics.com/s/sambluer.html
"Blues Brothers, The",https://www.azlyrics.com/b/bluesbrothers.html
Blues Pills,https://www.azlyrics.com/b/bluespills.html
Blue Stahli,https://www.azlyrics.com/b/bluestahli.html
Blues Traveler,https://www.azlyrics.com/b/bluestraveler.html
Blue Swede,https://www.azlyrics.com/b/blueswede.html
Bluey Robinson,https://www.azlyrics.com/b/blueyrobinson.html
"Blunt, Emily",https://www.azlyrics.com/e/emilyblunt.html
"Blunt, James",https://www.azlyrics.com/j/jamesblunt.html
Blur,https://www.azlyrics.com/b/blur.html
Blush,https://www.azlyrics.com/b/blush.html
Blutengel,https://www.azlyrics.com/b/blutengel.html
Blxst,https://www.azlyrics.com/b/blxst.html
BMC Boyz,https://www.azlyrics.com/b/bmcboyz.html
Bmike,https://www.azlyrics.com/b/bmike.html
BoA,https://www.azlyrics.com/b/boa.html
B.o.B,https://www.azlyrics.com/b/bob.html
Bobaflex,https://www.azlyrics.com/b/bobaflex.html
Bobbie Gentry,https://www.azlyrics.com/b/bobbiegentry.html
BOBBY,https://www.azlyrics.com/b/bobby.html
Bobby Bare,https://www.azlyrics.com/b/bobbybare.html
Bobby Brackins,https://www.azlyrics.com/b/bobbybrackins.html
Bobby Brown,https://www.azlyrics.com/b/bobbybrown.html
Bobby Caldwell,https://www.azlyrics.com/b/bobbycaldwell.html
Bobby Darin,https://www.azlyrics.com/b/bobbydarin.html
Bobby Day,https://www.azlyrics.com/b/bobbyday.html
Bobby Goldsboro,https://www.azlyrics.com/b/bobbygoldsboro.html
Bobby Helms,https://www.azlyrics.com/b/bobbyhelms.html
Bobby McFerrin,https://www.azlyrics.com/b/bobbymcferrin.html
Bobby Pickett,https://www.azlyrics.com/b/bobbypickett.html
Bobby Rydell,https://www.azlyrics.com/b/bobbyrydell.html
Bobby Shmurda,https://www.azlyrics.com/b/bobbyshmurda.html
Bobby V,https://www.azlyrics.com/b/bobbyv.html
Bobby Valentino,https://www.azlyrics.com/b/bobbyvalentino.html
Bobby Vee,https://www.azlyrics.com/b/bobbyvee.html
Bobby Vinton,https://www.azlyrics.com/b/bobbyvinton.html
Bobby Womack,https://www.azlyrics.com/b/bobbywomack.html
Bob Carlisle,https://www.azlyrics.com/b/bobcarlisle.html
Bob Dylan,https://www.azlyrics.com/d/dylan.html
Bober,https://www.azlyrics.com/b/bober.html
Bob Guiney,https://www.azlyrics.com/g/guiney.html
Bobi Andonov,https://www.azlyrics.com/b/bobiandonov.html
Bo Bice,https://www.azlyrics.com/b/bobice.html
Bob Marley,https://www.azlyrics.com/b/bobmarley.html
Bob Moses,https://www.azlyrics.com/b/bobmoses.html
Bo Bruce,https://www.azlyrics.com/b/bobruce.html
Bob Seger,https://www.azlyrics.com/b/bobseger.html
Bob Sinclar,https://www.azlyrics.com/b/bobsinclar.html
Bo Burnham,https://www.azlyrics.com/b/boburnham.html
Bob Welch,https://www.azlyrics.com/b/bobwelch.html
"Bocelli, Andrea",https://www.azlyrics.com/a/andreabocelli.html
BoDeans,https://www.azlyrics.com/b/bodeans.html
Bo Diddley,https://www.azlyrics.com/b/bodiddley.html
Body Count,https://www.azlyrics.com/b/bodycount.html
Bodysnatcher,https://www.azlyrics.com/b/bodysnatcher.html
Boef,https://www.azlyrics.com/b/boef.html
"Bofill, Angela",https://www.azlyrics.com/a/angelabofill.html
Bohemia,https://www.azlyrics.com/b/bohemia.html
Bohnes,https://www.azlyrics.com/b/bohnes.html
Böhse Onkelz,https://www.azlyrics.com/b/bohseonkelz.html
Bokoesam,https://www.azlyrics.com/b/bokoesam.html
Bolbbalgan4,https://www.azlyrics.com/b/bolbbalgan4.html
Bolémvn,https://www.azlyrics.com/b/bolemvn.html
Bølgen,https://www.azlyrics.com/b/bolgen.html
Bollywood,https://www.azlyrics.com/b/bollywood.html
"Bolton, Michael",https://www.azlyrics.com/m/michaelbolton.html
"Bolton, William",https://www.azlyrics.com/w/williambolton.html
"Boltz, Ray",https://www.azlyrics.com/r/rayboltz.html
Bombay Bicycle Club,https://www.azlyrics.com/b/bombaybicycleclub.html
Bomfunk MC's,https://www.azlyrics.com/b/bomfunkmcs.html
Bomshel,https://www.azlyrics.com/b/bomshel.html
"Bonamassa, Joe",https://www.azlyrics.com/j/joebonamassa.html
"Bondoc, Gabe",https://www.azlyrics.com/g/gabebondoc.html
"Bondoc, Jimmy",https://www.azlyrics.com/b/bondoc.html
Bone Crusher,https://www.azlyrics.com/b/bonecrusher.html
Bones,https://www.azlyrics.com/b/bones.html
BONES UK,https://www.azlyrics.com/b/bonesuk.html
Bone Thugs-N-Harmony,https://www.azlyrics.com/b/bone.html
Boney M,https://www.azlyrics.com/b/boneym.html
Bonez MC,https://www.azlyrics.com/b/bonezmc.html
"Bonfyre, The",https://www.azlyrics.com/b/bonfyre.html
Bon Iver,https://www.azlyrics.com/b/boniver.html
Bon Jovi,https://www.azlyrics.com/b/bonjovi.html
"Bon Jovi, Jon",https://www.azlyrics.com/b/bonjovij.html
Bonnie Anderson,https://www.azlyrics.com/b/bonnieanderson.html
Bonnie McKee,https://www.azlyrics.com/b/bonniemckee.html
"Bonnie ""Prince"" Billy",https://www.azlyrics.com/b/bonnieprincebilly.html
Bonnie Raitt,https://www.azlyrics.com/b/bonnieraitt.html
Bonnie Tyler,https://www.azlyrics.com/b/bonnietyler.html
Bonobo,https://www.azlyrics.com/b/bonobo.html
"Bonoff, Karla",https://www.azlyrics.com/k/karlabonoff.html
Booba,https://www.azlyrics.com/b/booba.html
Boogie,https://www.azlyrics.com/b/boogie.html
"Boogie Wit Da Hoodie, A",https://www.azlyrics.com/b/boogiewitdahoodie.html
Boogz,https://www.azlyrics.com/b/boogz.html
Book Of Fears,https://www.azlyrics.com/b/bookoffears.html
Boombox (Бумбокс),https://www.azlyrics.com/b/boombox.html
Boomkat,https://www.azlyrics.com/b/boomkat.html
"Boomtown Rats, The",https://www.azlyrics.com/b/boomtownrats.html
Boondox,https://www.azlyrics.com/b/boondox.html
"Boone, Daniel",https://www.azlyrics.com/d/danielboone.html
"Boone, Danny",https://www.azlyrics.com/d/dannyboone.html
"Boone, Debby",https://www.azlyrics.com/d/debbyboone.html
Boonk Gang,https://www.azlyrics.com/b/boonkgang.html
Boo Seeka,https://www.azlyrics.com/b/booseeka.html
Boosie Badazz,https://www.azlyrics.com/b/boosiebadazz.html
Borgeous,https://www.azlyrics.com/b/borgeous.html
Borgore,https://www.azlyrics.com/b/borgore.html
Borixon,https://www.azlyrics.com/b/borixon.html
Borknagar,https://www.azlyrics.com/b/borknagar.html
Born Of Osiris,https://www.azlyrics.com/b/bornofosiris.html
Born Ruffians,https://www.azlyrics.com/b/bornruffians.html
BØRNS,https://www.azlyrics.com/b/borns.html
Boro Boro,https://www.azlyrics.com/b/boroboro.html
"Borsato, Marco",https://www.azlyrics.com/m/marcoborsato.html
"Bose, Miguel",https://www.azlyrics.com/m/miguelbose.html
Bosh,https://www.azlyrics.com/b/bosh.html
"BossHoss, The",https://www.azlyrics.com/b/bosshoss.html
Bosson,https://www.azlyrics.com/b/bosson.html
Boston,https://www.azlyrics.com/b/boston.html
Boston Bun,https://www.azlyrics.com/b/bostonbun.html
Boston Manor,https://www.azlyrics.com/b/bostonmanor.html
Bosx1ne,https://www.azlyrics.com/b/bosx1ne.html
BoTalks,https://www.azlyrics.com/b/botalks.html
"Boulet, Jonathan",https://www.azlyrics.com/j/jonathanboulet.html
Boulevard Depo,https://www.azlyrics.com/b/boulevarddepo.html
"Bouncing Souls, The",https://www.azlyrics.com/b/bouncingsouls.html
"Bourani, Andreas",https://www.azlyrics.com/a/andreasbourani.html
"Bourg, MacKenzie",https://www.azlyrics.com/m/mackenziebourg.html
"Bowen, Clare",https://www.azlyrics.com/c/clarebowen.html
"Bowen, Ella Mae",https://www.azlyrics.com/e/ellamaebowen.html
"Bowen, Wade",https://www.azlyrics.com/w/wadebowen.html
"Bower, Jamie Campbell",https://www.azlyrics.com/j/jamiecampbellbower.html
"Bowersox, Crystal",https://www.azlyrics.com/c/crystalbowersox.html
"Bowie, David",https://www.azlyrics.com/b/bowie.html
Bowling For Soup,https://www.azlyrics.com/b/bowlingforsoup.html
Bow Wow,https://www.azlyrics.com/b/bowwow.html
Box Car Racer,https://www.azlyrics.com/b/boxcar.html
"Boxer Rebellion, The",https://www.azlyrics.com/b/boxerrebellion.html
"Box Tops, The",https://www.azlyrics.com/b/boxtops.html
"Boy And His Kite, A",https://www.azlyrics.com/b/boyandhiskite.html
BoybandPH,https://www.azlyrics.com/b/boybandph.html
Boy & Bear,https://www.azlyrics.com/b/boybear.html
B.O.Y,https://www.azlyrics.com/b/boy.html
"Boyboy West Coast, The",https://www.azlyrics.com/b/boyboywestcoast.html
Boyce Avenue,https://www.azlyrics.com/b/boyceavenue.html
"Boyd, Craig Wayne",https://www.azlyrics.com/c/craigwayneboyd.html
"Boyd, Jimmy",https://www.azlyrics.com/j/jimmyboyd.html
Boy Epic,https://www.azlyrics.com/b/boyepic.html
boygenius,https://www.azlyrics.com/b/boygenius.html
Boy George,https://www.azlyrics.com/b/boygeorge.html
Boy Hits Car,https://www.azlyrics.com/b/boyhitscar.html
Boyinaband,https://www.azlyrics.com/b/boyinaband.html
Boy In Space,https://www.azlyrics.com/b/boyinspace.html
"Boyle, Susan",https://www.azlyrics.com/s/susanboyle.html
boy pablo,https://www.azlyrics.com/b/boypablo.html
"Boysen, Tommy",https://www.azlyrics.com/t/tommyboysen.html
BoySetsFire,https://www.azlyrics.com/b/boysetsfire.html
Boys Like Girls,https://www.azlyrics.com/b/boyslikegirls.html
Boys Of Fall,https://www.azlyrics.com/b/boysoffall.html
Boyz II Men,https://www.azlyrics.com/b/boyziimen.html
Boyz n Da Hood,https://www.azlyrics.com/b/boyzndahood.html
Boyzone,https://www.azlyrics.com/b/boyzone.html
"BOYZ, THE",https://www.azlyrics.com/b/boyz.html
"Boz, Murat",https://www.azlyrics.com/m/muratboz.html
Boz Scaggs,https://www.azlyrics.com/b/bozscaggs.html
Bozza,https://www.azlyrics.com/b/bozza.html
"Bradbery, Danielle",https://www.azlyrics.com/d/daniellebradbery.html
"Braden, Tyler",https://www.azlyrics.com/t/tylerbraden.html
"Bradley, Charles",https://www.azlyrics.com/c/charlesbradley.html
Brad Paisley,https://www.azlyrics.com/p/paisley.html
"Brady, Paul",https://www.azlyrics.com/p/paulbrady.html
"Braithwaite, Daryl",https://www.azlyrics.com/d/darylbraithwaite.html
Bramsito,https://www.azlyrics.com/b/bramsito.html
Branan Murphy,https://www.azlyrics.com/b/brananmurphy.html
"Branch, Michelle",https://www.azlyrics.com/b/branch.html
Branco,https://www.azlyrics.com/b/branco.html
Brandi Carlile,https://www.azlyrics.com/b/brandicarlile.html
Brand New,https://www.azlyrics.com/b/brandnew.html
Brandon Beal,https://www.azlyrics.com/b/brandonbeal.html
Brandon Flowers,https://www.azlyrics.com/b/brandonflowers.html
Brandon Heath,https://www.azlyrics.com/b/brandonheath.html
Brandon Hines,https://www.azlyrics.com/b/brandonhines.html
Brandon Lake,https://www.azlyrics.com/b/brandonlake.html
Brandon Lay,https://www.azlyrics.com/b/brandonlay.html
Brandon Ratcliff,https://www.azlyrics.com/b/brandonratcliff.html
"Brandt, Paul",https://www.azlyrics.com/p/paulbrandt.html
Brandy,https://www.azlyrics.com/b/brandy.html
Brandy Clark,https://www.azlyrics.com/b/brandyclark.html
"Branigan, Laura",https://www.azlyrics.com/l/laurabranigan.html
"Brannan, Jay",https://www.azlyrics.com/j/jaybrannan.html
Brantley Gilbert,https://www.azlyrics.com/b/brantleygilbert.html
Bran Van 3000,https://www.azlyrics.com/b/branvan3000.html
Brattt Pack,https://www.azlyrics.com/b/bratttpack.html
Bravehearts,https://www.azlyrics.com/b/bravehearts.html
"Bravery, The",https://www.azlyrics.com/b/bravery.html
"Braxton, Tamar",https://www.azlyrics.com/t/tamarbraxton.html
"Braxton, Toni",https://www.azlyrics.com/b/braxton.html
"Braxton, Trina",https://www.azlyrics.com/t/trinabraxton.html
"Brazy, Molly",https://www.azlyrics.com/m/mollybrazy.html
Breach,https://www.azlyrics.com/b/breach.html
Bread,https://www.azlyrics.com/b/bread.html
Breakbot,https://www.azlyrics.com/b/breakbot.html
Breaking Benjamin,https://www.azlyrics.com/b/benjamin.html
Breaking Point,https://www.azlyrics.com/b/breakingpoint.html
Breathe,https://www.azlyrics.com/b/breathe.html
Breathe Carolina,https://www.azlyrics.com/b/breathecarolina.html
"Breeders, The",https://www.azlyrics.com/b/breeders.html
Bree Runway,https://www.azlyrics.com/b/breerunway.html
Breland,https://www.azlyrics.com/b/breland.html
"Brel, Jacques",https://www.azlyrics.com/j/jacquesbrel.html
"Bremnes, Dan",https://www.azlyrics.com/d/danbremnes.html
Brenda Lee,https://www.azlyrics.com/b/brendalee.html
Brendan James,https://www.azlyrics.com/b/brendanjames.html
"Brennan, Julia",https://www.azlyrics.com/j/juliabrennan.html
Brennan Savage,https://www.azlyrics.com/b/brennansavage.html
Brent Cobb,https://www.azlyrics.com/b/brentcobb.html
Brent Faiyaz,https://www.azlyrics.com/b/brentfaiyaz.html
Brenton Wood,https://www.azlyrics.com/b/brentonwood.html
Brent Rivera,https://www.azlyrics.com/b/brentrivera.html
"Breslin, Abigail",https://www.azlyrics.com/a/abigailbreslin.html
Brett Dennen,https://www.azlyrics.com/b/brettdennen.html
Brett Eldredge,https://www.azlyrics.com/b/bretteldredge.html
Brett Kissel,https://www.azlyrics.com/b/brettkissel.html
Brett Young,https://www.azlyrics.com/b/brettyoung.html
"Brewer, Nick",https://www.azlyrics.com/n/nickbrewer.html
Brewer & Shipley,https://www.azlyrics.com/b/brewershipley.html
"Brewster, Lincoln",https://www.azlyrics.com/l/lincolnbrewster.html
Brian Courtney Wilson,https://www.azlyrics.com/b/briancourtneywilson.html
Brian Doerksen,https://www.azlyrics.com/b/briandoerksen.html
Brian Eno,https://www.azlyrics.com/b/brianeno.html
Brian Fallon,https://www.azlyrics.com/b/brianfallon.html
Brian & Jenn Johnson,https://www.azlyrics.com/b/brianjennjohnson.html
"Brian Jonestown Massacre, The",https://www.azlyrics.com/b/brianjonestownmassacre.html
Brian Littrell,https://www.azlyrics.com/b/brianlittrell.html
Brian May,https://www.azlyrics.com/b/brianmay.html
Brian McFadden,https://www.azlyrics.com/b/brianmcfadden.html
Brian McKnight,https://www.azlyrics.com/m/mcknight.html
Brian Melo,https://www.azlyrics.com/b/brianmelo.html
Brianna Taylor,https://www.azlyrics.com/b/briannataylor.html
Brian Wilson,https://www.azlyrics.com/b/brianwilson.html
"Brice, Lee",https://www.azlyrics.com/l/leebrice.html
Brick & Lace,https://www.azlyrics.com/b/bricklace.html
"Brickman, Jim",https://www.azlyrics.com/j/jimbrickman.html
Brick + Mortar,https://www.azlyrics.com/b/brickmortar.html
Brides Of Destruction,https://www.azlyrics.com/b/bridesofdestruction.html
"Bridgers, Phoebe",https://www.azlyrics.com/p/phoebebridgers.html
"Bridges, Alicia",https://www.azlyrics.com/a/aliciabridges.html
"Bridges, Jeff",https://www.azlyrics.com/j/jeffbridges.html
"Bridges, Leon",https://www.azlyrics.com/l/leonbridges.html
Bridget Kelly,https://www.azlyrics.com/b/bridgetkelly.html
Bridge To Grace,https://www.azlyrics.com/b/bridgetograce.html
Bridgit Mendler,https://www.azlyrics.com/b/bridgitmendler.html
Brie Larson,https://www.azlyrics.com/b/brielarson.html
Brielle Von Hugel,https://www.azlyrics.com/b/briellevonhugel.html
Brighten,https://www.azlyrics.com/b/brighten.html
Bright Eyes,https://www.azlyrics.com/b/brighteyes.html
Bright Lights,https://www.azlyrics.com/b/brightlights.html
"Brightman, Sarah",https://www.azlyrics.com/b/brightman.html
Bright Ones,https://www.azlyrics.com/b/brightones.html
"Brillantes, Andrea",https://www.azlyrics.com/a/andreabrillantes.html
Bring Me The Horizon,https://www.azlyrics.com/b/bringmethehorizon.html
"Briones, Daniel",https://www.azlyrics.com/d/danielbriones.html
Brisco,https://www.azlyrics.com/b/brisco.html
Brisia Jodie,https://www.azlyrics.com/b/brisiajodie.html
Briston Maroney,https://www.azlyrics.com/b/bristonmaroney.html
Britney Spears,https://www.azlyrics.com/s/spears.html
Brittany Howard,https://www.azlyrics.com/b/brittanyhoward.html
Brittany Underwood,https://www.azlyrics.com/b/brittanyunderwood.html
Britt Nicole,https://www.azlyrics.com/b/brittnicole.html
Broadside,https://www.azlyrics.com/b/broadside.html
"Brobecks, The",https://www.azlyrics.com/b/brobecks.html
BROCKHAMPTON,https://www.azlyrics.com/b/brockhampton.html
"Brock, Mack",https://www.azlyrics.com/m/mackbrock.html
"Brock, Stevie",https://www.azlyrics.com/b/brock.html
"Brody, Dean",https://www.azlyrics.com/d/deanbrody.html
Broederliefde,https://www.azlyrics.com/b/broederliefde.html
Broiler,https://www.azlyrics.com/b/broiler.html
Broken Back,https://www.azlyrics.com/b/brokenback.html
Broken Bells,https://www.azlyrics.com/b/brokenbells.html
Brokencyde,https://www.azlyrics.com/b/brokencyde.html
Broken Iris,https://www.azlyrics.com/b/brokeniris.html
Broken Social Scene,https://www.azlyrics.com/b/brokensocialscene.html
"Bromfield, Dionne",https://www.azlyrics.com/d/dionnebromfield.html
Bronski Beat,https://www.azlyrics.com/b/bronskibeat.html
BRONSON,https://www.azlyrics.com/b/bronson.html
"Bronson, Action",https://www.azlyrics.com/a/actionbronson.html
"Bronx, The",https://www.azlyrics.com/b/bronx.html
Broods,https://www.azlyrics.com/b/broods.html
"Brooke, Ally",https://www.azlyrics.com/a/allybrooke.html
Brooke Butler,https://www.azlyrics.com/b/brookebutler.html
Brooke Candy,https://www.azlyrics.com/b/brookecandy.html
Brooke Eden,https://www.azlyrics.com/b/brookeeden.html
Brooke Fraser,https://www.azlyrics.com/b/brookefraser.html
Brooke Hogan,https://www.azlyrics.com/b/brookehogan.html
Brooke Hyland,https://www.azlyrics.com/b/brookehyland.html
"Brooke, Miranda",https://www.azlyrics.com/m/mirandabrooke.html
Brooke Valentine,https://www.azlyrics.com/b/brookevalentine.html
BrookeWell,https://www.azlyrics.com/b/brookewell.html
"Brook, Holly",https://www.azlyrics.com/h/hollybrook.html
Brooklyn And Bailey,https://www.azlyrics.com/b/brooklynandbailey.html
Brooks & Dunn,https://www.azlyrics.com/b/brooksdunn.html
"Brooks, Garth",https://www.azlyrics.com/b/brooks.html
"Brooks, Joe",https://www.azlyrics.com/j/joebrooks.html
"Brooks, Meredith",https://www.azlyrics.com/b/brooksm.html
"Brooks, Tessa",https://www.azlyrics.com/t/tessabrooks.html
Bros,https://www.azlyrics.com/b/bros.html
Brotha Lynch Hung,https://www.azlyrics.com/b/brothalynchhung.html
Brother Ali,https://www.azlyrics.com/b/brotherali.html
"Brothers Johnson, The",https://www.azlyrics.com/b/brothersjohnson.html
Brothers Of Metal,https://www.azlyrics.com/b/brothersofmetal.html
Brothers Osborne,https://www.azlyrics.com/b/brothersosborne.html
"Broussard, Marc",https://www.azlyrics.com/b/broussard.html
"Broussard, Valerie",https://www.azlyrics.com/v/valeriebroussard.html
"Brown, Allman",https://www.azlyrics.com/a/allmanbrown.html
"Brown, Andy",https://www.azlyrics.com/a/andybrown.html
"Brown, Arthur",https://www.azlyrics.com/a/arthurbrown.html
"Brown, Austin",https://www.azlyrics.com/a/austinbrown.html
Brown Boy,https://www.azlyrics.com/b/brownboy.html
"Brown, Charlie",https://www.azlyrics.com/c/charliebrown.html
"Brown, Chris",https://www.azlyrics.com/c/chrisbrown.html
"Brown Clark, Maurette",https://www.azlyrics.com/m/maurettebrownclark.html
"Brown, Danny",https://www.azlyrics.com/d/dannybrown.html
"Brown, Dennis",https://www.azlyrics.com/d/dennisbrown.html
"Browne, Jackson",https://www.azlyrics.com/j/jacksonbrowne.html
"Brown, Foxy",https://www.azlyrics.com/b/brown.html
"Brown, Havana",https://www.azlyrics.com/h/havanabrown.html
"Brown, Ian",https://www.azlyrics.com/i/ianbrown.html
"Browning, Emily",https://www.azlyrics.com/e/emilybrowning.html
"Browning, The",https://www.azlyrics.com/b/browning.html
"Brown, James",https://www.azlyrics.com/j/jamesbrown.html
"Brown, Kaci",https://www.azlyrics.com/k/kacibrown.html
"Brown, Kane",https://www.azlyrics.com/k/kanebrown.html
"Brownlee, Chad",https://www.azlyrics.com/c/chadbrownlee.html
"Brown, Sam",https://www.azlyrics.com/s/sambrown.html
Brownstone,https://www.azlyrics.com/b/brownstone.html
Brownsville Station,https://www.azlyrics.com/b/brownsvillestation.html
BRS Kash,https://www.azlyrics.com/b/brskash.html
Bru-C,https://www.azlyrics.com/b/bruc.html
Bruce Cockburn,https://www.azlyrics.com/b/brucecockburn.html
Bruce Dickinson,https://www.azlyrics.com/b/brucedickinson.html
Bruce Hornsby,https://www.azlyrics.com/b/brucehornsby.html
Bruce Springsteen,https://www.azlyrics.com/s/springsteen.html
Brudi030,https://www.azlyrics.com/b/brudi030.html
Brujeria,https://www.azlyrics.com/b/brujeria.html
Brulux,https://www.azlyrics.com/b/brulux.html
Bruna Karla,https://www.azlyrics.com/b/brunakarla.html
"Brun, Ane",https://www.azlyrics.com/a/anebrun.html
"Bruni, Carla",https://www.azlyrics.com/c/carlabruni.html
"Brun, Michael",https://www.azlyrics.com/m/michaelbrun.html
Bruno Major,https://www.azlyrics.com/b/brunomajor.html
Bruno Mars,https://www.azlyrics.com/b/brunomars.html
"Bruno, Sam",https://www.azlyrics.com/s/sambruno.html
Brutha,https://www.azlyrics.com/b/brutha.html
Bry,https://www.azlyrics.com/b/bry.html
Bryan Adams,https://www.azlyrics.com/a/adams.html
Bryan Ferry,https://www.azlyrics.com/b/bryanferry.html
Bryan J,https://www.azlyrics.com/b/bryanj.html
Bryan & Katie Torwalt,https://www.azlyrics.com/b/bryankatietorwalt.html
Bryan Lanning,https://www.azlyrics.com/b/bryanlanning.html
"Bryan, Luke",https://www.azlyrics.com/l/lukebryan.html
BryanStars,https://www.azlyrics.com/b/bryanstars.html
"Bryant, Chase",https://www.azlyrics.com/c/chasebryant.html
"Bryant, Jacob",https://www.azlyrics.com/j/jacobbryant.html
"Bryant, Miriam",https://www.azlyrics.com/m/miriambryant.html
Bryant Myers,https://www.azlyrics.com/b/bryantmyers.html
Bryan White,https://www.azlyrics.com/b/bryanwhite.html
"Bryan, Zach",https://www.azlyrics.com/z/zachbryan.html
Bryce Fox,https://www.azlyrics.com/b/brycefox.html
Bryce Vine,https://www.azlyrics.com/b/brycevine.html
Brye,https://www.azlyrics.com/b/brye.html
Brynn Cartelli,https://www.azlyrics.com/b/brynncartelli.html
Brynn Elliott,https://www.azlyrics.com/b/brynnelliott.html
"Bryson, Peabo",https://www.azlyrics.com/p/peabobryson.html
Bryson Tiller,https://www.azlyrics.com/b/brysontiller.html
Brytiago,https://www.azlyrics.com/b/brytiago.html
B. Smyth,https://www.azlyrics.com/b/bsmyth.html
B. Taylor,https://www.azlyrics.com/b/btaylor.html
BtoB,https://www.azlyrics.com/b/btob.html
B.T.O. (Bachman-Turner Overdrive),https://www.azlyrics.com/b/btobachmanturneroverdrive.html
BTS,https://www.azlyrics.com/b/bangtanboys.html
Bubba Sparxxx,https://www.azlyrics.com/b/bubba.html
"Buble, Michael",https://www.azlyrics.com/b/buble.html
"Buchanan, Keisha",https://www.azlyrics.com/k/keishabuchanan.html
Buck 22,https://www.azlyrics.com/b/buck22.html
Buckcherry,https://www.azlyrics.com/b/buckcherry.html
"Buckingham, Celeste",https://www.azlyrics.com/c/celestebuckingham.html
"Buckingham, Lindsey",https://www.azlyrics.com/l/lindseybuckingham.html
Buckingham Nicks,https://www.azlyrics.com/b/buckinghamnicks.html
"Buckinghams, The",https://www.azlyrics.com/b/buckinghams.html
"Buckley, Jeff",https://www.azlyrics.com/j/jeffbuckley.html
"Buckley, Tim",https://www.azlyrics.com/t/timbuckley.html
Buck Owens,https://www.azlyrics.com/b/buckowens.html
Bucks Fizz,https://www.azlyrics.com/b/bucksfizz.html
Bucky Covington,https://www.azlyrics.com/b/buckycovington.html
"Buddafly, Amina",https://www.azlyrics.com/a/aminabuddafly.html
"Budden, Joe",https://www.azlyrics.com/b/budden.html
Buddy,https://www.azlyrics.com/b/buddy.html
Buddy Brown,https://www.azlyrics.com/b/buddybrown.html
Buddy Guy,https://www.azlyrics.com/b/buddyguy.html
Buddy Holly,https://www.azlyrics.com/b/buddyholly.html
"Buddz, Collie",https://www.azlyrics.com/c/colliebuddz.html
Budi Doremi,https://www.azlyrics.com/b/budidoremi.html
"Buena, Mutya",https://www.azlyrics.com/m/mutyabuena.html
Buena Vista Social Club,https://www.azlyrics.com/b/buenavistasocialclub.html
Buffalo Springfield,https://www.azlyrics.com/b/buffalospringfield.html
Buffalo Tom,https://www.azlyrics.com/b/buffalotom.html
"Buffett, Jimmy",https://www.azlyrics.com/j/jimmybuffett.html
"Bugg, Jake",https://www.azlyrics.com/j/jakebugg.html
"Buggles, The",https://www.azlyrics.com/b/buggles.html
Bugoy Drilon,https://www.azlyrics.com/b/bugoydrilon.html
Bugzy Malone,https://www.azlyrics.com/b/bugzymalone.html
Building 429,https://www.azlyrics.com/b/building429.html
Built To Spill,https://www.azlyrics.com/b/builttospill.html
Buju Banton,https://www.azlyrics.com/b/bujubanton.html
"Bujupi, Ardian",https://www.azlyrics.com/a/ardianbujupi.html
"Bull, Dan",https://www.azlyrics.com/d/danbull.html
BulletBoys,https://www.azlyrics.com/b/bulletboys.html
Bullet For My Valentine,https://www.azlyrics.com/b/bulletformyvalentine.html
Bully,https://www.azlyrics.com/b/bully.html
bülow,https://www.azlyrics.com/b/bulow.html
"Bulut, Fatih",https://www.azlyrics.com/f/fatihbulut.html
Bumble Beezy,https://www.azlyrics.com/b/bumblebeezy.html
BUMKEY,https://www.azlyrics.com/b/bumkey.html
Bun-B,https://www.azlyrics.com/b/bunb.html
Bunbury,https://www.azlyrics.com/b/bunbury.html
"Bundy, Laura Bell",https://www.azlyrics.com/l/laurabellbundy.html
Bunga Citra Lestari,https://www.azlyrics.com/b/bungacitralestari.html
"Bunny The Bear, The",https://www.azlyrics.com/b/bunnythebear.html
BUNT.,https://www.azlyrics.com/b/bunt.html
"Bunton, Emma",https://www.azlyrics.com/b/bunton.html
Burak Yeter,https://www.azlyrics.com/b/burakyeter.html
Buray,https://www.azlyrics.com/b/buray.html
Burberry Perry,https://www.azlyrics.com/b/burberryperry.html
"Burbigo, Deen",https://www.azlyrics.com/d/deenburbigo.html
"Burch, Molly",https://www.azlyrics.com/m/mollyburch.html
"Burdon, Eric",https://www.azlyrics.com/e/ericburdon.html
Burhan G,https://www.azlyrics.com/b/burhang.html
"Burke, Alexandra",https://www.azlyrics.com/a/alexandraburke.html
"Burke, Austin",https://www.azlyrics.com/a/austinburke.html
"Burke, Solomon",https://www.azlyrics.com/s/solomonburke.html
Burl Ives,https://www.azlyrics.com/b/burlives.html
Burna Bandz,https://www.azlyrics.com/b/burnabandz.html
Burna Boy,https://www.azlyrics.com/b/burnaboy.html
"Burnett, Ally",https://www.azlyrics.com/a/allyburnett.html
Burn Halo,https://www.azlyrics.com/b/burnhalo.html
Burning Witches,https://www.azlyrics.com/b/burningwitches.html
BURNS,https://www.azlyrics.com/b/burns.html
Burn Season,https://www.azlyrics.com/b/burnseason.html
"Burns, Emily",https://www.azlyrics.com/e/emilyburns.html
"Burnside, Joshua",https://www.azlyrics.com/j/joshuaburnside.html
"Burns, Jaira",https://www.azlyrics.com/j/jairaburns.html
"Burrell, Kim",https://www.azlyrics.com/k/kimburrell.html
Burry Soprano,https://www.azlyrics.com/b/burrysoprano.html
Bury Tomorrow,https://www.azlyrics.com/b/burytomorrow.html
Bury Your Dead,https://www.azlyrics.com/b/buryyourdead.html
Burzum,https://www.azlyrics.com/b/burzum.html
Busdriver,https://www.azlyrics.com/b/busdriver.html
Bush,https://www.azlyrics.com/b/bush.html
Bushido,https://www.azlyrics.com/b/bushido.html
"Bush, Kate",https://www.azlyrics.com/k/katebush.html
"Bush, Kristian",https://www.azlyrics.com/k/kristianbush.html
"Bus, Nicole",https://www.azlyrics.com/n/nicolebus.html
Busta Rhymes,https://www.azlyrics.com/b/busta.html
Busted,https://www.azlyrics.com/b/busted.html
Busy Signal,https://www.azlyrics.com/b/busysignal.html
Butcher Babies,https://www.azlyrics.com/b/butcherbabies.html
Butch Walker,https://www.azlyrics.com/w/walker.html
"Butler, Jonathan",https://www.azlyrics.com/j/jonathanbutler.html
"Butler, Marcus",https://www.azlyrics.com/m/marcusbutler.html
"Butler, Myron",https://www.azlyrics.com/m/myronbutler.html
Butterfly Boucher,https://www.azlyrics.com/b/butterflyboucher.html
"Butterfly Effect, The",https://www.azlyrics.com/b/butterflyeffect.html
"Buttertones, The",https://www.azlyrics.com/b/buttertones.html
Butthole Surfers,https://www.azlyrics.com/b/buttholesurfers.html
"Buttress, The",https://www.azlyrics.com/b/buttress.html
"Buxton, Sarah",https://www.azlyrics.com/s/sarahbuxton.html
Buzzcocks,https://www.azlyrics.com/b/buzzcocks.html
BVNDIT,https://www.azlyrics.com/b/bvndit.html
B-Witched,https://www.azlyrics.com/b/bwitched.html
"Bynum, Juanita",https://www.azlyrics.com/j/juanitabynum.html
B Young,https://www.azlyrics.com/b/byoung.html
"Byrds, The",https://www.azlyrics.com/b/byrds.html
"Byrd, Tracy",https://www.azlyrics.com/t/tracybyrd.html
"Byrne, David",https://www.azlyrics.com/d/davidbyrne.html
"Byrne, Julie",https://www.azlyrics.com/j/juliebyrne.html
Byron Cage,https://www.azlyrics.com/b/byroncage.html
BZN,https://www.azlyrics.com/b/bzn.html
