C 21,https://www.azlyrics.com/c/c21.html
C2C,https://www.azlyrics.com/c/c2c.html
CA7RIEL,https://www.azlyrics.com/c/ca7riel.html
Caamp,https://www.azlyrics.com/c/caamp.html
Caballero & JeanJass,https://www.azlyrics.com/c/caballerojeanjass.html
"Cabrera, Ryan",https://www.azlyrics.com/c/cabrera.html
"Cab, The",https://www.azlyrics.com/c/cab.html
CADE,https://www.azlyrics.com/c/cade.html
Cadet,https://www.azlyrics.com/c/cadet.html
"Cadillac Three, The",https://www.azlyrics.com/c/cadillacthree.html
Cadmium,https://www.azlyrics.com/c/cadmium.html
Cady Groves,https://www.azlyrics.com/c/cadygroves.html
"Caesar, Daniel",https://www.azlyrics.com/d/danielcaesar.html
Caesars,https://www.azlyrics.com/c/caesars.html
"Caesar, Shirley",https://www.azlyrics.com/s/shirleycaesar.html
Cafe Tacuba,https://www.azlyrics.com/c/cafetacuba.html
Cage,https://www.azlyrics.com/c/cage.html
"Cage, Athena",https://www.azlyrics.com/a/athenacage.html
"Cage, Byron",https://www.azlyrics.com/b/byroncage.html
Cage The Elephant,https://www.azlyrics.com/c/cagetheelephant.html
Ca$h Out,https://www.azlyrics.com/c/cahout.html
Cailee Rae,https://www.azlyrics.com/c/caileerae.html
Cailin Russo,https://www.azlyrics.com/c/cailinrusso.html
"Cain, Scotty",https://www.azlyrics.com/s/scottycain.html
Caitlyn Smith,https://www.azlyrics.com/c/caitlynsmith.html
Cake,https://www.azlyrics.com/c/cake.html
"Calamaro, Andres",https://www.azlyrics.com/a/andrescalamaro.html
CalBoy,https://www.azlyrics.com/19/147calboy.html
Calcutta,https://www.azlyrics.com/c/calcutta.html
"Caldwell, Bobby",https://www.azlyrics.com/b/bobbycaldwell.html
"Caldwell, Kimberly",https://www.azlyrics.com/k/kimberlycaldwell.html
Caleb and Kelsey,https://www.azlyrics.com/c/calebandkelsey.html
Caleb Santos,https://www.azlyrics.com/c/calebsantos.html
Cale Dodds,https://www.azlyrics.com/c/caledodds.html
"Cale, John",https://www.azlyrics.com/j/johncale.html
Calexico,https://www.azlyrics.com/c/calexico.html
"Calhoun, Adam",https://www.azlyrics.com/a/adamcalhoun.html
Caliban,https://www.azlyrics.com/c/caliban.html
Calibre 50,https://www.azlyrics.com/c/calibre50.html
Caligula's Horse,https://www.azlyrics.com/c/caligulashorse.html
"Calise, Alexx",https://www.azlyrics.com/a/alexxcalise.html
Cali Swag District,https://www.azlyrics.com/c/caliswagdistrict.html
Cali y El Dandee,https://www.azlyrics.com/c/caliyeldandee.html
"Cal, Kaye",https://www.azlyrics.com/k/kayecal.html
"Callahan, Bill",https://www.azlyrics.com/b/billcallahan.html
Callalily,https://www.azlyrics.com/c/callalily.html
Calle 13,https://www.azlyrics.com/c/calle13.html
"Callea, Anthony",https://www.azlyrics.com/a/anthonycallea.html
Calling All Captains,https://www.azlyrics.com/c/callingallcaptains.html
"Calling, The",https://www.azlyrics.com/c/calling.html
"Callison, Zach",https://www.azlyrics.com/z/zachcallison.html
Call Me Karizma,https://www.azlyrics.com/c/callmekarizma.html
Call Me Loop,https://www.azlyrics.com/c/callmeloop.html
Calpurnia,https://www.azlyrics.com/c/calpurnia.html
Cal Scruby,https://www.azlyrics.com/c/calscruby.html
Cal Smith,https://www.azlyrics.com/c/calsmith.html
Calum Scott,https://www.azlyrics.com/c/calumscott.html
"Calvi, Anna",https://www.azlyrics.com/a/annacalvi.html
Calvin Harris,https://www.azlyrics.com/c/calvinharris.html
Calvin Richardson,https://www.azlyrics.com/c/calvinrichardson.html
Cam,https://www.azlyrics.com/c/cam.html
"Camacho, Ariel",https://www.azlyrics.com/a/arielcamacho.html
Camel,https://www.azlyrics.com/c/camel.html
CamelPhat,https://www.azlyrics.com/c/camelphat.html
Cameo,https://www.azlyrics.com/c/cameo.html
Camera Obscura,https://www.azlyrics.com/c/cameraobscura.html
"Cameron, Alex",https://www.azlyrics.com/a/alexcameron.html
Cameron Dallas,https://www.azlyrics.com/c/camerondallas.html
Cameron Diaz,https://www.azlyrics.com/c/camerondiaz.html
"Cameron, Dove",https://www.azlyrics.com/d/dovecameron.html
Cami,https://www.azlyrics.com/c/cami.html
Camila,https://www.azlyrics.com/c/camila.html
Camila Cabello,https://www.azlyrics.com/c/camilacabello.html
Camila Gallardo,https://www.azlyrics.com/c/camilagallardo.html
Camille,https://www.azlyrics.com/c/camille.html
Camilo,https://www.azlyrics.com/c/camilo.html
Camilo Séptimo,https://www.azlyrics.com/c/camilosptimo.html
Camilo Sesto,https://www.azlyrics.com/c/camilosesto.html
Cam Meekins,https://www.azlyrics.com/c/cammeekins.html
Camouflage,https://www.azlyrics.com/c/camouflage.html
"Campbell, Ellie",https://www.azlyrics.com/c/campbell.html
"Campbell, Erica",https://www.azlyrics.com/e/ericacampbell.html
"Campbell, Glen",https://www.azlyrics.com/g/glencampbell.html
"Campbell, Isobel",https://www.azlyrics.com/i/isobelcampbell.html
"Campbell, Tevin",https://www.azlyrics.com/t/tevincampbell.html
"Campbell, Tina",https://www.azlyrics.com/t/tinacampbell.html
Camp Cope,https://www.azlyrics.com/c/campcope.html
"Camp, Jeremy",https://www.azlyrics.com/j/jeremycamp.html
"Campos, Alex",https://www.azlyrics.com/a/alexcampos.html
Camp Rock Cast,https://www.azlyrics.com/c/camprockcast.html
Cam'ron,https://www.azlyrics.com/c/camron.html
Canaan Smith,https://www.azlyrics.com/c/canaansmith.html
"Canadian Tenors, The",https://www.azlyrics.com/c/canadiantenors.html
Canbay & Wolker,https://www.azlyrics.com/c/canbaywolker.html
Candice Alley,https://www.azlyrics.com/c/candice.html
Candice Glover,https://www.azlyrics.com/c/candiceglover.html
Candice Night,https://www.azlyrics.com/c/candicenight.html
Candi Staton,https://www.azlyrics.com/c/candistaton.html
Candlebox,https://www.azlyrics.com/c/candlebox.html
Candlemass,https://www.azlyrics.com/c/candlemass.html
"Candy, Brooke",https://www.azlyrics.com/b/brookecandy.html
Cane Hill,https://www.azlyrics.com/c/canehill.html
Canibus,https://www.azlyrics.com/c/canibus.html
"Caniff, Taylor",https://www.azlyrics.com/t/taylorcaniff.html
Canned Heat,https://www.azlyrics.com/c/cannedheat.html
Cannibal Corpse,https://www.azlyrics.com/c/cannibalcorpse.html
"Cannon, Nick",https://www.azlyrics.com/c/cannon.html
Canon,https://www.azlyrics.com/c/canon.html
"Cano, Natanael",https://www.azlyrics.com/n/natanaelcano.html
Canozan,https://www.azlyrics.com/c/canozan.html
Canserbero,https://www.azlyrics.com/c/canserbero.html
Canton Jones,https://www.azlyrics.com/c/cantonjones.html
"Cantrell, Jerry",https://www.azlyrics.com/j/jerrycantrell.html
Can't Swim,https://www.azlyrics.com/c/cantswim.html
"Cantú, Paty",https://www.azlyrics.com/p/patycant.html
"Canty, Marcus",https://www.azlyrics.com/m/marcuscanty.html
Canyon City,https://www.azlyrics.com/c/canyoncity.html
"Caoile, Juan",https://www.azlyrics.com/j/juancaoile.html
"Capaldi, Lewis",https://www.azlyrics.com/l/lewiscapaldi.html
Caparezza,https://www.azlyrics.com/c/caparezza.html
Capital Bra,https://www.azlyrics.com/c/capitalbra.html
Capital Cities,https://www.azlyrics.com/c/capitalcities.html
Capital Kings,https://www.azlyrics.com/c/capitalkings.html
Capital STEEZ,https://www.azlyrics.com/c/capitalsteez.html
"Caplen, Dan",https://www.azlyrics.com/d/dancaplen.html
Capleton,https://www.azlyrics.com/c/capleton.html
Cap'n Jazz,https://www.azlyrics.com/c/capnjazz.html
Capo,https://www.azlyrics.com/c/capo.html
Capone-N-Noreaga,https://www.azlyrics.com/c/caponennoreaga.html
"Capó, Pedro",https://www.azlyrics.com/p/pedrocapo.html
Capo Plaza,https://www.azlyrics.com/c/capoplaza.html
Capsize,https://www.azlyrics.com/c/capsize.html
Capstan,https://www.azlyrics.com/c/capstan.html
Captain Beefheart & The Magic Band,https://www.azlyrics.com/c/captainbeefheartthemagicband.html
Captain Jack,https://www.azlyrics.com/c/captainjack.html
Captain & Tennille,https://www.azlyrics.com/c/captaintennille.html
Capture The Crown,https://www.azlyrics.com/c/capturethecrown.html
"Cara, Alessia",https://www.azlyrics.com/a/alessiacara.html
Carach Angren,https://www.azlyrics.com/c/carachangren.html
Cara Delevingne,https://www.azlyrics.com/c/caradelevingne.html
"Cara, Irene",https://www.azlyrics.com/i/irenecara.html
Caravan Palace,https://www.azlyrics.com/c/caravanpalace.html
"Caraveo, Ryan",https://www.azlyrics.com/r/ryancaraveo.html
Carbon Leaf,https://www.azlyrics.com/c/carbonleaf.html
Carcass,https://www.azlyrics.com/c/carcass.html
"Cardboard Swords, The",https://www.azlyrics.com/c/cardboardswords.html
Cardi B,https://www.azlyrics.com/c/cardi-b.html
"Cardigans, The",https://www.azlyrics.com/c/cardigans.html
"Cardle, Matt",https://www.azlyrics.com/m/mattcardle.html
"Cardona, Trinidad",https://www.azlyrics.com/t/trinidadcardona.html
Care Bears On Fire,https://www.azlyrics.com/c/carebearsonfire.html
"Carey, Ian",https://www.azlyrics.com/i/iancarey.html
"Carey, Mariah",https://www.azlyrics.com/m/mariahcarey.html
Caribou,https://www.azlyrics.com/c/caribou.html
Carin Leon,https://www.azlyrics.com/c/carinleon.html
Carishma,https://www.azlyrics.com/c/carishma.html
Carla Bruni,https://www.azlyrics.com/c/carlabruni.html
Carla,https://www.azlyrics.com/c/carla.html
Carla Morrison,https://www.azlyrics.com/c/carlamorrison.html
Carla's Dreams,https://www.azlyrics.com/c/carlasdreams.html
Carl Brave,https://www.azlyrics.com/c/carlbrave.html
Carl Carlton,https://www.azlyrics.com/c/carlcarlton.html
Carl Douglas,https://www.azlyrics.com/c/carldouglas.html
Carlie Hanson,https://www.azlyrics.com/c/carliehanson.html
"Carlile, Brandi",https://www.azlyrics.com/b/brandicarlile.html
"Carlisle, Belinda",https://www.azlyrics.com/b/belindacarlisle.html
"Carlisle, Bob",https://www.azlyrics.com/b/bobcarlisle.html
"Carll, Hayes",https://www.azlyrics.com/h/hayescarll.html
Carlos Baute,https://www.azlyrics.com/c/carlosbaute.html
Carlos Rivera,https://www.azlyrics.com/c/carlosrivera.html
Carlos Vives,https://www.azlyrics.com/c/carlosvives.html
Carl Thomas,https://www.azlyrics.com/t/thomascarl.html
"Carlton, Vanessa",https://www.azlyrics.com/c/carlton.html
Carly Paige,https://www.azlyrics.com/c/carlypaige.html
Carly Pearce,https://www.azlyrics.com/c/carlypearce.html
Carly Rae Jepsen,https://www.azlyrics.com/c/carlyraejepsen.html
Carly Simon,https://www.azlyrics.com/c/carlysimon.html
C ARMA,https://www.azlyrics.com/c/carma.html
"Carmen, Eric",https://www.azlyrics.com/e/ericcarmen.html
"Carmichael, Dillon",https://www.azlyrics.com/d/dilloncarmichael.html
Carmon,https://www.azlyrics.com/c/carmon.html
Carmouflage Rose,https://www.azlyrics.com/c/carmouflagerose.html
Carnage,https://www.azlyrics.com/d/dj-carnage.html
"Carnes, Kim",https://www.azlyrics.com/k/kimcarnes.html
"Carney, Reeve",https://www.azlyrics.com/r/reevecarney.html
"Carney, Rosie",https://www.azlyrics.com/r/rosiecarney.html
Carnifex,https://www.azlyrics.com/c/carnifex.html
Caro,https://www.azlyrics.com/c/caro.html
Caro Emerald,https://www.azlyrics.com/c/caroemerald.html
Carola,https://www.azlyrics.com/c/carola.html
Carol Banawa,https://www.azlyrics.com/c/carolbanawa.html
Carole King,https://www.azlyrics.com/c/caroleking.html
Carolina Chocolate Drops,https://www.azlyrics.com/c/carolinachocolatedrops.html
Carolina Liar,https://www.azlyrics.com/c/carolinaliar.html
Caroline Manning,https://www.azlyrics.com/c/carolinemanning.html
Caroline Polachek,https://www.azlyrics.com/c/carolinepolachek.html
Caroline Rose,https://www.azlyrics.com/c/carolinerose.html
Carolyn Dawn Johnson,https://www.azlyrics.com/c/carolyndawnjohnson.html
"Caro, Regulo",https://www.azlyrics.com/r/regulocaro.html
Carousel Kings,https://www.azlyrics.com/c/carouselkings.html
Carpark North,https://www.azlyrics.com/c/carparknorth.html
"Carpenter, Aaron",https://www.azlyrics.com/a/aaroncarpenter.html
"Carpenter, Mary Chapin",https://www.azlyrics.com/m/marychapincarpenter.html
"Carpenter, Sabrina",https://www.azlyrics.com/s/sabrinacarpenter.html
"Carpenters, The",https://www.azlyrics.com/c/carpenters.html
"Carpio, Mark",https://www.azlyrics.com/m/markcarpio.html
"Carrack, Paul",https://www.azlyrics.com/p/paulcarrack.html
"Carree, Isaac",https://www.azlyrics.com/i/isaaccarree.html
"Carreon, Rayt",https://www.azlyrics.com/r/raytcarreon.html
Carrie Underwood,https://www.azlyrics.com/c/carrieunderwood.html
"Carr, Jekalyn",https://www.azlyrics.com/j/jekalyncarr.html
"Carr, Kurt",https://www.azlyrics.com/k/kurtcarr.html
"Carroll, Jason Michael",https://www.azlyrics.com/j/jasonmichaelcarroll.html
Carrollton,https://www.azlyrics.com/c/carrollton.html
Car Seat Headrest,https://www.azlyrics.com/c/carseatheadrest.html
Carson Lueders,https://www.azlyrics.com/c/carsonlueders.html
"Carson, Sofia",https://www.azlyrics.com/s/sofiacarson.html
"Cars, The",https://www.azlyrics.com/c/cars.html
"Cartal, Felix",https://www.azlyrics.com/f/felixcartal.html
Cartel,https://www.azlyrics.com/c/cartel.html
Cartel De Santa,https://www.azlyrics.com/c/carteldesanta.html
"Cartelli, Brynn",https://www.azlyrics.com/b/brynncartelli.html
"Carter, Aaron",https://www.azlyrics.com/c/carter.html
"Carter, Deana",https://www.azlyrics.com/d/deanacarter.html
"Carter Family, The",https://www.azlyrics.com/c/carterfamily.html
"Carter, Grace",https://www.azlyrics.com/g/gracecarter.html
"Carter, Nick",https://www.azlyrics.com/c/cartern.html
Carter Reynolds,https://www.azlyrics.com/c/carterreynolds.html
"Carter, Tyler",https://www.azlyrics.com/t/tylercarter.html
Cartoon,https://www.azlyrics.com/c/cartoon.html
"Caruso, Justin",https://www.azlyrics.com/j/justincaruso.html
Cary Brothers,https://www.azlyrics.com/c/carybrothers.html
"Casablancas, Julian",https://www.azlyrics.com/j/juliancasablancas.html
Casanova,https://www.azlyrics.com/c/casanova.html
Cascada,https://www.azlyrics.com/c/cascada.html
Case,https://www.azlyrics.com/c/case.html
"Case, Andie",https://www.azlyrics.com/a/andiecase.html
Case / Lang / Veirs,https://www.azlyrics.com/c/caselangveirs.html
"Case, Neko",https://www.azlyrics.com/n/nekocase.html
Casey,https://www.azlyrics.com/c/casey.html
Casey Abrams,https://www.azlyrics.com/c/caseyabrams.html
Casey Donahew Band,https://www.azlyrics.com/c/caseydonahewband.html
Casey Donovan,https://www.azlyrics.com/c/caseydonovan.html
Casey Edwards,https://www.azlyrics.com/c/caseyedwards.html
Casey J,https://www.azlyrics.com/c/caseyj.html
Casey James,https://www.azlyrics.com/c/caseyjames.html
Casey Veggies,https://www.azlyrics.com/c/caseyveggies.html
Cash And Maverick,https://www.azlyrics.com/c/cashandmaverick.html
Cash Cash,https://www.azlyrics.com/c/cashcash.html
"Cash, Johnny",https://www.azlyrics.com/c/cash.html
Cashmere Cat,https://www.azlyrics.com/c/cashmerecat.html
Cash Money Millionaires,https://www.azlyrics.com/c/cashmoney.html
"Cash, Rosanne",https://www.azlyrics.com/r/rosannecash.html
CASisDEAD,https://www.azlyrics.com/c/casisdead.html
Caskey,https://www.azlyrics.com/c/caskey.html
Casper,https://www.azlyrics.com/c/casper.html
Casper Mágico,https://www.azlyrics.com/c/caspermagico.html
Cassadee Pope,https://www.azlyrics.com/c/cassadeepope.html
Casseurs Flowters,https://www.azlyrics.com/c/casseursflowters.html
Cassidy,https://www.azlyrics.com/c/cassidy.html
"Cassidy, David",https://www.azlyrics.com/d/davidcassidy.html
"Cassidy, Eva",https://www.azlyrics.com/e/evacassidy.html
Cassie,https://www.azlyrics.com/c/cassie.html
Cassie Steele,https://www.azlyrics.com/c/cassiesteele.html
Cass McCombs,https://www.azlyrics.com/c/cassmccombs.html
Cassper Nyovest,https://www.azlyrics.com/c/casspernyovest.html
Cast,https://www.azlyrics.com/c/cast.html
"Castelli, Ralph",https://www.azlyrics.com/r/ralphcastelli.html
"Castillo, Alaina",https://www.azlyrics.com/a/alainacastillo.html
Casting Crowns,https://www.azlyrics.com/c/castingcrowns.html
"Castro, Jason",https://www.azlyrics.com/j/jasoncastro.html
"Casualties, The",https://www.azlyrics.com/c/casualties.html
"Cataracs, The",https://www.azlyrics.com/c/cataracs.html
CatchingYourClouds,https://www.azlyrics.com/c/catchingyourclouds.html
"Cat Empire, The",https://www.azlyrics.com/c/catempire.html
Catfish And The Bottlemen,https://www.azlyrics.com/c/catfishandthebottlemen.html
Cathedral,https://www.azlyrics.com/c/cathedral.html
Catherine McGrath,https://www.azlyrics.com/c/catherinemcgrath.html
Catie Turner,https://www.azlyrics.com/c/catieturner.html
Cat Pierce,https://www.azlyrics.com/c/catpierce.html
Cat Power,https://www.azlyrics.com/c/catpower.html
Cats On Trees,https://www.azlyrics.com/c/catsontrees.html
Cat Stevens,https://www.azlyrics.com/c/catstevens.html
"Cats, The",https://www.azlyrics.com/c/cats.html
"Catterfeld, Yvonne",https://www.azlyrics.com/y/yvonnecatterfeld.html
Cattle Decapitation,https://www.azlyrics.com/c/cattledecapitation.html
Caught A Ghost,https://www.azlyrics.com/c/caughtaghost.html
Cauterize,https://www.azlyrics.com/c/cauterize.html
"Cauthen, Paul",https://www.azlyrics.com/p/paulcauthen.html
Cautious Clay,https://www.azlyrics.com/c/cautiousclay.html
Cauty,https://www.azlyrics.com/c/cauty.html
"Cavalier, Lacy",https://www.azlyrics.com/l/lacycavalier.html
"Cavazza, Sandro",https://www.azlyrics.com/s/sandrocavazza.html
Cavetown,https://www.azlyrics.com/c/cavetown.html
Cavo,https://www.azlyrics.com/c/cavo.html
Caylee Hammack,https://www.azlyrics.com/c/cayleehammack.html
CAZZETTE,https://www.azlyrics.com/c/cazzette.html
Cazzu,https://www.azlyrics.com/c/cazzu.html
C-Block,https://www.azlyrics.com/c/cblock.html
Cdot Honcho,https://www.azlyrics.com/c/cdothoncho.html
"Ceceli, Mustafa",https://www.azlyrics.com/m/mustafaceceli.html
Cece Winans,https://www.azlyrics.com/c/cecewinans.html
Cecilia Krull,https://www.azlyrics.com/c/ceciliakrull.html
Cee Lo Green,https://www.azlyrics.com/c/ceelogreen.html
Ceg,https://www.azlyrics.com/c/ceg.html
"Cekin, Arman",https://www.azlyrics.com/a/armancekin.html
"Celentano, Adriano",https://www.azlyrics.com/a/adrianocelentano.html
Celeste,https://www.azlyrics.com/c/celeste.html
Celeste Buckingham,https://www.azlyrics.com/c/celestebuckingham.html
Celia Cruz,https://www.azlyrics.com/c/celiacruz.html
CÉLINE,https://www.azlyrics.com/c/celine.html
Celine Dion,https://www.azlyrics.com/d/dion.html
Celine & Nadya,https://www.azlyrics.com/c/celinenadya.html
Cellar Darling,https://www.azlyrics.com/c/cellardarling.html
Celldweller,https://www.azlyrics.com/c/celldweller.html
Celo & Abdi,https://www.azlyrics.com/c/celoabdi.html
Celtic Thunder,https://www.azlyrics.com/c/celticthunder.html
Celtic Woman,https://www.azlyrics.com/c/celticwoman.html
"Cena, John",https://www.azlyrics.com/j/johncena.html
Cepeda,https://www.azlyrics.com/c/cepeda.html
Ceraadi,https://www.azlyrics.com/c/ceraadi.html
"Cerati, Gustavo",https://www.azlyrics.com/g/gustavocerati.html
Ceremony,https://www.azlyrics.com/c/ceremony.html
Cesare Cremonini,https://www.azlyrics.com/c/cesarecremonini.html
"Cesarion, Kim",https://www.azlyrics.com/k/kimcesarion.html
Cesar Sampson,https://www.azlyrics.com/c/cesarsampson.html
CES Cru,https://www.azlyrics.com/c/cescru.html
"Cetera, Peter",https://www.azlyrics.com/p/petercetera.html
"Çevik, Yener",https://www.azlyrics.com/y/yenercevik.html
Ceza,https://www.azlyrics.com/c/ceza.html
Cezinando,https://www.azlyrics.com/c/cezinando.html
CG5,https://www.azlyrics.com/c/cg5.html
CGM,https://www.azlyrics.com/c/cgm.html
Chad Brownlee,https://www.azlyrics.com/c/chadbrownlee.html
Chad Kroeger,https://www.azlyrics.com/k/kroeger.html
"Chaidez, Ulices",https://www.azlyrics.com/u/uliceschaidezysusplebes.html
"Chain Gang Of 1974, The",https://www.azlyrics.com/c/chaingangof1974.html
"Chainsmokers, The",https://www.azlyrics.com/c/chainsmokers.html
Chairlift,https://www.azlyrics.com/c/chairlift.html
Chaka Demus & Pliers,https://www.azlyrics.com/c/chakademuspliers.html
Chaka Khan,https://www.azlyrics.com/c/chakakhan.html
Chakuza,https://www.azlyrics.com/c/chakuza.html
"Chambers, Kasey",https://www.azlyrics.com/c/chambers.html
Chameleon Circuit,https://www.azlyrics.com/c/chameleoncircuit.html
Chamillionaire,https://www.azlyrics.com/c/chamillionaire.html
"Champagne, Justin",https://www.azlyrics.com/j/justinchampagne.html
Champaign,https://www.azlyrics.com/c/champaign.html
Championxiii,https://www.azlyrics.com/c/championxiii.html
"Chamuel, Michelle",https://www.azlyrics.com/m/michellechamuel.html
"Chance, Greyson",https://www.azlyrics.com/g/greysonchance.html
Chance The Rapper,https://www.azlyrics.com/c/chancetherapper.html
Chanel West Coast,https://www.azlyrics.com/c/chanelwestcoast.html
"Change Of Pace, A",https://www.azlyrics.com/c/changeofpace.html
Changing Faces,https://www.azlyrics.com/c/changingfaces.html
"Chang, Jacky",https://www.azlyrics.com/j/jackychang.html
Changmo,https://www.azlyrics.com/c/changmo.html
"Chan, Jose Mari",https://www.azlyrics.com/j/josemarichan.html
Chantal Kreviazuk,https://www.azlyrics.com/k/kreviazuk.html
"Chante, Keshia",https://www.azlyrics.com/c/chante.html
Chantel Jeffries,https://www.azlyrics.com/c/chanteljeffries.html
Chanté Moore,https://www.azlyrics.com/c/chantemoore.html
Chanyeol,https://www.azlyrics.com/c/chanyeol.html
"Chao, Manu",https://www.azlyrics.com/m/manuchao.html
Chaos Chaos,https://www.azlyrics.com/c/chaoschaos.html
Chapel,https://www.azlyrics.com/c/chapel.html
"Chapin, Harry",https://www.azlyrics.com/h/harrychapin.html
"Chaplin, Tom",https://www.azlyrics.com/t/tomchaplin.html
"Chapman, Steven Curtis",https://www.azlyrics.com/s/stevencurtischapman.html
"Chapman, Tracy",https://www.azlyrics.com/t/tracychapman.html
"Charcos, Kent",https://www.azlyrics.com/k/kentcharcos.html
Charice,https://www.azlyrics.com/c/charice.html
"Chariot, The",https://www.azlyrics.com/c/chariot.html
Charity,https://www.azlyrics.com/c/charity.html
"Charlatans, The",https://www.azlyrics.com/c/charlatans.html
Charlene,https://www.azlyrics.com/c/charlene.html
Charlene Soraia,https://www.azlyrics.com/c/charlenesoraia.html
Charles Ans,https://www.azlyrics.com/c/charlesans.html
Charles Bradley,https://www.azlyrics.com/c/charlesbradley.html
Charles & Eddie,https://www.azlyrics.com/c/charleseddie.html
Charles Jenkins & Fellowship Chicago,https://www.azlyrics.com/c/charlesjenkinsfellowshipchicago.html
Charles Kelley,https://www.azlyrics.com/c/charleskelley.html
"Charles, Ray",https://www.azlyrics.com/r/raycharles.html
Charley Pride,https://www.azlyrics.com/c/charleypride.html
Charli Baltimore,https://www.azlyrics.com/c/charlibaltimore.html
Charlie Brown,https://www.azlyrics.com/c/charliebrown.html
Charlie Brown Jr.,https://www.azlyrics.com/c/charliebrownjr.html
Charlie Charles,https://www.azlyrics.com/c/charliecharles.html
Charlie Cunningham,https://www.azlyrics.com/c/charliecunningham.html
"Charlie Daniels Band, The",https://www.azlyrics.com/c/charliedanielsband.html
Charlie Farley,https://www.azlyrics.com/c/charliefarley.html
Charlie Puth,https://www.azlyrics.com/c/charlieputh.html
Charlie Rich,https://www.azlyrics.com/c/charlierich.html
Charlie Ryan,https://www.azlyrics.com/c/charlieryan.html
Charlie Simpson,https://www.azlyrics.com/c/charliesimpson.html
Charlie Wilson,https://www.azlyrics.com/c/charliewilson.html
Charlie Winston,https://www.azlyrics.com/c/charliewinston.html
Charlie Worsham,https://www.azlyrics.com/c/charlieworsham.html
Charli XCX,https://www.azlyrics.com/c/charlixcx.html
Charlotte Cardin,https://www.azlyrics.com/c/charlottecardin.html
Charlotte Church,https://www.azlyrics.com/c/church.html
Charlotte Day Wilson,https://www.azlyrics.com/c/charlottedaywilson.html
Charlotte Gainsbourg,https://www.azlyrics.com/c/charlottegainsbourg.html
Charlotte Lawrence,https://www.azlyrics.com/c/charlottelawrence.html
Charlotte OC,https://www.azlyrics.com/c/charlotteoc.html
Charlotte Sometimes,https://www.azlyrics.com/c/charlottesometimes.html
Charly Black,https://www.azlyrics.com/c/charlyblack.html
Charly Bliss,https://www.azlyrics.com/c/charlybliss.html
Charm City Devils,https://www.azlyrics.com/c/charmcitydevils.html
Chase Atlantic,https://www.azlyrics.com/c/chaseatlantic.html
Chase Bryant,https://www.azlyrics.com/c/chasebryant.html
Chase Coy,https://www.azlyrics.com/c/chasecoy.html
Chase Goehring,https://www.azlyrics.com/c/chasegoehring.html
Chase Rice,https://www.azlyrics.com/c/chaserice.html
Chase & Status,https://www.azlyrics.com/c/chasestatus.html
Chase Wright,https://www.azlyrics.com/c/chasewright.html
"Chasez, JC",https://www.azlyrics.com/j/jcchasez.html
Chastity Belt,https://www.azlyrics.com/c/chastitybelt.html
"Chats, The",https://www.azlyrics.com/c/chats.html
Chayanne,https://www.azlyrics.com/c/chayanne.html
Cheap Trick,https://www.azlyrics.com/c/cheaptrick.html
Cheat Codes,https://www.azlyrics.com/c/cheatcodes.html
Chedda Da Connect,https://www.azlyrics.com/c/cheddadaconnect.html
Che Ecru,https://www.azlyrics.com/c/cheecru.html
"Cheetah Girls, The",https://www.azlyrics.com/c/cheetahgirls.html
Chef'Special,https://www.azlyrics.com/c/chefspecial.html
Chelsea Collins,https://www.azlyrics.com/c/chelseacollins.html
Chelsea Cutler,https://www.azlyrics.com/c/chelseacutler.html
Chelsea Grin,https://www.azlyrics.com/c/chelseagrin.html
Chelsea Wolfe,https://www.azlyrics.com/c/chelseawolfe.html
Chely Wright,https://www.azlyrics.com/c/chelywright.html
"Chemical Brothers, The",https://www.azlyrics.com/c/chemicalbrothers.html
Chen,https://www.azlyrics.com/c/chen.html
"Chen, Jason",https://www.azlyrics.com/j/jasonchen.html
"Chenoweth, Kristin",https://www.azlyrics.com/k/kristinchenoweth.html
Cheque,https://www.azlyrics.com/c/cheque.html
Cher,https://www.azlyrics.com/c/cher.html
Cheri Dennis,https://www.azlyrics.com/c/cheridennis.html
Cherish,https://www.azlyrics.com/c/cherish.html
Cher Lloyd,https://www.azlyrics.com/c/cherlloyd.html
Cherrelle,https://www.azlyrics.com/c/cherrelle.html
Cherri Bomb,https://www.azlyrics.com/c/cherribomb.html
Cherry Bullet,https://www.azlyrics.com/c/cherrybullet.html
"Cherry, Eagle-Eye",https://www.azlyrics.com/e/eagleeyecherry.html
Cherry Glazerr,https://www.azlyrics.com/c/cherryglazerr.html
Cherry Monroe,https://www.azlyrics.com/c/cherrymonroe.html
"Cherry, Neneh",https://www.azlyrics.com/n/nenehcherry.html
Cherub,https://www.azlyrics.com/c/cherub.html
Cheryl Cole,https://www.azlyrics.com/c/cherylcole.html
Cheryl Lynn,https://www.azlyrics.com/c/cheryllynn.html
"Chesney, Kenny",https://www.azlyrics.com/c/chesney.html
"Chesnutt, Mark",https://www.azlyrics.com/m/markchesnutt.html
Chester See,https://www.azlyrics.com/c/chestersee.html
Chester Watson,https://www.azlyrics.com/c/chesterwatson.html
Chet Faker,https://www.azlyrics.com/c/chetfaker.html
Chevelle,https://www.azlyrics.com/c/chevelle.html
"Chevin, The",https://www.azlyrics.com/c/chevin.html
Chevy Woods,https://www.azlyrics.com/c/chevywoods.html
ChewieCatt,https://www.azlyrics.com/c/chewiecatt.html
Cheyenne Kimball,https://www.azlyrics.com/c/cheyennekimball.html
ChianoSky,https://www.azlyrics.com/c/chianosky.html
CHIC,https://www.azlyrics.com/c/chic.html
Chicago,https://www.azlyrics.com/c/chicago.html
Chicane,https://www.azlyrics.com/c/chicane.html
Chicano Batman,https://www.azlyrics.com/c/chicanobatman.html
Chickenfoot,https://www.azlyrics.com/c/chickenfoot.html
Chicory Tip,https://www.azlyrics.com/c/chicorytip.html
Chiddy Bang,https://www.azlyrics.com/c/chiddybang.html
Chief Keef,https://www.azlyrics.com/c/chiefkeef.html
"Chiffons, The",https://www.azlyrics.com/c/chiffons.html
"Childers, Tyler",https://www.azlyrics.com/t/tylerchilders.html
Childhood,https://www.azlyrics.com/c/childhood.html
Childish Gambino,https://www.azlyrics.com/c/childishgambino.html
Childish Major,https://www.azlyrics.com/c/childishmajor.html
Children Of Bodom,https://www.azlyrics.com/c/childrenofbodom.html
"Chi-Lites, The",https://www.azlyrics.com/c/chilites.html
Chilla,https://www.azlyrics.com/c/chilla.html
ChillinIT,https://www.azlyrics.com/c/chillinit.html
Chilliwack,https://www.azlyrics.com/c/chilliwack.html
chillwagon,https://www.azlyrics.com/c/chillwagon.html
Chily,https://www.azlyrics.com/c/chily.html
Chimaira,https://www.azlyrics.com/c/chimaira.html
Chimbala,https://www.azlyrics.com/c/chimbala.html
China Anne McClain,https://www.azlyrics.com/c/chinaannemcclain.html
China Crisis,https://www.azlyrics.com/c/chinacrisis.html
CHINCHILLA,https://www.azlyrics.com/c/chinchilla.html
Chingiz,https://www.azlyrics.com/c/chingiz.html
Chingy,https://www.azlyrics.com/c/chingy.html
Chino Moreno,https://www.azlyrics.com/c/chinomoreno.html
Chino Y Nacho,https://www.azlyrics.com/c/chinoynacho.html
"Chin, Tessanne",https://www.azlyrics.com/t/tessannechin.html
Chintya Gabriella,https://www.azlyrics.com/c/chintyagabriella.html
"Chin Up, Kid",https://www.azlyrics.com/c/chinupkid.html
"Chinwo, Mercy",https://www.azlyrics.com/m/mercychinwo.html
Chinx Drugz,https://www.azlyrics.com/c/chinxdrugz.html
Chiodos,https://www.azlyrics.com/c/chiodos.html
Chipmunk,https://www.azlyrics.com/c/chipmunk.html
Chip Tha Ripper,https://www.azlyrics.com/c/chiptharipper.html
Chitãozinho & Xororó,https://www.azlyrics.com/c/chitaozinhoxororo.html
"Chiu, Kim",https://www.azlyrics.com/k/kimchiu.html
Chivv,https://www.azlyrics.com/c/chivv.html
Chizai,https://www.azlyrics.com/c/chizai.html
Chloe Adams,https://www.azlyrics.com/c/chloeadams.html
Chloe Howl,https://www.azlyrics.com/c/chloehowl.html
Chloe Kohanski,https://www.azlyrics.com/c/chloekohanski.html
Chloe Lilac,https://www.azlyrics.com/c/chloelilac.html
Chloe Moriondo,https://www.azlyrics.com/c/chloemoriondo.html
Chloe x Halle,https://www.azlyrics.com/c/chloexhalle.html
Chocolate Factory,https://www.azlyrics.com/c/chocolatefactory.html
"Choi, David",https://www.azlyrics.com/d/davidchoi.html
Cho Jung Seok,https://www.azlyrics.com/c/chojungseok.html
Chon,https://www.azlyrics.com/c/chon.html
Choppa,https://www.azlyrics.com/c/choppa.html
"Chopra, Priyanka",https://www.azlyrics.com/p/priyankachopra.html
"Chordettes, The",https://www.azlyrics.com/c/chordettes.html
Chord Overstreet,https://www.azlyrics.com/c/chordoverstreet.html
"Chou, Jay",https://www.azlyrics.com/j/jaychou.html
Chris And Conrad,https://www.azlyrics.com/c/chrisandconrad.html
Chris August,https://www.azlyrics.com/c/chrisaugust.html
Chris Bandi,https://www.azlyrics.com/c/chrisbandi.html
Chris Brown,https://www.azlyrics.com/c/chrisbrown.html
Chris Cagle,https://www.azlyrics.com/c/chriscagle.html
Chris Cornell,https://www.azlyrics.com/c/chriscornell.html
Chris Crocker,https://www.azlyrics.com/c/chriscrocker.html
Chris De Burgh,https://www.azlyrics.com/c/chrisdeburgh.html
Chrisette Michele,https://www.azlyrics.com/c/chrisettemichele.html
Chrishan,https://www.azlyrics.com/c/chrishan.html
Chris Isaak,https://www.azlyrics.com/i/isaak.html
Chris Jamison,https://www.azlyrics.com/c/chrisjamison.html
Chris Janson,https://www.azlyrics.com/c/chrisjanson.html
Chris & Kem,https://www.azlyrics.com/c/chriskem.html
Chris Kläfford,https://www.azlyrics.com/c/chrisklfford.html
Chris Knight,https://www.azlyrics.com/c/chrisknight.html
Chris Lane,https://www.azlyrics.com/c/chrislane.html
Chris LeDoux,https://www.azlyrics.com/c/chrisledoux.html
Chris Malinchak,https://www.azlyrics.com/c/chrismalinchak.html
Chris Mann,https://www.azlyrics.com/c/chrismann.html
Chris Martin,https://www.azlyrics.com/c/chrismartin.html
Chris McClarney,https://www.azlyrics.com/c/chrismcclarney.html
Chris Medina,https://www.azlyrics.com/c/chrismedina.html
Chris Miles,https://www.azlyrics.com/c/chrismiles.html
Chris Norman,https://www.azlyrics.com/c/chrisnorman.html
Chris Rea,https://www.azlyrics.com/c/chrisrea.html
Chris Rene,https://www.azlyrics.com/c/chrisrene.html
Chris Renzema,https://www.azlyrics.com/c/chrisrenzema.html
Chris Robinson Brotherhood,https://www.azlyrics.com/c/chrisrobinsonbrotherhood.html
Chris Sails,https://www.azlyrics.com/c/chrissails.html
Chrissie Hynde,https://www.azlyrics.com/c/chrissiehynde.html
Chris Stapleton,https://www.azlyrics.com/c/chrisstapleton.html
Chrissy Metz,https://www.azlyrics.com/c/chrissymetz.html
Christian Akridge,https://www.azlyrics.com/c/christianakridge.html
Christian Bautista,https://www.azlyrics.com/c/christianbautista.html
Christian Collins,https://www.azlyrics.com/c/christiancollins.html
Christian French,https://www.azlyrics.com/c/christianfrench.html
Christian Kane,https://www.azlyrics.com/c/christiankane.html
Christian Kuria,https://www.azlyrics.com/c/christiankuria.html
Christian Nodal,https://www.azlyrics.com/c/christiannodal.html
Christie,https://www.azlyrics.com/c/christie.html
Christina Aguilera,https://www.azlyrics.com/a/aguilera.html
Christina Grimmie,https://www.azlyrics.com/c/christinagrimmie.html
Christina Milian,https://www.azlyrics.com/m/milian.html
Christina Perri,https://www.azlyrics.com/c/christinaperri.html
Christine And The Queens,https://www.azlyrics.com/c/christineandthequeens.html
Chris Tomlin,https://www.azlyrics.com/c/christomlin.html
Christon Gray,https://www.azlyrics.com/c/christongray.html
Christophe Maé,https://www.azlyrics.com/c/christophemae.html
Christopher,https://www.azlyrics.com/c/christopher.html
Christopher Cross,https://www.azlyrics.com/c/christophercross.html
"Christopher, Luke",https://www.azlyrics.com/l/lukechristopher.html
"Christopher, Mic",https://www.azlyrics.com/m/micchristopher.html
Chris Travis,https://www.azlyrics.com/c/christravis.html
Christy Carlson Romano,https://www.azlyrics.com/c/christycarlsonromano.html
"Christy, Lauren",https://www.azlyrics.com/c/christy.html
Christy Moore,https://www.azlyrics.com/c/christymoore.html
Christy Nockels,https://www.azlyrics.com/c/christynockels.html
Chris Viz,https://www.azlyrics.com/c/chrisviz.html
Chris Walker,https://www.azlyrics.com/c/chriswalker.html
Chris Wallace,https://www.azlyrics.com/c/chriswallace.html
Chris Webby,https://www.azlyrics.com/c/chriswebby.html
Chrisye,https://www.azlyrics.com/c/chrisye.html
Chris Young,https://www.azlyrics.com/c/chrisyoung.html
Chromance,https://www.azlyrics.com/c/chromance.html
Chromatics,https://www.azlyrics.com/c/chromatics.html
Chromeo,https://www.azlyrics.com/c/chromeo.html
Chronic Future,https://www.azlyrics.com/c/chronicfuture.html
Chronixx,https://www.azlyrics.com/c/chronixx.html
Chubby Checker,https://www.azlyrics.com/c/chubbychecker.html
Chucho Rivas,https://www.azlyrics.com/c/chuchorivas.html
Chuck Berry,https://www.azlyrics.com/c/chuckberry.html
Chuck Wicks,https://www.azlyrics.com/c/chuckwicks.html
Chumbawamba,https://www.azlyrics.com/c/chumbawamba.html
Chungha,https://www.azlyrics.com/c/chungha.html
"Chunk! No, Captain Chunk!",https://www.azlyrics.com/c/chunknocaptainchunk.html
"Church, Eric",https://www.azlyrics.com/e/ericchurch.html
"Church, The",https://www.azlyrics.com/c/churchband.html
Chuy Lizarraga,https://www.azlyrics.com/c/chuylizarraga.html
CHVRCHES,https://www.azlyrics.com/c/chvrches.html
CHVSE,https://www.azlyrics.com/c/chvse.html
Chyno Miranda,https://www.azlyrics.com/c/chynomiranda.html
Ciara,https://www.azlyrics.com/c/ciara.html
Ciaran Lavery,https://www.azlyrics.com/c/ciaranlavery.html
CiCi,https://www.azlyrics.com/c/cici.html
Cider Sky,https://www.azlyrics.com/c/cidersky.html
Cierra Ramirez,https://www.azlyrics.com/c/cierraramirez.html
Cigarettes After Sex,https://www.azlyrics.com/c/cigarettesaftersex.html
"Ciğerci, Selin",https://www.azlyrics.com/s/selincigerci.html
cignature,https://www.azlyrics.com/c/cignature.html
Cilla Black,https://www.azlyrics.com/c/cillablack.html
"Cilmi, Gabriella",https://www.azlyrics.com/g/gabriellacilmi.html
Cimorelli,https://www.azlyrics.com/c/cimorelli.html
"Cimorelli, Lauren",https://www.azlyrics.com/l/laurencimorelli.html
"Cimorelli, Lisa",https://www.azlyrics.com/l/lisacimorelli.html
Cinderella,https://www.azlyrics.com/c/cinderella.html
Cinema Bizarre,https://www.azlyrics.com/c/cinemabizarre.html
"Cinema, The",https://www.azlyrics.com/c/cinema.html
"Cinematic Orchestra, The",https://www.azlyrics.com/c/cinematicorchestra.html
"Cinnamon, Gerry",https://www.azlyrics.com/g/gerrycinnamon.html
Circa Survive,https://www.azlyrics.com/c/circasurvive.html
Circa Waves,https://www.azlyrics.com/c/circawaves.html
Circle Of Dust,https://www.azlyrics.com/c/circleofdust.html
Citipointe Worship,https://www.azlyrics.com/c/citipointeworship.html
Citizen,https://www.azlyrics.com/c/citizen.html
Citizen Cope,https://www.azlyrics.com/c/citizencope.html
Citizen Soldier,https://www.azlyrics.com/c/citizensoldier.html
Citizen Way,https://www.azlyrics.com/c/citizenway.html
City And Colour,https://www.azlyrics.com/c/cityandcolour.html
Citybois,https://www.azlyrics.com/c/citybois.html
City Girls,https://www.azlyrics.com/c/citygirls.html
"City Harmonic, The",https://www.azlyrics.com/c/cityharmonic.html
City High,https://www.azlyrics.com/c/cityhigh.html
City Morgue,https://www.azlyrics.com/c/citymorgue.html
"Civetz, Malia",https://www.azlyrics.com/m/maliacivetz.html
Civil Twilight,https://www.azlyrics.com/c/civiltwilight.html
Civil War,https://www.azlyrics.com/c/civilwar.html
"Civil Wars, The",https://www.azlyrics.com/c/civilwars.html
CIX,https://www.azlyrics.com/c/cix.html
CJ,https://www.azlyrics.com/c/cj.html
CJ Fly,https://www.azlyrics.com/c/cjfly.html
CJ SO COOL,https://www.azlyrics.com/c/cjsocool.html
CK9C,https://www.azlyrics.com/c/ck9c.html
CKY,https://www.azlyrics.com/c/cky.html
CL,https://www.azlyrics.com/c/cl.html
Claire De Lune,https://www.azlyrics.com/c/clairedelune.html
Claire Laffut,https://www.azlyrics.com/c/clairelaffut.html
Claire Rosinkranz,https://www.azlyrics.com/c/clairerosinkranz.html
Clairity,https://www.azlyrics.com/c/clairity.html
Clairo,https://www.azlyrics.com/c/clairo.html
Clan Of Xymox,https://www.azlyrics.com/c/clanofxymox.html
Claptone,https://www.azlyrics.com/c/claptone.html
"Clapton, Eric",https://www.azlyrics.com/e/ericclapton.html
Clap Your Hands Say Yeah,https://www.azlyrics.com/c/clapyourhandssayyeah.html
Clara,https://www.azlyrics.com/c/clara.html
Clara Benin,https://www.azlyrics.com/c/clarabenin.html
Clara Luciani,https://www.azlyrics.com/c/claraluciani.html
Clara Mae,https://www.azlyrics.com/c/claramae.html
"Clare, Alex",https://www.azlyrics.com/a/alexclare.html
Clare Bowen,https://www.azlyrics.com/c/clarebowen.html
Clare Dunn,https://www.azlyrics.com/c/claredunn.html
Clare Maguire,https://www.azlyrics.com/c/claremaguire.html
Clariyah,https://www.azlyrics.com/c/clariyah.html
"Clark, Brandy",https://www.azlyrics.com/b/brandyclark.html
"Clarke, Jordan",https://www.azlyrics.com/j/jordanclarke.html
"Clark, Guy",https://www.azlyrics.com/g/guyclark.html
"Clark, Jr., Gary",https://www.azlyrics.com/g/garyclarkjr.html
"Clark, Petula",https://www.azlyrics.com/p/petulaclark.html
"Clark Sheard, Karen",https://www.azlyrics.com/k/karenclarksheard.html
"Clark Sisters, The",https://www.azlyrics.com/c/clarksisters.html
"Clarkson, Kelly",https://www.azlyrics.com/c/clarkson.html
"Clarks, The",https://www.azlyrics.com/c/clarks.html
"Clark, Terri",https://www.azlyrics.com/t/terriclark.html
"Clash, The",https://www.azlyrics.com/c/clash.html
"Classic Crime, The",https://www.azlyrics.com/c/classiccrime.html
Classics IV,https://www.azlyrics.com/c/classicsiv.html
Classified,https://www.azlyrics.com/c/classified.html
Cláudia Pascoal,https://www.azlyrics.com/c/cludiapascoal.html
"Claudio, Sabrina",https://www.azlyrics.com/s/sabrinaclaudio.html
Clay Aiken,https://www.azlyrics.com/a/aiken.html
Claydee,https://www.azlyrics.com/c/claydee.html
"Clay, Jonathan",https://www.azlyrics.com/j/jonathanclay.html
"Claypool Lennon Delirium, The",https://www.azlyrics.com/c/claypoollennondelirium.html
"Clayton, Zach",https://www.azlyrics.com/z/zachclayton.html
Clay Walker,https://www.azlyrics.com/c/claywalker.html
CLC,https://www.azlyrics.com/c/clc.html
Clean Bandit,https://www.azlyrics.com/c/cleanbandit.html
"Cleary, Nikki",https://www.azlyrics.com/n/nikkicleary.html
"Clementine, Benjamin",https://www.azlyrics.com/b/benjaminclementine.html
Clementino,https://www.azlyrics.com/c/clementino.html
"Clemmons, Riley",https://www.azlyrics.com/r/rileyclemmons.html
"Clendening, Anna",https://www.azlyrics.com/a/annaclendening.html
cleopatrick,https://www.azlyrics.com/c/cleopatrick.html
Cleo Sol,https://www.azlyrics.com/c/cleosol.html
Clever,https://www.azlyrics.com/c/clever.html
"Click Five, The",https://www.azlyrics.com/c/clickfive.html
"Cliff, Jimmy",https://www.azlyrics.com/j/jimmycliff.html
Cliff Richard,https://www.azlyrics.com/c/cliffrichard.html
Climax Blues Band,https://www.azlyrics.com/c/climaxbluesband.html
"Cline, Patsy",https://www.azlyrics.com/p/patsycline.html
Clint Black,https://www.google.com/search?q=clint+black+lyrics
Clint Lowery,https://www.azlyrics.com/c/clintlowery.html
Clinton Kane,https://www.azlyrics.com/c/clintonkane.html
Clinton Sparks,https://www.azlyrics.com/c/clintonsparks.html
clipping.,https://www.azlyrics.com/c/clipping.html
"Clipse, The",https://www.azlyrics.com/c/clipse.html
CLiQ,https://www.azlyrics.com/c/cliq.html
CLMD,https://www.azlyrics.com/c/clmd.html
Clooney,https://www.azlyrics.com/c/clooney.html
"Close, Sarah",https://www.azlyrics.com/s/sarahclose.html
Closure,https://www.azlyrics.com/c/closure.html
Cloud Control,https://www.azlyrics.com/c/cloudcontrol.html
Cloud Cult,https://www.azlyrics.com/c/cloudcult.html
Cloud Nothings,https://www.azlyrics.com/c/cloudnothings.html
Cloverton,https://www.azlyrics.com/c/cloverton.html
CLOVES,https://www.azlyrics.com/c/cloves.html
CLR,https://www.azlyrics.com/c/clr.html
Clueso,https://www.azlyrics.com/c/clueso.html
Clutch,https://www.azlyrics.com/c/clutch.html
Clyde Carson,https://www.azlyrics.com/c/clydecarson.html
Clyde The Mack,https://www.azlyrics.com/c/clydethemack.html
CMC$,https://www.azlyrics.com/c/cmc.html
CMH,https://www.azlyrics.com/c/cmh.html
Cmten,https://www.azlyrics.com/c/cmten.html
CNBLUE,https://www.azlyrics.com/c/cnblue.html
CNCO,https://www.azlyrics.com/c/cnco.html
Coal Chamber,https://www.azlyrics.com/c/coalchamber.html
"Coasters, The",https://www.azlyrics.com/c/coasters.html
Coasts,https://www.azlyrics.com/c/coasts.html
"Cobb, Brent",https://www.azlyrics.com/b/brentcobb.html
"Cobbs, Tasha",https://www.azlyrics.com/t/tashacobbs.html
Cobi,https://www.azlyrics.com/c/cobi.html
Cobra Starship,https://www.azlyrics.com/c/cobrastarship.html
Cochise,https://www.azlyrics.com/c/cochise.html
"Cochran, Eddie",https://www.azlyrics.com/e/eddiecochran.html
"Cochrane, Tom",https://www.azlyrics.com/t/tomcochrane.html
"Cockburn, Bruce",https://www.azlyrics.com/b/brucecockburn.html
"Cocker, Jarvis",https://www.azlyrics.com/j/jarviscocker.html
"Cocker, Joe",https://www.azlyrics.com/j/joecocker.html
Cockney Rebel,https://www.azlyrics.com/c/cockneyrebel.html
"Cocks, Ben",https://www.azlyrics.com/b/bencocks.html
Cock Sparrer,https://www.azlyrics.com/c/cocksparrer.html
CoCo,https://www.azlyrics.com/c/coco.html
Coco Jones,https://www.azlyrics.com/c/cocojones.html
Coco Lee,https://www.azlyrics.com/l/lee.html
Coconut Records,https://www.azlyrics.com/c/coconutrecords.html
CocoRosie,https://www.azlyrics.com/c/cocorosie.html
"Cocozza, Frankie",https://www.azlyrics.com/f/frankiecocozza.html
Cocteau Twins,https://www.azlyrics.com/c/cocteautwins.html
Code Orange,https://www.azlyrics.com/c/codeorange.html
Codi Kaye,https://www.azlyrics.com/c/codikaye.html
Cody Carnes,https://www.azlyrics.com/c/codycarnes.html
Cody Jinks,https://www.azlyrics.com/c/codyjinks.html
Cody Johnson,https://www.azlyrics.com/c/codyjohnson.html
Cody Longo,https://www.azlyrics.com/c/codylongo.html
Cody Simpson,https://www.azlyrics.com/c/codysimpson.html
"Coe, David Allan",https://www.azlyrics.com/d/davidallancoe.html
Coeur De Pirate,https://www.azlyrics.com/c/coeurdepirate.html
Coez,https://www.azlyrics.com/c/coez.html
Coheed And Cambria,https://www.azlyrics.com/c/coheedandcambria.html
"Cohen, Leonard",https://www.azlyrics.com/c/cohen.html
"Cohn, Danielle",https://www.azlyrics.com/d/daniellecohn.html
"Cohn, Marc",https://www.azlyrics.com/m/marccohn.html
Coi Leray,https://www.azlyrics.com/c/coileray.html
COIN,https://www.azlyrics.com/c/coin.html
Col3trane,https://www.azlyrics.com/c/col3trane.html
Colbie Caillat,https://www.azlyrics.com/c/colbiecaillat.html
Colby O'Donis,https://www.azlyrics.com/c/colbyodonis.html
Cold,https://www.azlyrics.com/c/cold.html
Cold Chisel,https://www.azlyrics.com/c/coldchisel.html
COLDCLOUD,https://www.azlyrics.com/c/coldcloud.html
Cold Hart,https://www.azlyrics.com/c/coldhart.html
Coldplay,https://www.azlyrics.com/c/coldplay.html
coldrain,https://www.azlyrics.com/c/coldrain.html
Cold War Kids,https://www.azlyrics.com/c/coldwarkids.html
"Cole, Aaron",https://www.azlyrics.com/a/aaroncole.html
"Cole, Keyshia",https://www.azlyrics.com/k/keyshiacole.html
"Cole, Kimberly",https://www.azlyrics.com/k/kimberlycole.html
"Cole, Lloyd",https://www.azlyrics.com/l/lloydcole.html
Coleman Hell,https://www.azlyrics.com/c/colemanhell.html
"Cole, Natalie",https://www.azlyrics.com/n/nataliecole.html
"Cole, Nat King",https://www.azlyrics.com/n/natkingcole.html
"Cole, Paula",https://www.azlyrics.com/p/paulacole.html
Cole Swindell,https://www.azlyrics.com/c/coleswindell.html
Colette Carr,https://www.azlyrics.com/c/colettecarr.html
Colicchie,https://www.azlyrics.com/c/colicchie.html
Colin Hay,https://www.azlyrics.com/c/colinhay.html
Colin James,https://www.azlyrics.com/c/colinjames.html
Collective Soul,https://www.azlyrics.com/c/collectivesoul.html
"Collective, The",https://www.azlyrics.com/c/collective.html
College,https://www.azlyrics.com/c/college.html
Collie Buddz,https://www.azlyrics.com/c/colliebuddz.html
"Collier, Jacob",https://www.azlyrics.com/j/jacobcollier.html
Collin Raye,https://www.azlyrics.com/c/collinraye.html
"Collins, Edwyn",https://www.azlyrics.com/e/edwyncollins.html
"Collins, Judy",https://www.azlyrics.com/j/judycollins.html
"Collins, Kweku",https://www.azlyrics.com/k/kwekucollins.html
"Collins, Marcus",https://www.azlyrics.com/m/marcuscollins.html
"Collins, Nico",https://www.azlyrics.com/n/nicocollins.html
"Collins, Phil",https://www.azlyrics.com/c/collins.html
Coln,https://www.azlyrics.com/c/coln.html
Colonel Loud,https://www.azlyrics.com/c/colonelloud.html
"Colon, Javier",https://www.azlyrics.com/j/javiercolon.html
Colony House,https://www.azlyrics.com/c/colonyhouse.html
Color Me Badd,https://www.azlyrics.com/c/colormebadd.html
"Color Morale, The",https://www.azlyrics.com/c/colormorale.html
Colouring,https://www.azlyrics.com/c/colouring.html
"Colourist, The",https://www.azlyrics.com/c/colourist.html
"Colter, Jessi",https://www.azlyrics.com/j/jessicolter.html
Colter Wall,https://www.azlyrics.com/c/colterwall.html
Colt Ford,https://www.azlyrics.com/c/coltford.html
"Colt, Kelvyn",https://www.azlyrics.com/k/kelvyncolt.html
Colton Dixon,https://www.azlyrics.com/c/coltondixon.html
"Colton, Graham",https://www.azlyrics.com/g/grahamcolton.html
Columbine,https://www.azlyrics.com/c/columbine.html
"Colvin, Shawn",https://www.azlyrics.com/s/shawncolvin.html
"Coly, Lucas",https://www.azlyrics.com/l/lucascoly.html
"Combs, Luke",https://www.azlyrics.com/l/lukecombs.html
Combustible Edison,https://www.azlyrics.com/c/combustible.html
Comeback Kid,https://www.azlyrics.com/c/comebackkid.html
Come From Away Cast,https://www.azlyrics.com/c/comefromawaycast.html
Comethazine,https://www.azlyrics.com/c/comethazine.html
"Commodores, The",https://www.azlyrics.com/c/commodores.html
Common,https://www.azlyrics.com/c/common.html
Common Kings,https://www.azlyrics.com/c/commonkings.html
"Common Linnets, The",https://www.azlyrics.com/c/commonlinnets.html
"Como, Perry",https://www.azlyrics.com/p/perrycomo.html
Company Of Thieves,https://www.azlyrics.com/c/companyofthieves.html
Conan Gray,https://www.azlyrics.com/c/conangray.html
Conan Osíris,https://www.azlyrics.com/c/conanosris.html
"Concepcion, Sam",https://www.azlyrics.com/s/samconcepcion.html
Conchita Wurst,https://www.azlyrics.com/c/conchitawurst.html
Concrete Blonde,https://www.azlyrics.com/c/concreteblonde.html
Confederate Railroad,https://www.azlyrics.com/c/confederaterailroad.html
Confetti,https://www.azlyrics.com/c/confetti.html
Conkarah,https://www.azlyrics.com/c/conkarah.html
"Conlee, John",https://www.azlyrics.com/j/johnconlee.html
"Conley, Earl Thomas",https://www.azlyrics.com/e/earlthomasconley.html
"Connick, Jr., Harry",https://www.azlyrics.com/c/connickjr.html
Connie Francis,https://www.azlyrics.com/c/conniefrancis.html
Connie Smith,https://www.azlyrics.com/c/conniesmith.html
Connie Talbot,https://www.azlyrics.com/c/connietalbot.html
Connor Duermit,https://www.azlyrics.com/c/connorduermit.html
"Connor, Jodie",https://www.azlyrics.com/j/jodieconnor.html
"Connor, Sarah",https://www.azlyrics.com/c/connor.html
Conor Matthews,https://www.azlyrics.com/c/conormatthews.html
Conor Maynard,https://www.azlyrics.com/c/conormaynard.html
Conor Oberst,https://www.azlyrics.com/c/conoroberst.html
Conquer Divide,https://www.azlyrics.com/c/conquerdivide.html
Conrad Sewell,https://www.azlyrics.com/c/conradsewell.html
"Conrique, Dylan",https://www.azlyrics.com/d/dylanconrique.html
"Constantino, Yeng",https://www.azlyrics.com/y/yengconstantino.html
"Contortionist, The",https://www.azlyrics.com/c/contortionist.html
"Contours, The",https://www.azlyrics.com/c/contours.html
Converge,https://www.azlyrics.com/c/converge.html
Convictions,https://www.azlyrics.com/c/convictions.html
convolk,https://www.azlyrics.com/c/convolk.html
Conway The Machine,https://www.azlyrics.com/c/conwaythemachine.html
Conway Twitty,https://www.azlyrics.com/c/conwaytwitty.html
Coo Coo Cal,https://www.azlyrics.com/c/coocoocal.html
"Cooder, Ry",https://www.azlyrics.com/r/rycooder.html
"Cook, Amanda",https://www.azlyrics.com/a/amandacook.html
"Cook, David",https://www.azlyrics.com/d/davidcook.html
"Cooke, Sam",https://www.azlyrics.com/s/samcooke.html
Cookiee Kawaii,https://www.azlyrics.com/c/cookieekawaii.html
"Cook, Kay",https://www.azlyrics.com/k/kaycook.html
"Coolidge, Rita",https://www.azlyrics.com/r/ritacoolidge.html
Coolio,https://www.azlyrics.com/c/coolio.html
"Cool Kids, The",https://www.azlyrics.com/c/coolkids.html
"Coombes, Gaz",https://www.azlyrics.com/g/gazcoombes.html
"Cooper, Alice",https://www.azlyrics.com/a/alicecooper.html
"Cooper, Fifi",https://www.azlyrics.com/f/fificooper.html
"Cooper, Kolby",https://www.azlyrics.com/k/kolbycooper.html
"Cooper, Lenny",https://www.azlyrics.com/l/lennycooper.html
"Cooper Temple Clause, The",https://www.azlyrics.com/c/coopertempleclause.html
Copeland,https://www.azlyrics.com/c/copeland.html
"Copperman, Ross",https://www.azlyrics.com/r/rosscopperman.html
"Coral, The",https://www.azlyrics.com/c/coral.html
Corbin Bleu,https://www.azlyrics.com/c/corbinbleu.html
"Corbin, Easton",https://www.azlyrics.com/e/eastoncorbin.html
"Corby, Matt",https://www.azlyrics.com/m/mattcorby.html
Corey Hart,https://www.azlyrics.com/c/coreyhart.html
Corey Smith,https://www.azlyrics.com/c/coreysmith.html
Corey Taylor,https://www.azlyrics.com/t/taylor.html
"Corgan, Billy",https://www.azlyrics.com/b/billycorgan.html
Corinne Bailey Rae,https://www.azlyrics.com/c/corinnebaileyrae.html
"Cornejo, Wency",https://www.azlyrics.com/w/wencycornejo.html
Cornelio Vega y Su Dinastia,https://www.azlyrics.com/c/corneliovegaysudinastia.html
Cornershop,https://www.azlyrics.com/c/cornershop.html
"Coronas, The",https://www.azlyrics.com/c/coronas.html
"Coronel, Luis",https://www.azlyrics.com/l/luiscoronel.html
CORPSE,https://www.azlyrics.com/c/corpse.html
"Corr, Andrea",https://www.azlyrics.com/a/andreacorr.html
"Correspondents, The",https://www.azlyrics.com/c/correspondents.html
Corrosion Of Conformity,https://www.azlyrics.com/c/corrosionofconformity.html
"Corrs, The",https://www.azlyrics.com/c/corrs.html
"Corry, Joel",https://www.azlyrics.com/j/joelcorry.html
Cory Asbury,https://www.azlyrics.com/c/coryasbury.html
Cory Gunz,https://www.azlyrics.com/c/corygunz.html
Cory Marks,https://www.azlyrics.com/c/corymarks.html
Cory Wells,https://www.azlyrics.com/c/corywells.html
Cosculluela,https://www.azlyrics.com/c/cosculluela.html
"Cosgrove, Miranda",https://www.azlyrics.com/m/mirandacosgrove.html
Cosima,https://www.azlyrics.com/c/cosima.html
Cosima De Vito,https://www.azlyrics.com/c/cosimadevito.html
Cosmo Sheldrake,https://www.azlyrics.com/c/cosmosheldrake.html
Cosmo's Midnight,https://www.azlyrics.com/c/cosmosmidnight.html
Costa Gold,https://www.azlyrics.com/c/costagold.html
"Costa, Matt",https://www.azlyrics.com/m/mattcosta.html
"Costa, Nikka",https://www.azlyrics.com/c/costa.html
"Costell, Erika",https://www.azlyrics.com/e/erikacostell.html
"Costello, Elvis",https://www.azlyrics.com/e/elviscostello.html
"Costello, Katie",https://www.azlyrics.com/k/katiecostello.html
"CottonTale, Peter",https://www.azlyrics.com/p/petercottontale.html
COUNTERFEIT.,https://www.azlyrics.com/c/counterfeit.html
Counterparts,https://www.azlyrics.com/c/counterparts.html
Counting Crows,https://www.azlyrics.com/c/counting.html
Country Joe And The Fish,https://www.azlyrics.com/c/countryjoeandthefish.html
Coup,https://www.azlyrics.com/c/coup.html
Courage My Love,https://www.azlyrics.com/c/couragemylove.html
Course Of Nature,https://www.azlyrics.com/c/courseofnature.html
"Courteeners, The",https://www.azlyrics.com/c/courteeners.html
Courtney Barnett,https://www.azlyrics.com/c/courtneybarnett.html
"Courtney, Barns",https://www.azlyrics.com/b/barnscourtney.html
Courtney Jaye,https://www.azlyrics.com/c/courtneyjaye.html
Courtney Love,https://www.azlyrics.com/l/love.html
Courtney Parker,https://www.azlyrics.com/c/courtneyparker.html
"Courtney Wilson, Brian",https://www.azlyrics.com/b/briancourtneywilson.html
courtship.,https://www.azlyrics.com/c/courtship.html
Court Yard Hounds,https://www.azlyrics.com/c/courtyardhounds.html
"Coury, Tino",https://www.azlyrics.com/t/tinocoury.html
Cousin Stizz,https://www.azlyrics.com/c/cousinstizz.html
Coverdale•Page,https://www.azlyrics.com/c/coverdalepage.html
Cover Drive,https://www.azlyrics.com/c/coverdrive.html
"Cover Girls, The",https://www.azlyrics.com/c/covergirls.html
"Covington, Bucky",https://www.azlyrics.com/b/buckycovington.html
Cowboy Junkies,https://www.azlyrics.com/c/cowboy.html
Cowboy Troy,https://www.azlyrics.com/c/cowboytroy.html
"Cowsills, The",https://www.azlyrics.com/c/cowsills.html
"Cox, Deborah",https://www.azlyrics.com/c/cox.html
"Coxon, Graham",https://www.azlyrics.com/g/grahamcoxon.html
"Coyle, Nadine",https://www.azlyrics.com/n/nadinecoyle.html
Coyote Theory,https://www.azlyrics.com/c/coyotetheory.html
"Cozart, Jon",https://www.azlyrics.com/j/joncozart.html
"Cozier, Jimmy",https://www.azlyrics.com/c/cozier.html
cøzybøy,https://www.azlyrics.com/c/cozyboy.html
Cozz,https://www.azlyrics.com/c/cozz.html
Cracker,https://www.azlyrics.com/c/cracker.html
Cradle Of Filth,https://www.azlyrics.com/c/cradleoffilth.html
"Craft, Marlon",https://www.azlyrics.com/m/marloncraft.html
Craft Spells,https://www.azlyrics.com/c/craftspells.html
"Craig, Adam",https://www.azlyrics.com/a/adamcraig.html
Craig Campbell,https://www.azlyrics.com/c/craigcampbell.html
Craig David,https://www.azlyrics.com/d/david.html
"Craig, Harrison",https://www.azlyrics.com/h/harrisoncraig.html
"Craig, Jonny",https://www.azlyrics.com/j/jonnycraig.html
Craig Morgan,https://www.azlyrics.com/c/craigmorgan.html
Craig Smart,https://www.azlyrics.com/c/craigsmart.html
Craig Wayne Boyd,https://www.azlyrics.com/c/craigwayneboyd.html
Craig Xen,https://www.azlyrics.com/c/craigxen.html
"Cramps, The",https://www.azlyrics.com/c/cramps.html
"Cranberries, The",https://www.azlyrics.com/c/cranberries.html
"Crandall, Spencer",https://www.azlyrics.com/s/spencercrandall.html
"Crane, Rozzi",https://www.azlyrics.com/r/rozzicrane.html
Crashdiet,https://www.azlyrics.com/c/crashdiet.html
Crash Kings,https://www.azlyrics.com/c/crashkings.html
Crash Test Dummies,https://www.azlyrics.com/c/crash.html
Crass,https://www.azlyrics.com/c/crass.html
Cravity,https://www.azlyrics.com/c/cravity.html
"Crawford, Billy",https://www.azlyrics.com/b/billycrawford.html
"Crawford, Leanna",https://www.azlyrics.com/l/leannacrawford.html
"Crawford, Randy",https://www.azlyrics.com/r/randycrawford.html
"Cray, Robert",https://www.azlyrics.com/r/robertcray.html
Crazy Ex-Girlfriend Cast,https://www.azlyrics.com/c/crazyexgirlfriendcast.html
Crazy Lixx,https://www.azlyrics.com/c/crazylixx.html
Crazy Town,https://www.azlyrics.com/c/crazytown.html
Cream,https://www.azlyrics.com/c/cream.html
Cream Soda,https://www.azlyrics.com/c/creamsoda.html
Creature Feature,https://www.azlyrics.com/c/creaturefeature.html
Creed,https://www.azlyrics.com/c/creed.html
Creedence Clearwater Revival,https://www.azlyrics.com/c/creedenceclearwaterrevival.html
Creed Fisher,https://www.azlyrics.com/c/creedfisher.html
Creeper,https://www.azlyrics.com/c/creeper.html
"Crespo, Elvis",https://www.azlyrics.com/e/elviscrespo.html
"Cribs, The",https://www.azlyrics.com/c/cribs.html
"C. Riley, Jeannie",https://www.azlyrics.com/j/jeanniecriley.html
Crime Mob,https://www.azlyrics.com/c/crimemob.html
Cris Cab,https://www.azlyrics.com/c/criscab.html
"Criss, Darren",https://www.azlyrics.com/d/darrencriss.html
Cristiano Araujo,https://www.azlyrics.com/c/cristianoaraujo.html
C.R.O,https://www.azlyrics.com/c/crobarderos.html
Cro,https://www.azlyrics.com/c/cro.html
Crobot,https://www.azlyrics.com/c/crobot.html
"Croce, Jim",https://www.azlyrics.com/j/jimcroce.html
"Croll, Dan",https://www.azlyrics.com/d/dancroll.html
Crooked Colours,https://www.azlyrics.com/c/crookedcolours.html
Crooked I,https://www.azlyrics.com/c/crookedi.html
"Crookes, Joy",https://www.azlyrics.com/j/joycrookes.html
"Crooks, Manu",https://www.azlyrics.com/m/manucrooks.html
Croosh,https://www.azlyrics.com/c/croosh.html
"Crosby, Bing",https://www.azlyrics.com/b/bingcrosby.html
"Crosby, David",https://www.azlyrics.com/d/davidcrosby.html
Crosby & Nash,https://www.azlyrics.com/c/crosbynash.html
"Crosby, Stills & Nash",https://www.azlyrics.com/c/crosbystillsnash.html
"Crosby, Stills, Nash & Young",https://www.azlyrics.com/c/crosbystillsnashyoung.html
Crossbreed,https://www.azlyrics.com/c/crossbreed.html
Cross Canadian Ragweed,https://www.azlyrics.com/c/crosscanadianragweed.html
Crosses (†††),https://www.azlyrics.com/c/crosses.html
Crossfade,https://www.azlyrics.com/c/crossfade.html
Crossfaith,https://www.azlyrics.com/c/crossfaith.html
"Cross, Nicole",https://www.azlyrics.com/n/nicolecross.html
Crowded House,https://www.azlyrics.com/c/crowdedhouse.html
Crowder,https://www.azlyrics.com/c/crowder.html
"Crowell, Rodney",https://www.azlyrics.com/r/rodneycrowell.html
"Crowley, Beth",https://www.azlyrics.com/b/bethcrowley.html
"Crown, Steve",https://www.azlyrics.com/s/stevecrown.html
Crown The Empire,https://www.azlyrics.com/c/crowntheempire.html
"Crow, Rachel",https://www.azlyrics.com/r/rachelcrow.html
"Crow, Sheryl",https://www.azlyrics.com/c/crow.html
Crucial Conflict,https://www.azlyrics.com/c/crucial.html
Crude Play,https://www.azlyrics.com/c/crudeplay.html
Cruel Youth,https://www.azlyrics.com/c/cruelyouth.html
"Cruise, Julee",https://www.azlyrics.com/j/juleecruise.html
CRUISR,https://www.azlyrics.com/c/cruisr.html
Crumb,https://www.azlyrics.com/c/crumb.html
Crush 40,https://www.azlyrics.com/c/crush40.html
Crush,https://www.azlyrics.com/c/crush.html
Cruz Cafuné,https://www.azlyrics.com/c/cruzcafune.html
"Cruz, Donna",https://www.azlyrics.com/d/donnacruz.html
"Cruz, Taio",https://www.azlyrics.com/t/taiocruz.html
CRWN,https://www.azlyrics.com/c/crwn.html
Crypt,https://www.azlyrics.com/c/crypt.html
Cryptic Wisdom,https://www.azlyrics.com/c/crypticwisdom.html
Crystal Bowersox,https://www.azlyrics.com/c/crystalbowersox.html
Crystal Castles,https://www.azlyrics.com/c/crystalcastles.html
Crystal Fighters,https://www.azlyrics.com/c/crystalfighters.html
Crystal Gayle,https://www.azlyrics.com/c/crystalgayle.html
Crystal Lake,https://www.azlyrics.com/c/crystallake.html
"Crystal Method, The",https://www.azlyrics.com/c/crystalmethod.html
Crystal Shawanda,https://www.azlyrics.com/c/crystalshawanda.html
"Crystals, The",https://www.azlyrics.com/c/crystals.html
Crywank,https://www.azlyrics.com/c/crywank.html
Crywolf,https://www.azlyrics.com/c/crywolf.html
C. Tangana,https://www.azlyrics.com/c/ctangana.html
Cuban Doll,https://www.azlyrics.com/c/cubandoll.html
"Cubil, Jem",https://www.azlyrics.com/j/jemcubil.html
Cub Sport,https://www.azlyrics.com/c/cubsport.html
Cuco,https://www.azlyrics.com/c/cuco.html
"Cuddy, Jim",https://www.azlyrics.com/j/jimcuddy.html
Cueshe,https://www.azlyrics.com/c/cueshe.html
"Cuevas, Ysabelle",https://www.azlyrics.com/y/ysabellecuevas.html
"Cullum, Jamie",https://www.azlyrics.com/c/cullum.html
Cult Of Luna,https://www.azlyrics.com/c/cultofluna.html
Cults,https://www.azlyrics.com/c/cults.html
"Cult, The",https://www.azlyrics.com/c/cult.html
Cult To Follow,https://www.azlyrics.com/c/culttofollow.html
Culture Abuse,https://www.azlyrics.com/c/cultureabuse.html
Culture Club,https://www.azlyrics.com/c/cultureclub.html
Culture Code,https://www.azlyrics.com/c/culturecode.html
Culture Shock,https://www.azlyrics.com/c/cultureshock.html
"Cunning, Kat",https://www.azlyrics.com/k/katcunning.html
CunninLynguists,https://www.azlyrics.com/c/cunninlynguists.html
CupcakKe,https://www.azlyrics.com/c/cupcakke.html
Cupid,https://www.azlyrics.com/c/cupid.html
Cup Of Joe,https://www.azlyrics.com/c/cupofjoe.html
"Cure, The",https://www.azlyrics.com/c/cure.html
Curiosity Killed The Cat,https://www.azlyrics.com/c/curiositykilledthecat.html
"Curley, Jack",https://www.azlyrics.com/j/jackcurley.html
Curlybam,https://www.azlyrics.com/c/curlybam.html
Current Joys,https://www.azlyrics.com/c/currentjoys.html
Currents,https://www.azlyrics.com/c/currents.html
Curren$y,https://www.azlyrics.com/c/curreny.html
"Currington, Billy",https://www.azlyrics.com/b/billycurrington.html
"Curry, Denzel",https://www.azlyrics.com/d/denzelcurry.html
Cursive,https://www.azlyrics.com/c/cursive.html
Curtis Grimes,https://www.azlyrics.com/c/curtisgrimes.html
Curtis Harding,https://www.azlyrics.com/c/curtisharding.html
Curtis Mayfield,https://www.azlyrics.com/c/curtismayfield.html
"Curtis, Simon",https://www.azlyrics.com/s/simoncurtis.html
Curtis Waters,https://www.azlyrics.com/c/curtiswaters.html
Custom,https://www.azlyrics.com/c/custom.html
Cut Copy,https://www.azlyrics.com/c/cutcopy.html
Cute Is What We Aim For,https://www.azlyrics.com/c/cuteiswhatweaimfor.html
Cutting Crew,https://www.azlyrics.com/c/cuttingcrew.html
Cutty Ranks,https://www.azlyrics.com/c/cuttyranks.html
"Cuxi, Lisandro",https://www.azlyrics.com/l/lisandrocuxi.html
CVBZ,https://www.azlyrics.com/c/cvbz.html
C. W. McCall,https://www.azlyrics.com/c/cwmccall.html
CXLOE,https://www.azlyrics.com/c/cxloe.html
CyHi The Prynce,https://www.azlyrics.com/c/cyhitheprynce.html
Cyhra,https://www.azlyrics.com/c/cyhra.html
Cymphonique,https://www.azlyrics.com/c/cymphonique.html
CYN,https://www.azlyrics.com/c/cyn.html
Cyndi Lauper,https://www.azlyrics.com/l/lauper.html
Cynthia Erivo,https://www.azlyrics.com/c/cynthiaerivo.html
Cypis,https://www.azlyrics.com/c/cypis.html
Cypress Hill,https://www.azlyrics.com/c/cypress.html
Cypress Spring,https://www.azlyrics.com/c/cypressspring.html
"Cyrkle, The",https://www.azlyrics.com/c/cyrkle.html
"Cyrus, Billy Ray",https://www.azlyrics.com/b/billyraycyrus.html
Cyrus,https://www.azlyrics.com/c/cyrushutchings.html
Cyrus,https://www.azlyrics.com/c/cyrus.html
"Cyrus, Miley",https://www.azlyrics.com/m/mileycyrus.html
"Cyrus, Noah",https://www.azlyrics.com/n/noahcyrus.html
"Cyrus, Trace",https://www.azlyrics.com/t/tracecyrus.html
