Wac Toja,https://www.azlyrics.com/w/wactoja.html
Wade Bowen,https://www.azlyrics.com/w/wadebowen.html
"Wadge, Amy",https://www.azlyrics.com/a/amywadge.html
"Waetford, Jai",https://www.azlyrics.com/j/jaiwaetford.html
Wafia,https://www.azlyrics.com/w/wafia.html
Wage War,https://www.azlyrics.com/w/wagewar.html
"Wagner, Jack",https://www.azlyrics.com/j/jackwagner.html
"Wagoner, Porter",https://www.azlyrics.com/p/porterwagoner.html
"Wahib, Bilal",https://www.azlyrics.com/b/bilalwahib.html
Wahyu Selow,https://www.azlyrics.com/w/wahyu.html
"Wailin' Jennys, The",https://www.azlyrics.com/w/wailinjennys.html
"Wainwright III, Loudon",https://www.azlyrics.com/l/loudonwainwrightiii.html
"Wainwright, Martha",https://www.azlyrics.com/m/marthawainwright.html
"Wainwright, Rufus",https://www.azlyrics.com/w/wainwright.html
"Waite, John",https://www.azlyrics.com/j/johnwaite.html
Waitress Cast,https://www.azlyrics.com/w/waitresscast.html
"Waits, Tom",https://www.azlyrics.com/t/tomwaits.html
Waka Flocka Flame,https://www.azlyrics.com/w/wakaflockaflame.html
Wakefield,https://www.azlyrics.com/w/wakefield.html
Wakey!Wakey!,https://www.azlyrics.com/w/wakeywakey.html
Wale,https://www.azlyrics.com/w/wale.html
Wali,https://www.azlyrics.com/w/wali.html
"Walker, Alan",https://www.azlyrics.com/a/alanwalker.html
"Walker Brothers, The",https://www.azlyrics.com/w/walkerbrothers.html
"Walker, Butch",https://www.azlyrics.com/w/walker.html
"Walker, Chris",https://www.azlyrics.com/c/chriswalker.html
"Walker, Clay",https://www.azlyrics.com/c/claywalker.html
"Walker, Frank",https://www.azlyrics.com/f/frankwalker.html
Walker Hayes,https://www.azlyrics.com/w/walkerhayes.html
"Walker, Hezekiah",https://www.azlyrics.com/h/hezekiahwalker.html
"Walker, Jason",https://www.azlyrics.com/j/jasonwalker.html
"Walker, Jerry Jeff",https://www.azlyrics.com/j/jerryjeffwalker.html
"Walker, Lexi",https://www.azlyrics.com/l/lexiwalker.html
Walker McGuire,https://www.azlyrics.com/w/walkermcguire.html
"Walker, Scott",https://www.azlyrics.com/s/scottwalker.html
"Walker-Smith, Kim",https://www.azlyrics.com/k/kimwalkersmith.html
"Walker, Stan",https://www.azlyrics.com/s/stanwalker.html
"Walker, Summer",https://www.azlyrics.com/s/summerwalker.html
"Walker, Tom",https://www.azlyrics.com/t/tomwalker.html
Walking On Cars,https://www.azlyrics.com/w/walkingoncars.html
"Walkmen, The",https://www.azlyrics.com/w/walkmen.html
Walk Off The Earth,https://www.azlyrics.com/w/walkofftheearth.html
WALK THE MOON,https://www.azlyrics.com/w/walkthemoon.html
"Wallace, Chris",https://www.azlyrics.com/c/chriswallace.html
"Wall, Colter",https://www.azlyrics.com/c/colterwall.html
"Wallen, Morgan",https://www.azlyrics.com/m/morganwallen.html
"Wallflowers, The",https://www.azlyrics.com/w/wallflowers.html
Wallows,https://www.azlyrics.com/w/wallows.html
Wallpaper.,https://www.azlyrics.com/w/wallpaper.html
"Walls Group, The",https://www.azlyrics.com/w/wallsgroup.html
"Walsh, Joe",https://www.azlyrics.com/j/joewalsh.html
Walter Hawkins,https://www.azlyrics.com/w/walterhawkins.html
"Wammack, Rachel",https://www.azlyrics.com/r/rachelwammack.html
Wanda,https://www.azlyrics.com/w/wanda.html
Wanda Jackson,https://www.azlyrics.com/w/wandajackson.html
Wande Coal,https://www.azlyrics.com/w/wandecoal.html
"Wandering Hearts, The",https://www.azlyrics.com/w/wanderinghearts.html
Wang Chung,https://www.azlyrics.com/w/wangchung.html
"Wang, Jackson",https://www.azlyrics.com/j/jacksonwang.html
"Wannadies, The",https://www.azlyrics.com/w/wannadies.html
Wanna One,https://www.azlyrics.com/w/wannaone.html
"Wanted, The",https://www.azlyrics.com/w/wanted.html
War,https://www.azlyrics.com/w/war.html
Warbringer,https://www.azlyrics.com/w/warbringer.html
"Ward, Anita",https://www.azlyrics.com/a/anitaward.html
"Ward, Josh",https://www.azlyrics.com/j/joshward.html
Wardruna,https://www.azlyrics.com/w/wardruna.html
"Ward, Shayne",https://www.azlyrics.com/s/shayneward.html
Ward Thomas,https://www.azlyrics.com/w/wardthomas.html
"Ward, Tyler",https://www.azlyrics.com/t/tylerward.html
"Ward, Zhavia",https://www.azlyrics.com/z/zhavia.html
"Ware, Jessie",https://www.azlyrics.com/j/jessieware.html
Warhol.SS,https://www.azlyrics.com/w/warholss.html
"Wariner, Steve",https://www.azlyrics.com/s/stevewariner.html
Warkings,https://www.azlyrics.com/w/warkings.html
Warlock,https://www.azlyrics.com/w/warlock.html
"Warnes, Jennifer",https://www.azlyrics.com/j/jenniferwarnes.html
War Of Ages,https://www.azlyrics.com/w/warofages.html
"War On Drugs, The",https://www.azlyrics.com/w/warondrugs.html
Warpaint,https://www.azlyrics.com/w/warpaint.html
Warrant,https://www.azlyrics.com/w/warrant.html
Warren G,https://www.azlyrics.com/w/warreng.html
Warren Haynes,https://www.azlyrics.com/w/warrenhaynes.html
Warren Zevon,https://www.azlyrics.com/w/warrenzevon.html
"Warwick, Dionne",https://www.azlyrics.com/d/dionnewarwick.html
Washed Out,https://www.azlyrics.com/w/washedout.html
"Washington, Dinah",https://www.azlyrics.com/d/dinahwashington.html
W.A.S.P.,https://www.azlyrics.com/w/wasp.html
Watain,https://www.azlyrics.com/w/watain.html
"Waterboys, The",https://www.azlyrics.com/w/waterboys.html
Watercolor,https://www.azlyrics.com/w/watercolor.html
Waterloo Revival,https://www.azlyrics.com/w/waterloorevival.html
Waterparks,https://www.azlyrics.com/w/waterparks.html
"Waters, Curtis",https://www.azlyrics.com/c/curtiswaters.html
"Waters, Muddy",https://www.azlyrics.com/m/muddywaters.html
"Waters, Roger",https://www.azlyrics.com/r/rogerwaters.html
"Watkins, Dee",https://www.azlyrics.com/d/deewatkins.html
"Watley, Jody",https://www.azlyrics.com/j/jodywatley.html
Watsky,https://www.azlyrics.com/w/watsky.html
"Watson, Aaron",https://www.azlyrics.com/a/aaronwatson.html
"Watson, Chester",https://www.azlyrics.com/c/chesterwatson.html
"Watson, Emma",https://www.azlyrics.com/e/emmawatson.html
"Watson, Gene",https://www.azlyrics.com/g/genewatson.html
"Watson, Lewis",https://www.azlyrics.com/l/lewiswatson.html
"Watson, Patrick",https://www.azlyrics.com/p/patrickwatson.html
watt,https://www.azlyrics.com/w/watt.html
Wave,https://www.azlyrics.com/w/wave.html
"Wave, Rod",https://www.azlyrics.com/r/rodwave.html
Wavves,https://www.azlyrics.com/w/wavves.html
Wax,https://www.azlyrics.com/w/wax.html
Waxahatchee,https://www.azlyrics.com/w/waxahatchee.html
"Way, Gerard",https://www.azlyrics.com/g/gerardway.html
Waylon,https://www.azlyrics.com/w/waylon.html
Waylon Jennings,https://www.azlyrics.com/w/waylonjennings.html
"Wayne, Jimmy",https://www.azlyrics.com/w/wayne.html
"Wayne, Tion",https://www.azlyrics.com/t/tionwayne.html
Wayne Wonder,https://www.azlyrics.com/w/waynewonder.html
WayV,https://www.azlyrics.com/w/wayv.html
WC,https://www.azlyrics.com/w/wc.html
WDL,https://www.azlyrics.com/w/wdl.html
We Are Harlot,https://www.azlyrics.com/w/weareharlot.html
We Are Messengers,https://www.azlyrics.com/w/wearemessengers.html
We Are Scientists,https://www.azlyrics.com/w/wearescientists.html
We Are The Emergency,https://www.azlyrics.com/w/wearetheemergency.html
We Are The Fallen,https://www.azlyrics.com/w/wearethefallen.html
We Are The In Crowd,https://www.azlyrics.com/w/wearetheincrowd.html
We Are The Ocean,https://www.azlyrics.com/w/wearetheocean.html
We Are Toonz,https://www.azlyrics.com/w/wearetoonz.html
We Are Twin,https://www.azlyrics.com/w/wearetwin.html
We As Human,https://www.azlyrics.com/w/weashuman.html
"Weather Girls, The",https://www.azlyrics.com/w/weathergirls.html
Weathers,https://www.azlyrics.com/w/weathers.html
"Weaver, Ryn",https://www.azlyrics.com/r/rynweaver.html
"Webb, Austin",https://www.azlyrics.com/a/austinwebb.html
"Webbe, Simon",https://www.azlyrics.com/s/simonwebbe.html
Webbie,https://www.azlyrics.com/w/webbie.html
"Webb, Matt",https://www.azlyrics.com/m/mattwebb.html
"Webby, Chris",https://www.azlyrics.com/c/chriswebby.html
"Webster, Faye",https://www.azlyrics.com/f/fayewebster.html
We Butter The Bread With Butter,https://www.azlyrics.com/w/webutterthebreadwithbutter.html
We Came As Romans,https://www.azlyrics.com/w/wecameasromans.html
Wednesday 13,https://www.azlyrics.com/w/wednesday13.html
Weeekly,https://www.azlyrics.com/w/weeekly.html
"Weekes, Dallon",https://www.azlyrics.com/d/dallonweekes.html
"Weeknd, The",https://www.azlyrics.com/w/weeknd.html
"Weeks, The",https://www.azlyrics.com/w/weeks.html
"Weeks, Xavier",https://www.azlyrics.com/x/xavierweeks.html
Ween,https://www.azlyrics.com/w/ween.html
"Weepies, The",https://www.azlyrics.com/w/weepies.html
"Wees, Zoe",https://www.azlyrics.com/z/zoewees.html
Weezer,https://www.azlyrics.com/w/weezer.html
"Węgiel, Roksana",https://www.azlyrics.com/r/roksanawegiel.html
We In The Zone,https://www.azlyrics.com/w/weinthezone.html
Weird Al Yankovic,https://www.azlyrics.com/y/yankovic.html
Weird Genius,https://www.azlyrics.com/w/weirdgenius.html
Wejdene,https://www.azlyrics.com/w/wejdene.html
Weki Meki,https://www.azlyrics.com/w/wekimeki.html
"Welch, Bob",https://www.azlyrics.com/b/bobwelch.html
"Welch, Gillian",https://www.azlyrics.com/g/gillianwelch.html
"Weller, Paul",https://www.azlyrics.com/p/paulweller.html
"Wells, Mary",https://www.azlyrics.com/m/marywells.html
"Wells, Tauren",https://www.azlyrics.com/t/taurenwells.html
"Wells, Tyrone",https://www.azlyrics.com/t/tyronewells.html
"Welsh, Laura",https://www.azlyrics.com/l/laurawelsh.html
Welshly Arms,https://www.azlyrics.com/w/welshlyarms.html
Wency Cornejo,https://www.azlyrics.com/w/wencycornejo.html
"Wendorff, Louisa",https://www.azlyrics.com/l/louisawendorff.html
Wendy,https://www.azlyrics.com/w/wendy.html
Wengie,https://www.azlyrics.com/w/wengie.html
"Wertz, Matt",https://www.azlyrics.com/m/mattwertz.html
We Shot The Moon,https://www.azlyrics.com/w/weshotthemoon.html
"Wesley, James",https://www.azlyrics.com/j/jameswesley.html
"Wesley, Trevor",https://www.azlyrics.com/t/trevorwesley.html
"West, Bernice",https://www.azlyrics.com/b/bernicewest.html
"Westenra, Hayley",https://www.azlyrics.com/w/westenra.html
West Indian Girl,https://www.azlyrics.com/w/westindiangirl.html
"West, John",https://www.azlyrics.com/j/johnwest.html
"West, Kanye",https://www.azlyrics.com/w/west.html
"West, Kody",https://www.azlyrics.com/k/kodywest.html
Westlife,https://www.azlyrics.com/w/westlife.html
"West, Matthew",https://www.azlyrics.com/m/matthewwest.html
Westside Connection,https://www.azlyrics.com/w/westsideconnection.html
Westside Gunn,https://www.azlyrics.com/w/westsidegunn.html
Wes Walker,https://www.azlyrics.com/w/weswalker.html
Wet,https://www.azlyrics.com/w/wet.html
We The Kingdom,https://www.azlyrics.com/w/wethekingdom.html
We The Kings,https://www.azlyrics.com/w/wethekings.html
We Three,https://www.azlyrics.com/w/wethree.html
Wet Wet Wet,https://www.azlyrics.com/w/wetwetwet.html
"Wetzel, Koe",https://www.azlyrics.com/k/koewetzel.html
We Were Promised Jetpacks,https://www.azlyrics.com/w/wewerepromisedjetpacks.html
We Were Sharks,https://www.azlyrics.com/w/weweresharks.html
Weyes Blood,https://www.azlyrics.com/w/weyesblood.html
"Whack, Tierra",https://www.azlyrics.com/t/tierrawhack.html
Wham!,https://www.azlyrics.com/w/wham.html
What So Not,https://www.azlyrics.com/w/whatsonot.html
Wheatus,https://www.azlyrics.com/w/wheatus.html
WheeIn,https://www.azlyrics.com/w/wheein.html
Wheeler Walker Jr.,https://www.azlyrics.com/w/wheelerwalkerjr.html
When In Rome,https://www.azlyrics.com/w/wheninrome.html
Whethan,https://www.azlyrics.com/w/whethan.html
While She Sleeps,https://www.azlyrics.com/w/whileshesleeps.html
WHIPPED CREAM,https://www.azlyrics.com/w/whippedcream.html
"Whiskers, Edith",https://www.azlyrics.com/e/edithwhiskers.html
Whiskey Myers,https://www.azlyrics.com/w/whiskeymyers.html
"Whispers, The",https://www.azlyrics.com/w/whispers.html
White 2115,https://www.azlyrics.com/w/white2115.html
"White, Barry",https://www.azlyrics.com/b/barrywhite.html
"White, Bryan",https://www.azlyrics.com/b/bryanwhite.html
"White Buffalo, The",https://www.azlyrics.com/w/whitebuffalo.html
Whitechapel,https://www.azlyrics.com/w/whitechapel.html
White Denim,https://www.azlyrics.com/w/whitedenim.html
"White, Drake",https://www.azlyrics.com/d/drakewhite.html
"White, Jack",https://www.azlyrics.com/j/jackwhite.html
"White, Jim",https://www.azlyrics.com/j/jimwhite.html
"White, Kalin",https://www.azlyrics.com/k/kalinwhite.html
"White, Karyn",https://www.azlyrics.com/k/karynwhite.html
"White, Keisha",https://www.azlyrics.com/k/keishawhite.html
White Lies,https://www.azlyrics.com/w/whitelies.html
White Lion,https://www.azlyrics.com/w/whitelion.html
"White, Matt",https://www.azlyrics.com/m/mattwhite.html
"White Noise, The",https://www.azlyrics.com/w/whitenoise.html
White Punk,https://www.azlyrics.com/w/whitepunk.html
White Rabbits,https://www.azlyrics.com/w/whiterabbits.html
White Reaper,https://www.azlyrics.com/w/whitereaper.html
"Whitesides, Jacob",https://www.azlyrics.com/j/jacobwhitesides.html
Whitesnake,https://www.azlyrics.com/w/whitesnake.html
White Stones,https://www.azlyrics.com/w/whitestones.html
"White Stripes, The",https://www.azlyrics.com/w/whitestripes.html
"White Tie Affair, The",https://www.azlyrics.com/w/whitetieaffair.html
"White, Tony Joe",https://www.azlyrics.com/t/tonyjoewhite.html
White Town,https://www.azlyrics.com/w/whitetown.html
Whitey Morgan And The 78's,https://www.azlyrics.com/w/whiteymorganandthe78s.html
White Zombie,https://www.azlyrics.com/w/whitezombie.html
"Whitley, Keith",https://www.azlyrics.com/k/keithwhitley.html
Whitney,https://www.azlyrics.com/w/whitney.html
Whitney Duncan,https://www.azlyrics.com/w/whitneyduncan.html
Whitney Houston,https://www.azlyrics.com/h/houston.html
Whodini,https://www.azlyrics.com/w/whodini.html
WhoHeem,https://www.azlyrics.com/w/whoheem.html
WhoHurtYou,https://www.azlyrics.com/w/whohurtyou.html
Who Is Fancy,https://www.azlyrics.com/w/whoisfancy.html
"Who, The",https://www.azlyrics.com/w/who.html
WHY?,https://www.azlyrics.com/w/why.html
Why Don't We,https://www.azlyrics.com/w/whydontwe.html
why mona,https://www.azlyrics.com/w/whymona.html
Wicca Phase Springs Eternal,https://www.azlyrics.com/w/wiccaphasespringseternal.html
"Wickham, Phil",https://www.azlyrics.com/p/philwickham.html
"Wicks, Chuck",https://www.azlyrics.com/c/chuckwicks.html
"Widianto, Arsy",https://www.azlyrics.com/a/arsywidianto.html
Widowspeak,https://www.azlyrics.com/w/widowspeak.html
wifisfuneral,https://www.azlyrics.com/w/wifisfuneral.html
"Wigmore, Gin",https://www.azlyrics.com/g/ginwigmore.html
WIINSTON,https://www.azlyrics.com/w/wiinston.html
Wilbert Ross,https://www.azlyrics.com/w/wilbertross.html
Wilbur Soot,https://www.azlyrics.com/w/wilbursoot.html
Wilco,https://www.azlyrics.com/w/wilco.html
WILD,https://www.azlyrics.com/w/wild.html
Wild Beasts,https://www.azlyrics.com/w/wildbeasts.html
Wild Belle,https://www.azlyrics.com/w/wildbelle.html
Wild Cherry,https://www.azlyrics.com/w/wildcherry.html
Wild Child,https://www.azlyrics.com/w/wildchild.html
Wild Cub,https://www.azlyrics.com/w/wildcub.html
"Wilde, Kim",https://www.azlyrics.com/k/kimwilde.html
Wilderado,https://www.azlyrics.com/w/wilderado.html
"Wilder, Matthew",https://www.azlyrics.com/m/matthewwilder.html
Wilder Woods,https://www.azlyrics.com/w/wilderwoods.html
WILDES,https://www.azlyrics.com/w/wildes.html
"Wild Feathers, The",https://www.azlyrics.com/w/wildfeathers.html
Wild Flag,https://www.azlyrics.com/w/wildflag.html
"Wildhearts, The",https://www.azlyrics.com/w/wildhearts.html
Wildlife,https://www.azlyrics.com/w/wildlife.html
Wild Nothing,https://www.azlyrics.com/w/wildnothing.html
Wild Orchid,https://www.azlyrics.com/w/wildorchid.html
Wild Party,https://www.azlyrics.com/w/wildparty.html
"Wild Reeds, The",https://www.azlyrics.com/w/wildreeds.html
Wild Rivers,https://www.azlyrics.com/w/wildrivers.html
"Wilds, Mack",https://www.azlyrics.com/m/mackwilds.html
Wiley,https://www.azlyrics.com/w/wiley.html
Wilkinson,https://www.azlyrics.com/w/wilkinson.html
"Wilk, Sammy",https://www.azlyrics.com/s/sammywilk.html
Willa Ford,https://www.azlyrics.com/f/ford.html
Willamette Stone,https://www.azlyrics.com/w/willamettestone.html
Will Hoge,https://www.azlyrics.com/w/willhoge.html
william,https://www.azlyrics.com/w/williamfinnish.html
will.i.am,https://www.azlyrics.com/w/william.html
William Beckett,https://www.azlyrics.com/w/williambeckett.html
William Black,https://www.azlyrics.com/w/williamblack.html
William Bolton,https://www.azlyrics.com/w/williambolton.html
William Clark Green,https://www.azlyrics.com/w/williamclarkgreen.html
William Fitzsimmons,https://www.azlyrics.com/w/williamfitzsimmons.html
William Hung,https://www.azlyrics.com/h/hung.html
William McDowell,https://www.azlyrics.com/w/williammcdowell.html
William Michael Morgan,https://www.azlyrics.com/w/williammichaelmorgan.html
William Murphy,https://www.azlyrics.com/w/williammurphy.html
"Williams, Andy",https://www.azlyrics.com/a/andywilliams.html
"Williams, Dar",https://www.azlyrics.com/d/darwilliams.html
"Williams, Deniece",https://www.azlyrics.com/d/deniecewilliams.html
"Williams, Don",https://www.azlyrics.com/d/donwilliams.html
"Williams, Hank",https://www.azlyrics.com/h/hankwilliams.html
"Williams, Hayley",https://www.azlyrics.com/h/hayleywilliams.html
"Williams, Holly",https://www.azlyrics.com/h/hollywilliams.html
"Williams III, Hank",https://www.azlyrics.com/h/hankwilliamsiii.html
William Singe,https://www.azlyrics.com/w/williamsinge.html
"Williams, Jeff",https://www.azlyrics.com/j/jeffwilliams.html
"Williams, Joy",https://www.azlyrics.com/j/joywilliams.html
"Williams Jr., Hank",https://www.azlyrics.com/h/hankwilliamsjr.html
"Williams, Lenny",https://www.azlyrics.com/l/lennywilliams.html
"Williams, Lucinda",https://www.azlyrics.com/l/lucindawilliams.html
"Williams, Michelle",https://www.azlyrics.com/m/michellewilliams.html
"Williams, Mike",https://www.azlyrics.com/m/mikewilliams.html
"Williams, Nikki",https://www.azlyrics.com/n/nikkiwilliams.html
"Williamson, John",https://www.azlyrics.com/j/johnwilliamson.html
"Williams, Paul",https://www.azlyrics.com/p/paulwilliams.html
"Williams, Pharrell",https://www.azlyrics.com/w/williamsp.html
"Williams, Robbie",https://www.azlyrics.com/w/williams.html
"Williams, Tyler James",https://www.azlyrics.com/t/tylerjameswilliams.html
"Williams, Vanessa",https://www.azlyrics.com/v/vanessawilliams.html
"Williams, Zach",https://www.azlyrics.com/z/zachwilliams.html
Willie Nelson,https://www.azlyrics.com/w/willienelson.html
Willie Peyote,https://www.azlyrics.com/w/williepeyote.html
"Willis, Matt",https://www.azlyrics.com/m/mattwillis.html
Will Jay,https://www.azlyrics.com/w/willjay.html
Willow Smith,https://www.azlyrics.com/w/willowsmith.html
Will Reagan & United Pursuit,https://www.azlyrics.com/w/willreaganunitedpursuit.html
"Wills, Mark",https://www.azlyrics.com/m/markwills.html
Will Smith,https://www.azlyrics.com/s/smith.html
Will Sparks,https://www.azlyrics.com/w/willsparks.html
Willy Moon,https://www.azlyrics.com/w/willymoon.html
Will Young,https://www.azlyrics.com/y/youngw.html
Willy William,https://www.azlyrics.com/w/willywilliam.html
"Wilson, Al",https://www.azlyrics.com/a/alwilson.html
"Wilson, Anita",https://www.azlyrics.com/a/anitawilson.html
"Wilson, Avery",https://www.azlyrics.com/a/averywilson.html
"Wilson, Brian",https://www.azlyrics.com/b/brianwilson.html
"Wilson, Charlie",https://www.azlyrics.com/c/charliewilson.html
"Wilson, Domo",https://www.azlyrics.com/d/domowilson.html
"Wilson, Gabi",https://www.azlyrics.com/g/gabiwilson.html
"Wilson, Gretchen",https://www.azlyrics.com/w/wilson.html
"Wilson, Jackie",https://www.azlyrics.com/j/jackiewilson.html
"Wilson, Jonathan",https://www.azlyrics.com/j/jonathanwilson.html
"Wilson, Josh",https://www.azlyrics.com/j/joshwilson.html
"Wilson, Nick",https://www.azlyrics.com/n/nickwilson.html
Wilson Phillips,https://www.azlyrics.com/w/wilsonphillips.html
Wilson Pickett,https://www.azlyrics.com/w/wilsonpickett.html
"Wilson, Steven",https://www.azlyrics.com/s/stevenwilson.html
"Wilson-Williams, Shana",https://www.azlyrics.com/s/shanawilsonwilliams.html
"Winans, BeBe",https://www.azlyrics.com/b/bebewinans.html
"Winans, BeBe & CeCe",https://www.azlyrics.com/b/bebececewinans.html
"Winans, Cece",https://www.azlyrics.com/c/cecewinans.html
"Winans, Mario",https://www.azlyrics.com/w/winans.html
Wincent Weiss,https://www.azlyrics.com/w/wincentweiss.html
Wind Rose,https://www.azlyrics.com/w/windrose.html
Winds Of Plague,https://www.azlyrics.com/w/windsofplague.html
"Winehouse, Amy",https://www.azlyrics.com/a/amywinehouse.html
"Winery Dogs, The",https://www.azlyrics.com/w/winerydogs.html
Winger,https://www.azlyrics.com/w/winger.html
Wings,https://www.azlyrics.com/w/wings.html
Wingtip,https://www.azlyrics.com/w/wingtip.html
WINNER,https://www.azlyrics.com/w/winner.html
"Winnerbäck, Lars",https://www.azlyrics.com/l/larswinnerback.html
Winnetka Bowling League,https://www.azlyrics.com/w/winnetkabowlingleague.html
Winona Oak,https://www.azlyrics.com/w/winonaoak.html
"Winslet, Kate",https://www.azlyrics.com/w/winslet.html
"Winston, Charlie",https://www.azlyrics.com/c/charliewinston.html
Winston Surfshirt,https://www.azlyrics.com/w/winstonsurfshirt.html
"Winter, Edgar",https://www.azlyrics.com/e/edgarwinter.html
"Winter, Johnny",https://www.azlyrics.com/j/johnnywinter.html
Wintersun,https://www.azlyrics.com/w/wintersun.html
Wintertime,https://www.azlyrics.com/w/wintertime.html
"Winwood, Steve",https://www.azlyrics.com/s/stevewinwood.html
Wire,https://www.azlyrics.com/w/wire.html
"Wise, Anna",https://www.azlyrics.com/a/annawise.html
Wishbone Ash,https://www.azlyrics.com/w/wishboneash.html
Wisin,https://www.azlyrics.com/w/wisin.html
Wisin Y Yandel,https://www.azlyrics.com/w/wisinyandel.html
Witchcraft,https://www.azlyrics.com/w/witchcraft.html
With Confidence,https://www.azlyrics.com/w/withconfidence.html
"Withers, Bill",https://www.azlyrics.com/b/billwithers.html
Within Temptation,https://www.azlyrics.com/w/withintemptation.html
Within The Ruins,https://www.azlyrics.com/w/withintheruins.html
Witt Lowry,https://www.azlyrics.com/w/wittlowry.html
Wiz Khalifa,https://www.azlyrics.com/w/wizkhalifa.html
WizKid,https://www.azlyrics.com/w/wizkid.html
Wizzard,https://www.azlyrics.com/w/wizzard.html
WJSN (Cosmic Girls),https://www.azlyrics.com/w/wjsncosmicgirls.html
"WLDLFE, The",https://www.azlyrics.com/w/wldlfe.html
"Woe, Is Me",https://www.azlyrics.com/w/woeisme.html
Wolf Alice,https://www.azlyrics.com/w/wolfalice.html
"Wolfe, Chelsea",https://www.azlyrics.com/c/chelseawolfe.html
"Wolfe, Jon",https://www.azlyrics.com/j/jonwolfe.html
Wolf Gang,https://www.azlyrics.com/w/wolfgang.html
Wolfheart,https://www.azlyrics.com/w/wolfheart.html
Wolfine,https://www.azlyrics.com/w/wolfine.html
"Wolf, Karl",https://www.azlyrics.com/k/karlwolf.html
Wolfmother,https://www.azlyrics.com/w/wolfmother.html
Wolf Parade,https://www.azlyrics.com/w/wolfparade.html
"Wolf, Patrick",https://www.azlyrics.com/p/patrickwolf.html
Wolftyla,https://www.azlyrics.com/w/wolftyla.html
"Wolf, Zayde",https://www.azlyrics.com/z/zaydewolf.html
Wolves At The Gate,https://www.azlyrics.com/w/wolvesatthegate.html
"Womack, Bobby",https://www.azlyrics.com/b/bobbywomack.html
"Womack, Lee Ann",https://www.azlyrics.com/w/womack.html
Womack & Womack,https://www.azlyrics.com/w/womackwomack.html
"Wombats, The",https://www.azlyrics.com/w/wombats.html
Wonder Girls,https://www.azlyrics.com/w/wondergirls.html
"Wonderland, Alison",https://www.azlyrics.com/a/alisonwonderland.html
"Wonder, Stevie",https://www.azlyrics.com/w/wonder.html
"Wonders, The",https://www.azlyrics.com/w/wonders.html
"Wonder Years, The",https://www.azlyrics.com/w/wonderyears.html
WONHO,https://www.azlyrics.com/w/wonho.html
"Wood, Brenton",https://www.azlyrics.com/b/brentonwood.html
"Wood Brothers, The",https://www.azlyrics.com/w/woodbrothers.html
Woodie Smalls,https://www.azlyrics.com/w/woodiesmalls.html
Woodkid,https://www.azlyrics.com/w/woodkid.html
"Woods, Chevy",https://www.azlyrics.com/c/chevywoods.html
"Woods, Dewayne",https://www.azlyrics.com/d/dewaynewoods.html
"Woods, Donovan",https://www.azlyrics.com/d/donovanwoods.html
"Woods, Jamila",https://www.azlyrics.com/j/jamilawoods.html
"Woods, Roy",https://www.azlyrics.com/r/roywoods.html
"Woodward, Lucy",https://www.azlyrics.com/w/woodward.html
Woody Guthrie,https://www.azlyrics.com/w/woodyguthrie.html
WOODZ,https://www.azlyrics.com/w/woodz.html
Wooh Da Kid,https://www.azlyrics.com/w/woohdakid.html
"Woon, Jamie",https://www.azlyrics.com/j/jamiewoon.html
Woosung,https://www.azlyrics.com/w/woosung.html
Woozi,https://www.azlyrics.com/w/woozi.html
"Word Alive, The",https://www.azlyrics.com/w/wordalive.html
Wordsplayed,https://www.azlyrics.com/w/wordsplayed.html
"Workday Release, The",https://www.azlyrics.com/w/workdayrelease.html
"Working Title, The",https://www.azlyrics.com/w/workingtitle.html
"World Is A Beautiful Place & I Am No Longer Afraid To Die, The",https://www.azlyrics.com/w/worldisabeautifulplaceiamnolongerafraidtodie.html
World War Me,https://www.azlyrics.com/w/worldwarme.html
"Worley, Darryl",https://www.azlyrics.com/d/darrylworley.html
"Worsham, Charlie",https://www.azlyrics.com/c/charlieworsham.html
"Worsnop, Danny",https://www.azlyrics.com/d/dannyworsnop.html
WOS,https://www.azlyrics.com/w/wos.html
Wovenwar,https://www.azlyrics.com/w/wovenwar.html
Wrabel,https://www.azlyrics.com/w/wrabel.html
"Wray, Mia",https://www.azlyrics.com/m/miawray.html
"Wreckers, The",https://www.azlyrics.com/w/wreckers.html
"Wrecks, The",https://www.azlyrics.com/w/wrecks.html
Wrekonize,https://www.azlyrics.com/w/wrekonize.html
Wretch 32,https://www.azlyrics.com/w/wretch32.html
"Wright, Aron",https://www.azlyrics.com/a/aronwright.html
"Wright, Betty",https://www.azlyrics.com/b/bettywright.html
"Wright, Chase",https://www.azlyrics.com/c/chasewright.html
"Wright, Chely",https://www.azlyrics.com/c/chelywright.html
"Wright, Dizzy",https://www.azlyrics.com/d/dizzywright.html
"Wright, Gary",https://www.azlyrics.com/g/garywright.html
"Wright, James",https://www.azlyrics.com/j/jameswright.html
"Wright, Lizz",https://www.azlyrics.com/l/lizzwright.html
Written By Wolves,https://www.azlyrics.com/w/writtenbywolves.html
"Wroldsen, Ina",https://www.azlyrics.com/i/inawroldsen.html
WSTR,https://www.azlyrics.com/w/wstr.html
WSTRN,https://www.azlyrics.com/w/wstrn.html
"Wu, Kris",https://www.azlyrics.com/k/kriswu.html
Wulf,https://www.azlyrics.com/w/wulf.html
"Wulf, Xavier",https://www.azlyrics.com/x/xavierwulf.html
"Wurst, Conchita",https://www.azlyrics.com/c/conchitawurst.html
Wu-Tang Clan,https://www.azlyrics.com/w/wutang.html
"Wyatt, Keke",https://www.azlyrics.com/w/wyatt.html
Wyclef Jean,https://www.azlyrics.com/w/wyclefjean.html
Wye Oak,https://www.azlyrics.com/w/wyeoak.html
"Wyld, A$ton",https://www.azlyrics.com/a/atonwyld.html
"Wylde, Zakk",https://www.azlyrics.com/z/zakkwylde.html
"Wynette, Tammy",https://www.azlyrics.com/t/tammywynette.html
Wynonna Judd,https://www.azlyrics.com/j/judd.html
Wynter Gordon,https://www.azlyrics.com/w/wyntergordon.html
WYO Chi,https://www.azlyrics.com/w/wyochi.html
WZRD,https://www.azlyrics.com/w/wzrd.html
