E-40,https://www.azlyrics.com/e/e40.html
Eagle-Eye Cherry,https://www.azlyrics.com/e/eagleeyecherry.html
Eagles,https://www.azlyrics.com/e/eagles.html
Eagles Of Death Metal,https://www.azlyrics.com/e/eaglesofdeathmetal.html
Eamon,https://www.azlyrics.com/e/eamon.html
"Earle, Steve",https://www.azlyrics.com/s/steveearle.html
"Earl Keen, Robert",https://www.azlyrics.com/r/robertearlkeen.html
Earl Sweatshirt,https://www.azlyrics.com/e/earlsweatshirt.html
Earl Thomas Conley,https://www.azlyrics.com/e/earlthomasconley.html
Early Eyes,https://www.azlyrics.com/e/earlyeyes.html
"Early November, The",https://www.azlyrics.com/e/earlynovember.html
Earnest Pugh,https://www.azlyrics.com/e/earnestpugh.html
Earshot,https://www.azlyrics.com/e/earshot.html
Eartha Kitt,https://www.azlyrics.com/e/earthakitt.html
EARTHGANG,https://www.azlyrics.com/e/earthgang.html
"Earth, Wind And Fire",https://www.azlyrics.com/e/earthwindandfire.html
East 17,https://www.azlyrics.com/e/east17.html
"East, Anderson",https://www.azlyrics.com/a/andersoneast.html
"East, Dave",https://www.azlyrics.com/d/daveeast.html
"East, Fleur",https://www.azlyrics.com/f/fleureast.html
Easton Corbin,https://www.azlyrics.com/e/eastoncorbin.html
"Easton, Sheena",https://www.azlyrics.com/s/sheenaeaston.html
"Easybeats, The",https://www.azlyrics.com/e/easybeats.html
Easy Life,https://www.azlyrics.com/e/easylife.html
Eat Your Heart Out,https://www.azlyrics.com/e/eatyourheartout.html
Eazy-E,https://www.azlyrics.com/e/eazye.html
Ebe Dancel,https://www.azlyrics.com/e/ebedancel.html
EBEN,https://www.azlyrics.com/e/eben10472.html
Eben,https://www.azlyrics.com/e/eben.html
Ebony Day,https://www.azlyrics.com/e/ebonyday.html
Ebru Yaşar,https://www.azlyrics.com/e/ebruyasar.html
Ece Mumay,https://www.azlyrics.com/e/ecemumay.html
Ece Seçkin,https://www.azlyrics.com/e/eceseckin.html
"Echarri, Kyle",https://www.azlyrics.com/k/kyleecharri.html
Echos,https://www.azlyrics.com/e/echos.html
Echosmith,https://www.azlyrics.com/e/echosmith.html
Echo & The Bunnymen,https://www.azlyrics.com/e/echothebunnymen.html
"Eckford, Maggie",https://www.azlyrics.com/m/maggieeckford.html
Ecko,https://www.azlyrics.com/e/ecko.html
Eclipse,https://www.azlyrics.com/e/eclipse.html
Eddie Cochran,https://www.azlyrics.com/e/eddiecochran.html
Eddie James,https://www.azlyrics.com/e/eddiejames.html
Eddie Kendricks,https://www.azlyrics.com/e/eddiekendricks.html
Eddie Money,https://www.azlyrics.com/e/eddiemoney.html
Eddie Murphy,https://www.azlyrics.com/e/eddiemurphy.html
Eddie Rabbitt,https://www.azlyrics.com/e/eddierabbitt.html
Eddie Santiago,https://www.azlyrics.com/e/eddiesantiago.html
Eddie Vedder,https://www.azlyrics.com/e/eddievedder.html
Eddy Arnold,https://www.azlyrics.com/e/eddyarnold.html
Eddy De Pretto,https://www.azlyrics.com/e/eddydepretto.html
Eddy Grant,https://www.azlyrics.com/e/eddygrant.html
Eddy Kim,https://www.azlyrics.com/e/eddykim.html
Edenbridge,https://www.azlyrics.com/e/edenbridge.html
"Eden, Brooke",https://www.azlyrics.com/b/brookeeden.html
Eden's Crush,https://www.azlyrics.com/e/edenscrush.html
Edens Edge,https://www.azlyrics.com/e/edensedge.html
EDEN,https://www.azlyrics.com/e/eden.html
Eden xo,https://www.azlyrics.com/e/edenxo.html
Edgar Winter,https://www.azlyrics.com/e/edgarwinter.html
Edgewater,https://www.azlyrics.com/e/edgewater.html
Edguy,https://www.azlyrics.com/e/edguy.html
Edie Brickell & New Bohemians,https://www.azlyrics.com/e/ediebrickellnewbohemians.html
Edin,https://www.azlyrics.com/e/edin.html
Edis,https://www.azlyrics.com/e/edis.html
Edison Lighthouse,https://www.azlyrics.com/e/edisonlighthouse.html
Edith Piaf,https://www.azlyrics.com/e/edithpiaf.html
Edith Whiskers,https://www.azlyrics.com/e/edithwhiskers.html
Editors,https://www.azlyrics.com/e/editors.html
Ed Maverick,https://www.azlyrics.com/e/edmaverick.html
Edo Saiya,https://www.azlyrics.com/e/edosaiya.html
Ed Prosek,https://www.azlyrics.com/e/edprosek.html
Ed Sheeran,https://www.azlyrics.com/e/edsheeran.html
E-Dubble,https://www.azlyrics.com/e/edubble.html
Edward Barber,https://www.azlyrics.com/e/edwardbarber.html
Edward Maya,https://www.azlyrics.com/e/edwardmaya.html
"Edwards, Casey",https://www.azlyrics.com/c/caseyedwards.html
"Edwards, Dennis",https://www.azlyrics.com/d/dennisedwards.html
Edward Sharpe And The Magnetic Zeros,https://www.azlyrics.com/e/edwardsharpeandthemagneticzeros.html
"Edwards, Jonathan",https://www.azlyrics.com/j/jonathanedwards.html
"Edwards, Kathleen",https://www.azlyrics.com/k/kathleenedwards.html
"Edwards, Richard",https://www.azlyrics.com/r/richardedwards.html
Edwin McCain,https://www.azlyrics.com/m/mccain.html
Edwin Starr,https://www.azlyrics.com/e/edwinstarr.html
Edwyn Collins,https://www.azlyrics.com/e/edwyncollins.html
EDX,https://www.azlyrics.com/e/edx.html
Eels,https://www.azlyrics.com/e/eels.html
"Egerton, Taron",https://www.azlyrics.com/t/taronegerton.html
Egor Kreed (Егор Крид),https://www.azlyrics.com/e/egorkreed.html
Egor Nats (Егор Натс),https://www.azlyrics.com/e/egornats.html
EGOVERT,https://www.azlyrics.com/e/egovert.html
Egypt Central,https://www.azlyrics.com/e/egyptcentral.html
Eiffel 65,https://www.azlyrics.com/e/eiffel65.html
Eighteen Visions,https://www.azlyrics.com/e/eighteenvisions.html
Eilen Jewell,https://www.azlyrics.com/e/eilenjewell.html
"Eilish, Billie",https://www.azlyrics.com/b/billieeilish.html
Einár,https://www.azlyrics.com/e/einr.html
Eisbrecher,https://www.azlyrics.com/e/eisbrecher.html
Eisley,https://www.azlyrics.com/e/eisley.html
Ekali,https://www.azlyrics.com/e/ekali.html
"Ekko, Mikky",https://www.azlyrics.com/m/mikkyekko.html
Ekoh,https://www.azlyrics.com/e/ekoh.html
Eladio Carrión,https://www.azlyrics.com/e/eladiocarrion.html
Elaine,https://www.azlyrics.com/e/elaine.html
El Alfa,https://www.azlyrics.com/e/elalfa.html
"Elam, Katrina",https://www.azlyrics.com/k/katrinaelam.html
Elams,https://www.azlyrics.com/e/elams.html
ELAN,https://www.azlyrics.com/e/elan.html
Elanur,https://www.azlyrics.com/e/elanur.html
Elastica,https://www.azlyrics.com/e/elastica.html
Elbow,https://www.azlyrics.com/e/elbow.html
El Capon,https://www.azlyrics.com/e/elcapon.html
El Chombo,https://www.azlyrics.com/e/elchombo.html
El DeBarge,https://www.azlyrics.com/e/eldebarge.html
Elderbrook,https://www.azlyrics.com/e/elderbrook.html
Elder Brother,https://www.azlyrics.com/e/elderbrother.html
Elder Island,https://www.azlyrics.com/e/elderisland.html
"Eldredge, Brett",https://www.azlyrics.com/b/bretteldredge.html
Ele A El Dominio,https://www.azlyrics.com/e/eleaeldominio.html
Electric Century,https://www.azlyrics.com/e/electriccentury.html
Electric Guest,https://www.azlyrics.com/e/electricguest.html
Electric Light Orchestra,https://www.azlyrics.com/e/electriclightorchestra.html
Electric Six,https://www.azlyrics.com/e/electricsix.html
Electrik Red,https://www.azlyrics.com/e/electrikred.html
Electronic,https://www.azlyrics.com/e/electronic.html
Elefant,https://www.azlyrics.com/e/elefant.html
Elefante,https://www.azlyrics.com/e/elefante.html
Element Eighty,https://www.azlyrics.com/e/elementeighty.html
Elena Kitic,https://www.azlyrics.com/e/elenakitic.html
Elena Siegman,https://www.azlyrics.com/e/elenasiegman.html
Elena Temnikova (Елена Темникова),https://www.azlyrics.com/e/elenatemnikova.html
Eleni Foureira,https://www.azlyrics.com/e/elenifoureira.html
Elen Levon,https://www.azlyrics.com/e/elenlevon.html
Elephante,https://www.azlyrics.com/e/elephante.html
Elephant Kind,https://www.azlyrics.com/e/elephantkind.html
Elephant Man,https://www.azlyrics.com/e/elephantman.html
Elettra Lamborghini,https://www.azlyrics.com/e/elettralamborghini.html
Elevation Worship,https://www.azlyrics.com/e/elevationworship.html
Eleventyseven,https://www.azlyrics.com/e/eleventyseven.html
El Fantasma,https://www.azlyrics.com/e/elfantasma.html
"Elgort, Ansel",https://www.azlyrics.com/a/anselelgort.html
ELHAE,https://www.azlyrics.com/e/elhae.html
ELI,https://www.azlyrics.com/e/eli.html
Elias,https://www.azlyrics.com/e/elias-de.html
Elias,https://www.azlyrics.com/e/elias.html
"Elias, Gabriel",https://www.azlyrics.com/g/gabrielelias.html
Elias Naslin,https://www.azlyrics.com/e/eliasnaslin.html
eli.,https://www.azlyrics.com/e/elilucas.html
ELIF,https://www.azlyrics.com/e/elif.html
Elijah Blake,https://www.azlyrics.com/e/elijahblake.html
Elijah Woods x Jamie Fine,https://www.azlyrics.com/e/elijahwoodsxjamiefine.html
Eli Lieb,https://www.azlyrics.com/e/elilieb.html
Elina,https://www.azlyrics.com/e/elina.html
Eliott,https://www.azlyrics.com/e/eliott.html
Elisa,https://www.azlyrics.com/e/elisa.html
Elise Estrada,https://www.azlyrics.com/e/eliseestrada.html
Eli Sostre,https://www.azlyrics.com/e/elisostre.html
Elita,https://www.azlyrics.com/e/elita.html
Eli Young Band,https://www.azlyrics.com/e/eliyoungband.html
ELIZA,https://www.azlyrics.com/e/eliza.html
Elizabeth Gillies,https://www.azlyrics.com/e/elizabethgillies.html
Eliza Doolittle,https://www.azlyrics.com/e/elizadoolittle.html
Elko,https://www.azlyrics.com/e/elko.html
El Komander,https://www.azlyrics.com/e/elkomander.html
Ella Eyre,https://www.azlyrics.com/e/ellaeyre.html
Ella Fitzgerald,https://www.azlyrics.com/e/ellafitzgerald.html
Ella Henderson,https://www.azlyrics.com/e/ellahenderson.html
Ellai (Эллаи),https://www.azlyrics.com/e/ellai.html
Ella Mae Bowen,https://www.azlyrics.com/e/ellamaebowen.html
Ella Mai,https://www.azlyrics.com/e/ellamai.html
Ella Vos,https://www.azlyrics.com/e/ellavos.html
Elle King,https://www.azlyrics.com/e/elleking.html
Elle Varner,https://www.azlyrics.com/e/ellevarner.html
Elley Duhé,https://www.azlyrics.com/e/elleyduh.html
Ellie Campbell,https://www.azlyrics.com/c/campbell.html
Ellie Goulding,https://www.azlyrics.com/e/elliegoulding.html
Ellie Holcomb,https://www.azlyrics.com/e/ellieholcomb.html
"Elliman, Yvonne",https://www.azlyrics.com/y/yvonneelliman.html
"Elliot, Isac",https://www.azlyrics.com/i/isacelliot.html
Elliot Moss,https://www.azlyrics.com/e/elliotmoss.html
"Elliott, Brynn",https://www.azlyrics.com/b/brynnelliott.html
Elliott Smith,https://www.azlyrics.com/e/elliottsmith.html
Elliott Yamin,https://www.azlyrics.com/e/elliottyamin.html
Elliphant,https://www.azlyrics.com/e/elliphant.html
"Ellis-Bextor, Sophie",https://www.azlyrics.com/b/bextor.html
Ellise,https://www.azlyrics.com/e/ellise.html
"Ellis, Hannah",https://www.azlyrics.com/h/hannahellis.html
"Ellis, Ross",https://www.azlyrics.com/r/rossellis.html
"Ell, Lindsay",https://www.azlyrics.com/l/lindsayell.html
ELMAN,https://www.azlyrics.com/e/elman.html
Elmo & Patsy,https://www.azlyrics.com/e/elmopatsy.html
Elmore James,https://www.azlyrics.com/e/elmorejames.html
Elodie,https://www.azlyrics.com/e/elodie.html
Elohim,https://www.azlyrics.com/e/elohim.html
El Profesor,https://www.azlyrics.com/e/elprofesor.html
Elton John,https://www.azlyrics.com/j/john.html
El Tri,https://www.azlyrics.com/e/eltri.html
Eluveitie,https://www.azlyrics.com/e/eluveitie.html
Elvana Gjata,https://www.azlyrics.com/e/elvanagjata.html
Elvenking,https://www.azlyrics.com/e/elvenking.html
Elvin Bishop,https://www.azlyrics.com/e/elvinbishop.html
Elvis Costello,https://www.azlyrics.com/e/elviscostello.html
Elvis Crespo,https://www.azlyrics.com/e/elviscrespo.html
Elvis Depressedly,https://www.azlyrics.com/e/elvisdepressedly.html
Elvis Presley,https://www.azlyrics.com/e/elvis.html
"Elvis, Roméo",https://www.azlyrics.com/r/romeoelvis.html
EL VY,https://www.azlyrics.com/e/elvy.html
Elyar Fox,https://www.azlyrics.com/e/elyarfox.html
Emanny,https://www.azlyrics.com/e/emanny.html
Emarosa,https://www.azlyrics.com/e/emarosa.html
Ember Island,https://www.azlyrics.com/e/emberisland.html
Emblem3,https://www.azlyrics.com/e/emblem3.html
Embrace,https://www.azlyrics.com/e/embrace.html
Emeline Michel,https://www.azlyrics.com/e/emelinemichel.html
Emeli Sandé,https://www.azlyrics.com/e/emelisand.html
"Emerald, Caro",https://www.azlyrics.com/c/caroemerald.html
Emerson Drive,https://www.azlyrics.com/e/emersondrive.html
"Emerson, Lake & Palmer",https://www.azlyrics.com/e/emersonlakepalmer.html
Emery,https://www.azlyrics.com/e/emery.html
"Emery, Gareth",https://www.azlyrics.com/g/garethemery.html
EMF,https://www.azlyrics.com/e/emf.html
Emicida,https://www.azlyrics.com/e/emicida.html
Emigrate,https://www.azlyrics.com/e/emigrate.html
Emil Bulls,https://www.azlyrics.com/e/emilbulls.html
Emile Haynie,https://www.azlyrics.com/e/emilehaynie.html
Emilia,https://www.azlyrics.com/e/emilia.html
Emiliana Torrini,https://www.azlyrics.com/e/emilianatorrini.html
Emilie Autumn,https://www.azlyrics.com/e/emilieautumn.html
Emily Blunt,https://www.azlyrics.com/e/emilyblunt.html
Emily Browning,https://www.azlyrics.com/e/emilybrowning.html
Emily Burns,https://www.azlyrics.com/e/emilyburns.html
Emily Hackett,https://www.azlyrics.com/e/emilyhackett.html
Emily King,https://www.azlyrics.com/e/emilyking.html
Emily Kinney,https://www.azlyrics.com/e/emilykinney.html
Emily Osment,https://www.azlyrics.com/e/emilyosment.html
Emily Vaughn,https://www.azlyrics.com/e/emilyvaughn.html
Eminem,https://www.azlyrics.com/e/eminem.html
Emir Can İğrek,https://www.azlyrics.com/e/emircanigrek.html
Emis Killa,https://www.azlyrics.com/e/emiskilla.html
Emiway Bantai,https://www.azlyrics.com/e/emiwaybantai.html
Emma Bale,https://www.azlyrics.com/e/emmabale.html
Emma Blackery,https://www.azlyrics.com/e/emmablackery.html
Emma Bunton,https://www.azlyrics.com/b/bunton.html
Emma Hewitt,https://www.azlyrics.com/e/emmahewitt.html
Emma Louise,https://www.azlyrics.com/e/emmalouise.html
Emman,https://www.azlyrics.com/e/emman.html
Emmanuel Hudson,https://www.azlyrics.com/e/emmanuelhudson.html
Emma Pollock,https://www.azlyrics.com/e/emmapollock.html
Emma Roberts,https://www.azlyrics.com/e/emmaroberts.html
Emma Ruth Rundle,https://www.azlyrics.com/e/emmaruthrundle.html
Emma Steinbakken,https://www.azlyrics.com/e/emmasteinbakken.html
Emma Watson,https://www.azlyrics.com/e/emmawatson.html
Emmelie De Forest,https://www.azlyrics.com/e/emmeliedeforest.html
Emmit Fenn,https://www.azlyrics.com/e/emmitfenn.html
Emmure,https://www.azlyrics.com/e/emmure.html
Emmylou Harris,https://www.azlyrics.com/e/emmylouharris.html
Emmy Rossum,https://www.azlyrics.com/e/emmyrossum.html
Emotional Oranges,https://www.azlyrics.com/e/emotionaloranges.html
"Emotions, The",https://www.azlyrics.com/e/emotions.html
Emphatic,https://www.azlyrics.com/e/emphatic.html
Empire Cast,https://www.azlyrics.com/e/empirecast.html
Empire Of The Sun,https://www.azlyrics.com/e/empireofthesun.html
Empress Of,https://www.azlyrics.com/e/empressof.html
Emrah Karaduman,https://www.azlyrics.com/e/emrahkaraduman.html
Emre Aydın,https://www.azlyrics.com/e/emreaydn.html
Emtee,https://www.azlyrics.com/e/emtee.html
Endah N Rhesa,https://www.azlyrics.com/e/endahnrhesa.html
Enemy,https://www.azlyrics.com/e/enemyrap.html
"Enemy, The",https://www.azlyrics.com/e/enemy.html
Enes Batur,https://www.azlyrics.com/e/enesbatur.html
Engelbert Humperdinck,https://www.azlyrics.com/e/engelberthumperdinck.html
Engineers,https://www.azlyrics.com/e/engineers.html
England Dan & John Ford Coley,https://www.azlyrics.com/e/englanddanjohnfordcoley.html
"English, Hazel",https://www.azlyrics.com/h/hazelenglish.html
"English, Roy",https://www.azlyrics.com/r/royenglish.html
Enigma,https://www.azlyrics.com/e/enigma.html
En Minor,https://www.azlyrics.com/e/enminor.html
"Ennis, Seth",https://www.azlyrics.com/s/sethennis.html
Eno,https://www.azlyrics.com/e/eno.html
"Eno, Brian",https://www.azlyrics.com/b/brianeno.html
Enrico Nigiotti,https://www.azlyrics.com/e/enriconigiotti.html
Enrique Iglesias,https://www.azlyrics.com/i/iglesias.html
Ensiferum,https://www.azlyrics.com/e/ensiferum.html
Enslaved,https://www.azlyrics.com/e/enslaved.html
Enterprise Earth,https://www.azlyrics.com/e/enterpriseearth.html
Enter Shikari,https://www.azlyrics.com/e/entershikari.html
Entombed,https://www.azlyrics.com/e/entombed.html
"Entrata, Maymay",https://www.azlyrics.com/m/maymayentrata.html
Enur,https://www.azlyrics.com/e/enur.html
En Vogue,https://www.azlyrics.com/e/envogue.html
Envy On The Coast,https://www.azlyrics.com/e/envyonthecoast.html
Enya,https://www.azlyrics.com/e/enya.html
Enzo Dong,https://www.azlyrics.com/e/enzodong.html
EO,https://www.azlyrics.com/e/eo.html
Epica,https://www.azlyrics.com/e/epica.html
Epic Rap Battles Of History,https://www.azlyrics.com/e/epicrapbattlesofhistory.html
Epik High,https://www.azlyrics.com/e/epikhigh.html
EPMD,https://www.azlyrics.com/e/epmd.html
"Equals, The",https://www.azlyrics.com/e/equals.html
Equalz,https://www.azlyrics.com/e/equalz.html
Equilibrium,https://www.azlyrics.com/e/equilibrium.html
Equinox,https://www.azlyrics.com/e/equinox.html
Era,https://www.azlyrics.com/e/era.html
Era Istrefi,https://www.azlyrics.com/e/eraistrefi.html
Eraserheads,https://www.azlyrics.com/e/eraserheads.html
Erasure,https://www.azlyrics.com/e/erasure.html
"Erener, Sertab",https://www.azlyrics.com/s/sertaberener.html
Erica Campbell,https://www.azlyrics.com/e/ericacampbell.html
Eric Bellinger,https://www.azlyrics.com/e/ericbellinger.html
Eric Benet,https://www.azlyrics.com/b/benet.html
Eric B. & Rakim,https://www.azlyrics.com/e/ericbrakim.html
Eric Burdon,https://www.azlyrics.com/e/ericburdon.html
Eric Carmen,https://www.azlyrics.com/e/ericcarmen.html
Eric Church,https://www.azlyrics.com/e/ericchurch.html
Eric Clapton,https://www.azlyrics.com/e/ericclapton.html
Eric Hutchinson,https://www.azlyrics.com/e/erichutchinson.html
Erick Sermon,https://www.azlyrics.com/s/sermon.html
Eric Nam,https://www.azlyrics.com/e/ericnam.html
Eric Paslay,https://www.azlyrics.com/e/ericpaslay.html
Eric Prydz,https://www.azlyrics.com/e/ericprydz.html
Eric Saade,https://www.azlyrics.com/e/ericsaade.html
Eric Turner,https://www.azlyrics.com/e/ericturner.html
Erika Costell,https://www.azlyrics.com/e/erikacostell.html
Erika Lundmoen (Эрика Лундмоен),https://www.azlyrics.com/e/erikalundmoen.html
Erik Hassle,https://www.azlyrics.com/e/erikhassle.html
Erik Jonasson,https://www.azlyrics.com/e/erikjonasson.html
Erik Santos,https://www.azlyrics.com/e/eriksantos.html
Erin McCarley,https://www.azlyrics.com/e/erinmccarley.html
"Erivo, Cynthia",https://www.azlyrics.com/c/cynthiaerivo.html
Ermal Meta,https://www.azlyrics.com/e/ermalmeta.html
"Erna, Sully",https://www.azlyrics.com/s/sullyerna.html
Ernia,https://www.azlyrics.com/e/ernia.html
Eros Ramazzotti,https://www.azlyrics.com/e/erosramazzotti.html
ERRA,https://www.azlyrics.com/e/erra.html
Ersay Üner,https://www.azlyrics.com/e/ersayner.html
Erthlings,https://www.azlyrics.com/e/erthlings.html
Erykah Badu,https://www.azlyrics.com/b/badu.html
Esang De Torres,https://www.azlyrics.com/e/esangdetorres.html
"Escape Club, The",https://www.azlyrics.com/e/escapeclub.html
Escape The Fate,https://www.azlyrics.com/e/escapethefate.html
Esham,https://www.azlyrics.com/e/esham.html
Eskimo Callboy,https://www.azlyrics.com/e/eskimocallboy.html
Eskimo Joe,https://www.azlyrics.com/e/eskimojoe.html
Esko,https://www.azlyrics.com/e/esko.html
Eslabon Armado,https://www.azlyrics.com/e/eslabonarmado.html
Esmée Denters,https://www.azlyrics.com/e/esmedenters.html
"Espanto, Darren",https://www.azlyrics.com/d/darrenespanto.html
Esperanza Spalding,https://www.azlyrics.com/e/esperanzaspalding.html
Espinoza Paz,https://www.azlyrics.com/e/espinozapaz.html
"Essex, David",https://www.azlyrics.com/d/davidessex.html
ESSIE GANG,https://www.azlyrics.com/e/essiegang.html
"Essien, Loick",https://www.azlyrics.com/l/loickessien.html
E^ST,https://www.azlyrics.com/e/est.html
Esteban Gabriel,https://www.azlyrics.com/e/estebangabriel.html
"Estefan, Gloria",https://www.azlyrics.com/e/estefan.html
Estelle,https://www.azlyrics.com/e/estelle.html
Ester Dean,https://www.azlyrics.com/e/esterdean.html
Estikay,https://www.azlyrics.com/e/estikay.html
Estopa,https://www.azlyrics.com/e/estopa.html
"Estrada, Lucas",https://www.azlyrics.com/l/lucasestrada.html
estraden,https://www.azlyrics.com/e/estrad.html
Etana,https://www.azlyrics.com/e/etana.html
Eternal,https://www.azlyrics.com/e/eternal.html
"Etheridge, Melissa",https://www.azlyrics.com/e/etheridge.html
Etta James,https://www.azlyrics.com/e/ettajames.html
Eurielle,https://www.azlyrics.com/e/eurielle.html
Euringer,https://www.azlyrics.com/e/euringer.html
Europe,https://www.azlyrics.com/e/europe.html
Eurythmics,https://www.azlyrics.com/e/eurythmics.html
Eva,https://www.azlyrics.com/e/eva.html
Eva Cassidy,https://www.azlyrics.com/e/evacassidy.html
Eva Eugenio,https://www.azlyrics.com/e/evaeugenio.html
Evalyn,https://www.azlyrics.com/e/evalyn.html
Evan And Jaron,https://www.azlyrics.com/e/evanandjaron.html
"Evancho, Jackie",https://www.azlyrics.com/j/jackieevancho.html
Evanescence,https://www.azlyrics.com/e/evanescence.html
"Evans, Anthony",https://www.azlyrics.com/a/anthonyevans.html
Evans Blue,https://www.azlyrics.com/e/evansblue.html
"Evans, Faith",https://www.azlyrics.com/e/evans.html
"Evans, Morgan",https://www.azlyrics.com/m/morganevans.html
"Evans, Sara",https://www.azlyrics.com/s/saraevans.html
"Evans, Tiffany",https://www.azlyrics.com/t/tiffanyevans.html
Evan Taubenfeld,https://www.azlyrics.com/e/evantaubenfeld.html
Eva Simons,https://www.azlyrics.com/e/evasimons.html
Eva Under Fire,https://www.azlyrics.com/e/evaunderfire.html
Eve,https://www.azlyrics.com/e/eve.html
Eve 6,https://www.azlyrics.com/e/eve6.html
Evelina,https://www.azlyrics.com/e/evelina.html
"Evelyn ""Champagne"" King",https://www.azlyrics.com/e/evelynchampagneking.html
Evelyn Evelyn,https://www.azlyrics.com/e/evelynevelyn.html
Even Of Day,https://www.azlyrics.com/e/evenofday.html
"Evens, The",https://www.azlyrics.com/e/evens.html
Everclear,https://www.azlyrics.com/e/everclear.html
"Everett, Jace",https://www.azlyrics.com/j/jaceeverett.html
EVERGLOW,https://www.azlyrics.com/e/everglow.html
Evergrey,https://www.azlyrics.com/e/evergrey.html
Everlast,https://www.azlyrics.com/e/everlast.html
Everlife,https://www.azlyrics.com/e/everlife.html
"Everly Brothers, The",https://www.azlyrics.com/e/everlybrothers.html
Evermore,https://www.azlyrics.com/e/evermore.html
Every Avenue,https://www.azlyrics.com/e/everyavenue.html
Everybody Loves An Outlaw,https://www.azlyrics.com/e/everybodylovesanoutlaw.html
Everyone You Know,https://www.azlyrics.com/e/everyoneyouknow.html
Everything But The Girl,https://www.azlyrics.com/e/everythingbutthegirl.html
Everything Everything,https://www.azlyrics.com/e/everythingeverything.html
Everything Is Recorded,https://www.azlyrics.com/e/everythingisrecorded.html
Every Time I Die,https://www.azlyrics.com/e/everytimeidie.html
Eves Karydas,https://www.azlyrics.com/e/eveskarydas.html
Evidence,https://www.azlyrics.com/e/evidence.html
Example,https://www.azlyrics.com/e/example.html
Ex Battalion,https://www.azlyrics.com/e/exbattalion.html
EXCE$$,https://www.azlyrics.com/e/exce.html
EXES,https://www.azlyrics.com/e/exes.html
EXID,https://www.azlyrics.com/e/exid.html
"Exies, The",https://www.azlyrics.com/e/exies.html
Exile,https://www.azlyrics.com/e/exile.html
Exit Eden,https://www.azlyrics.com/e/exiteden.html
EXO,https://www.azlyrics.com/e/exo.html
EXO-CBX,https://www.azlyrics.com/e/exocbx.html
Exodus,https://www.azlyrics.com/e/exodus.html
"Expendables, The",https://www.azlyrics.com/e/expendables.html
"Exploited, The",https://www.azlyrics.com/e/exploited.html
Expose,https://www.azlyrics.com/e/expose.html
Ex:Re,https://www.azlyrics.com/e/exre.html
Extreme,https://www.azlyrics.com/e/extreme.html
"Exum, Kyle",https://www.azlyrics.com/k/kyleexum.html
Eyedea,https://www.azlyrics.com/e/eyedea.html
Eyes Set To Kill,https://www.azlyrics.com/e/eyessettokill.html
Eypio,https://www.azlyrics.com/e/eypio.html
Ezhel,https://www.azlyrics.com/e/ezhel.html
Ezra Furman,https://www.azlyrics.com/e/ezrafurman.html
"Ezra, George",https://www.azlyrics.com/g/georgeezra.html
