T3R Elemento,https://www.azlyrics.com/t/t3relemento.html
T9ine,https://www.azlyrics.com/t/t9ine.html
Tabitha,https://www.azlyrics.com/t/tabitha.html
Taburete,https://www.azlyrics.com/t/taburete.html
Taco Hemingway,https://www.azlyrics.com/t/tacohemingway.html
TACONAFIDE,https://www.azlyrics.com/t/taconafide.html
TAEMIN,https://www.azlyrics.com/t/taemin.html
Taeyang,https://www.azlyrics.com/t/taeyang.html
Taeyeon,https://www.azlyrics.com/t/taeyeon.html
Taeyong,https://www.azlyrics.com/t/taeyong.html
"Tahalea, Monita",https://www.azlyrics.com/m/monitatahalea.html
Tahiry,https://www.azlyrics.com/t/tahiry.html
Tahribad-ı İsyan,https://www.azlyrics.com/t/tahribadsyan.html
Taio Cruz,https://www.azlyrics.com/t/taiocruz.html
Tai Verdes,https://www.azlyrics.com/t/taiverdes.html
Takagi & Ketra,https://www.azlyrics.com/t/takagiketra.html
Take 5,https://www.azlyrics.com/t/take5.html
Takeoff,https://www.azlyrics.com/t/takeoff.html
Take That,https://www.azlyrics.com/t/takethat.html
Takida,https://www.azlyrics.com/t/takida.html
Taking Back Sunday,https://www.azlyrics.com/t/taking.html
Ta-ku,https://www.azlyrics.com/t/taku.html
Tal,https://www.azlyrics.com/t/tal.html
TALA,https://www.azlyrics.com/t/tala.html
Taladro,https://www.azlyrics.com/t/taladro.html
Tal Bachman,https://www.azlyrics.com/t/talbachman.html
"Talbot, Connie",https://www.azlyrics.com/c/connietalbot.html
"Talevski, Dan",https://www.azlyrics.com/d/dantalevski.html
Talib Kweli,https://www.azlyrics.com/k/kweli.html
Talisco,https://www.azlyrics.com/t/talisco.html
Talking Heads,https://www.azlyrics.com/t/talkingheads.html
Talk Talk,https://www.azlyrics.com/t/talktalk.html
"Tallest Man On Earth, The",https://www.azlyrics.com/t/tallestmanonearth.html
Tall Heights,https://www.azlyrics.com/t/tallheights.html
Tally Hall,https://www.azlyrics.com/t/tallyhall.html
Talos,https://www.azlyrics.com/t/talos.html
Tamara Todevska,https://www.azlyrics.com/t/tamaratodevska.html
Tamar Braxton,https://www.azlyrics.com/t/tamarbraxton.html
Tame Impala,https://www.azlyrics.com/t/tameimpala.html
"Tameka ""Tiny"" Harris",https://www.azlyrics.com/t/tamekatinyharris.html
Tamela Mann,https://www.azlyrics.com/t/tamelamann.html
Tamia,https://www.azlyrics.com/t/tamia.html
Tamino,https://www.azlyrics.com/t/tamino.html
Tammin Sursok,https://www.azlyrics.com/t/tamminsursok.html
Tammy Rivera,https://www.azlyrics.com/t/tammyrivera.html
Tammy Wynette,https://www.azlyrics.com/t/tammywynette.html
Tamta,https://www.azlyrics.com/t/tamta.html
Tamyra Gray,https://www.azlyrics.com/g/grayt.html
Tana Mongeau,https://www.azlyrics.com/t/tanamongeau.html
"Tandingan, KZ",https://www.azlyrics.com/k/kztandingan.html
Tangerine Kitty,https://www.azlyrics.com/t/tangerinekitty.html
Tanita Tikaram,https://www.azlyrics.com/t/tanitatikaram.html
Tank,https://www.azlyrics.com/t/tank.html
Tankard,https://www.azlyrics.com/t/tankard.html
"Tankian, Serj",https://www.azlyrics.com/s/serjtankian.html
Tanner Fox,https://www.azlyrics.com/t/tannerfox.html
Tantric,https://www.azlyrics.com/t/tantric.html
Tanya Tucker,https://www.azlyrics.com/t/tanyatucker.html
"Taos, Aaron",https://www.azlyrics.com/a/aarontaos.html
Tapes 'n Tapes,https://www.azlyrics.com/t/tapesntapes.html
"Tapia, Roberto",https://www.azlyrics.com/r/robertotapia.html
Taproot,https://www.azlyrics.com/t/taproot.html
T-ARA,https://www.azlyrics.com/t/tara.html
TARI,https://www.azlyrics.com/t/tari.html
Tarja,https://www.azlyrics.com/t/tarja.html
Tarkan,https://www.azlyrics.com/t/tarkan.html
Taron Egerton,https://www.azlyrics.com/t/taronegerton.html
Tarrus Riley,https://www.azlyrics.com/t/tarrusriley.html
"Tarver, Katelyn",https://www.azlyrics.com/k/katelyntarver.html
Tasha Cobbs,https://www.azlyrics.com/t/tashacobbs.html
Tasha Layton,https://www.azlyrics.com/t/tashalayton.html
Tasha Page-Lockhart,https://www.azlyrics.com/t/tashapagelockhart.html
Tash Sultana,https://www.azlyrics.com/t/tashsultana.html
Taska Black,https://www.azlyrics.com/t/taskablack.html
Taste,https://www.azlyrics.com/t/taste.html
"Taste Of Honey, A",https://www.azlyrics.com/t/tasteofhoney.html
Tata Janeeta,https://www.azlyrics.com/t/tatajaneeta.html
Tatarka,https://www.azlyrics.com/t/tatarka.html
Tata Young,https://www.azlyrics.com/y/youngt.html
Tate McRae,https://www.azlyrics.com/t/tatemcrae.html
Tate Stevens,https://www.azlyrics.com/t/tatestevens.html
Tatiana Manaois,https://www.azlyrics.com/t/tatianamanaois.html
Tatiana Owens,https://www.azlyrics.com/t/tatianaowens.html
"Tatlıöz, Bahadır",https://www.azlyrics.com/b/bahadrtatloz.html
"Tatlıses, İdo",https://www.azlyrics.com/i/idotatlses.html
t.A.T.u.,https://www.azlyrics.com/t/tatu.html
"Taubenfeld, Evan",https://www.azlyrics.com/e/evantaubenfeld.html
Tauren Wells,https://www.azlyrics.com/t/taurenwells.html
Tavares,https://www.azlyrics.com/t/tavares.html
"Tavárez, Lenny",https://www.azlyrics.com/l/lennytavrez.html
"Tawil, Adel",https://www.azlyrics.com/a/adeltawil.html
Taxi B,https://www.azlyrics.com/t/taxib.html
"Taxpayers, The",https://www.azlyrics.com/t/taxpayers.html
Tayc,https://www.azlyrics.com/t/tayc.html
Tay-K,https://www.azlyrics.com/t/tayk.html
Tayla Parx,https://www.azlyrics.com/t/taylaparx.html
Taylor Acorn,https://www.azlyrics.com/t/tayloracorn.html
"Taylor, Angel",https://www.azlyrics.com/a/angeltaylor.html
Taylor Bennett,https://www.azlyrics.com/t/taylorbennett.html
"Taylor, Brianna",https://www.azlyrics.com/b/briannataylor.html
Taylor Caniff,https://www.azlyrics.com/t/taylorcaniff.html
"Taylor, Corey",https://www.azlyrics.com/t/taylor.html
Taylor Dayne,https://www.azlyrics.com/t/taylordayne.html
Taylor Girlz,https://www.azlyrics.com/t/taylorgirlz.html
Taylor Henderson,https://www.azlyrics.com/t/taylorhenderson.html
Taylor Hicks,https://www.azlyrics.com/t/taylorhicks.html
"Taylor, James",https://www.azlyrics.com/j/jamestaylor.html
"Taylor, Jordyn",https://www.azlyrics.com/j/jordyntaylor.html
"Taylor, Maria",https://www.azlyrics.com/m/mariataylor.html
"Taylor, Natalie",https://www.azlyrics.com/n/natalietaylor.html
"Taylor, Rachel",https://www.azlyrics.com/r/racheltaylor.html
Taylor Ray Holbrook,https://www.azlyrics.com/t/taylorrayholbrook.html
"Taylor, Roger",https://www.azlyrics.com/r/rogertaylor.html
"Taylor, Shannon",https://www.azlyrics.com/s/shannontaylor.html
Taylor Swift,https://www.azlyrics.com/t/taylorswift.html
Tay Money,https://www.azlyrics.com/t/taymoney.html
Tayna,https://www.azlyrics.com/t/tayna.html
Tayo Sound,https://www.azlyrics.com/t/tayosound.html
Tay Zonday,https://www.azlyrics.com/t/tayzonday.html
Tchami,https://www.azlyrics.com/t/tchami.html
TCTS,https://www.azlyrics.com/t/tcts.html
Teairra Mari,https://www.azlyrics.com/t/teairramari.html
Team BS,https://www.azlyrics.com/t/teambs.html
Team Sleep,https://www.azlyrics.com/t/teamsleep.html
"Tea Party, The",https://www.azlyrics.com/t/teaparty.html
Tear Da Club Up Thugs,https://www.azlyrics.com/t/teardaclubupthugs.html
Tear Out The Heart,https://www.azlyrics.com/t/tearouttheheart.html
Tears For Fears,https://www.azlyrics.com/t/tears.html
"Tebbutt, Dustin",https://www.azlyrics.com/d/dustintebbutt.html
Tebey,https://www.azlyrics.com/t/tebey.html
TEC,https://www.azlyrics.com/t/tec.html
Tech N9ne,https://www.azlyrics.com/t/techn9ne.html
Technotronic,https://www.azlyrics.com/t/technotronic.html
"Tech Thieves, The",https://www.azlyrics.com/t/techthieves.html
Tedashii,https://www.azlyrics.com/t/tedashii.html
Teddy Geiger,https://www.azlyrics.com/t/teddygeiger.html
Teddy Pendergrass,https://www.azlyrics.com/t/teddypendergrass.html
Teddy Swims,https://www.azlyrics.com/t/teddyswims.html
TEDE,https://www.azlyrics.com/t/tede.html
"Tedeschi, Susan",https://www.azlyrics.com/s/susantedeschi.html
Tedeschi Trucks Band,https://www.azlyrics.com/t/tedeschitrucksband.html
Ted Nugent,https://www.azlyrics.com/t/tednugent.html
Tedua,https://www.azlyrics.com/t/tedua.html
Teedra Moses,https://www.azlyrics.com/t/teedramoses.html
TeeFlii,https://www.azlyrics.com/t/teeflii.html
Tee Grizzley,https://www.azlyrics.com/t/teegrizzley.html
Teejay,https://www.azlyrics.com/t/teejay.html
Teenage Fanclub,https://www.azlyrics.com/t/teenage.html
Teenage Wrist,https://www.azlyrics.com/t/teenagewrist.html
Teena Marie,https://www.azlyrics.com/t/teenamarie.html
Teenear,https://www.azlyrics.com/t/teenear.html
Teen Suicide,https://www.azlyrics.com/t/teensuicide.html
Tegan And Sara,https://www.azlyrics.com/t/teganandsara.html
Tegan Marie,https://www.azlyrics.com/t/teganmarie.html
Tei Shi,https://www.azlyrics.com/t/teishi.html
Teitur,https://www.azlyrics.com/t/teitur.html
Tekno,https://www.azlyrics.com/t/tekno.html
Television,https://www.azlyrics.com/t/television.html
TELLY GRAVE,https://www.azlyrics.com/t/tellygrave.html
"Telo, Michel",https://www.azlyrics.com/m/micheltelo.html
"Temperance Movement, The",https://www.azlyrics.com/t/temperancemovement.html
"Temper Trap, The",https://www.azlyrics.com/t/tempertrap.html
Temple Of The Dog,https://www.azlyrics.com/t/templeofthedog.html
Temples,https://www.azlyrics.com/t/temples.html
TEMPOREX,https://www.azlyrics.com/t/temporex.html
"Temptations, The",https://www.azlyrics.com/t/temptations.html
Tems,https://www.azlyrics.com/t/tems.html
Ten 2 Five,https://www.azlyrics.com/t/ten2five.html
Tenacious D,https://www.azlyrics.com/t/tenaciousd.html
Tender,https://www.azlyrics.com/t/tender.html
"Tendo, Nik",https://www.azlyrics.com/n/niktendo.html
Ten Foot Pole,https://www.azlyrics.com/t/tenfootpole.html
"Teng, Vienna",https://www.azlyrics.com/v/viennateng.html
Teni,https://www.azlyrics.com/t/teni.html
Tenille Arts,https://www.azlyrics.com/t/tenillearts.html
Tenille Townes,https://www.azlyrics.com/t/tenilletownes.html
Tennessee Ernie Ford,https://www.azlyrics.com/t/tennesseeernieford.html
Tennis,https://www.azlyrics.com/t/tennis.html
"Teñoso, Janine",https://www.azlyrics.com/j/janineteoso.html
"Tenpenny, Mitchell",https://www.azlyrics.com/m/mitchelltenpenny.html
Tenth Avenue North,https://www.azlyrics.com/t/tenthavenuenorth.html
Ten Tonnes,https://www.azlyrics.com/t/tentonnes.html
Ten Years After,https://www.azlyrics.com/t/tenyearsafter.html
Teoman,https://www.azlyrics.com/t/teoman.html
Tepki,https://www.azlyrics.com/t/tepki.html
Tep No,https://www.azlyrics.com/t/tepno.html
"Tepper, Robert",https://www.azlyrics.com/r/roberttepper.html
Teqkoi,https://www.azlyrics.com/t/teqkoi.html
Tercer Cielo,https://www.azlyrics.com/t/tercercielo.html
Terrace Martin,https://www.azlyrics.com/t/terracemartin.html
"Terrell, Devvon",https://www.azlyrics.com/d/devvonterrell.html
Terrible Tim,https://www.azlyrics.com/t/terribletim.html
Terri Clark,https://www.azlyrics.com/t/terriclark.html
Terror,https://www.azlyrics.com/t/terror.html
Terror Jr,https://www.azlyrics.com/t/terrorjr.html
Terror Reid,https://www.azlyrics.com/t/terrorreid.html
Terror Squad,https://www.azlyrics.com/t/terrorsquad.html
Terrorvision,https://www.azlyrics.com/t/terrorvision.html
Terry Jacks,https://www.azlyrics.com/t/terryjacks.html
"Terry, Matt",https://www.azlyrics.com/m/mattterry.html
"Teskey Brothers, The",https://www.azlyrics.com/t/teskeybrothers.html
Tesla,https://www.azlyrics.com/t/tesla.html
Tessa Brooks,https://www.azlyrics.com/t/tessabrooks.html
Tessanne Chin,https://www.azlyrics.com/t/tessannechin.html
Tessa Violet,https://www.azlyrics.com/t/tessaviolet.html
TesseracT,https://www.azlyrics.com/t/tesseract.html
Testament,https://www.azlyrics.com/t/testament.html
Test Your Reflex,https://www.azlyrics.com/t/testyourreflex.html
"Tetick, İsyan",https://www.azlyrics.com/i/isyantetick.html
Tevin Campbell,https://www.azlyrics.com/t/tevincampbell.html
Texas,https://www.azlyrics.com/t/texas.html
Texas Hippie Coalition,https://www.azlyrics.com/t/texashippiecoalition.html
Texas In July,https://www.azlyrics.com/t/texasinjuly.html
Teyana Taylor,https://www.azlyrics.com/t/teyanataylor.html
T-Fest,https://www.azlyrics.com/t/tfest.html
TG4,https://www.azlyrics.com/t/tg4.html
TGT,https://www.azlyrics.com/t/tgt.html
Tha Dogg Pound,https://www.azlyrics.com/t/thadoggpound.html
Thaiboy Digital,https://www.azlyrics.com/t/thaiboydigital.html
Tha Joker,https://www.azlyrics.com/t/thajoker.html
Thalía,https://www.azlyrics.com/t/thalia.html
"Thames, Hudson",https://www.azlyrics.com/h/hudsonthames.html
Thank You Scientist,https://www.azlyrics.com/t/thankyouscientist.html
tha Supreme,https://www.azlyrics.com/t/thasupreme.html
that dog.,https://www.azlyrics.com/t/thatdog.html
That Handsome Devil,https://www.azlyrics.com/t/thathandsomedevil.html
Theatre Of Tragedy,https://www.azlyrics.com/t/theatreoftragedy.html
TheBalcony,https://www.azlyrics.com/t/thebalcony.html
The-Dream,https://www.azlyrics.com/t/thedream.html
TheFatRat,https://www.azlyrics.com/t/thefatrat.html
Thegiornalisti,https://www.azlyrics.com/t/thegiornalisti.html
TheHxliday,https://www.azlyrics.com/t/thehxliday.html
Theia,https://www.azlyrics.com/t/theia.html
Thelma Houston,https://www.azlyrics.com/t/thelmahouston.html
Thelma Plum,https://www.azlyrics.com/t/thelmaplum.html
Them Crooked Vultures,https://www.azlyrics.com/t/themcrookedvultures.html
Theophilus London,https://www.azlyrics.com/t/theophiluslondon.html
Theory Of A Deadman,https://www.azlyrics.com/t/theory.html
TheOvertunes,https://www.azlyrics.com/t/theovertunes.html
The Pack A.D.,https://www.azlyrics.com/t/thepackad.html
Therapie TAXI,https://www.azlyrics.com/t/therapietaxi.html
Therapy?,https://www.azlyrics.com/t/therapy.html
There For Tomorrow,https://www.azlyrics.com/t/therefortomorrow.html
Theresa Rex,https://www.azlyrics.com/t/theresarex.html
Theresa Sokyrka,https://www.azlyrics.com/t/theresasokyrka.html
Therion,https://www.azlyrics.com/t/therion.html
These Kids Wear Crowns,https://www.azlyrics.com/t/thesekidswearcrowns.html
The The,https://www.azlyrics.com/t/thethe.html
THEY.,https://www.azlyrics.com/t/they.html
They Might Be Giants,https://www.azlyrics.com/t/theymightbegiants.html
"Thicke, Robin",https://www.azlyrics.com/r/robinthicke.html
Thin Lizzy,https://www.azlyrics.com/t/thinlizzy.html
Third Day,https://www.azlyrics.com/t/thirdday.html
Third Eye Blind,https://www.azlyrics.com/t/thirdeye.html
Thirdstory,https://www.azlyrics.com/t/thirdstory.html
Thirsty Merc,https://www.azlyrics.com/t/thirstymerc.html
Thirty Seconds To Mars,https://www.azlyrics.com/19/30seconds.html
This Band,https://www.azlyrics.com/t/thisband.html
This Century,https://www.azlyrics.com/t/thiscentury.html
This Day & Age,https://www.azlyrics.com/t/thisdayage.html
This Is The Kit,https://www.azlyrics.com/t/thisisthekit.html
This Providence,https://www.azlyrics.com/t/thisprovidence.html
This Wild Life,https://www.azlyrics.com/t/thiswildlife.html
"Thomas, B.J.",https://www.azlyrics.com/b/bjthomas.html
"Thomas, Carl",https://www.azlyrics.com/t/thomascarl.html
"Thomas, Dante",https://www.azlyrics.com/t/thomas.html
Thomas Dolby,https://www.azlyrics.com/t/thomasdolby.html
Thomas Gold,https://www.azlyrics.com/t/thomasgold.html
"Thomas III, Leon",https://www.azlyrics.com/l/leonthomasiii.html
Thomas Jack,https://www.azlyrics.com/t/thomasjack.html
"Thomas, Jackie",https://www.azlyrics.com/j/jackiethomas.html
"Thomas, Mark",https://www.azlyrics.com/m/markthomas.html
Thomas Mraz,https://www.azlyrics.com/t/thomasmraz.html
"Thomas, Natasha",https://www.azlyrics.com/n/natashathomas.html
Thomas Rhett,https://www.azlyrics.com/t/thomasrhett.html
"Thomas, Rob",https://www.azlyrics.com/r/robthomas.html
"Thomas, Rosie",https://www.azlyrics.com/r/rosiethomas.html
Thomas Sanders,https://www.azlyrics.com/t/thomassanders.html
Thomas Stenström,https://www.azlyrics.com/t/thomasstenstrom.html
"Thompson, Jasmine",https://www.azlyrics.com/j/jasminethompson.html
"Thompson, Josh",https://www.azlyrics.com/j/joshthompson.html
"Thompson, Phil",https://www.azlyrics.com/p/philthompson.html
"Thompson, Richard",https://www.azlyrics.com/r/richardthompson.html
Thompson Square,https://www.azlyrics.com/t/thompsonsquare.html
Thompson Twins,https://www.azlyrics.com/t/thompsontwins.html
"Thom, Sandi",https://www.azlyrics.com/s/sandithom.html
Thomston,https://www.azlyrics.com/t/thomston.html
Thom Yorke,https://www.azlyrics.com/t/thomyorke.html
"Thorne, Bella",https://www.azlyrics.com/b/bellathorne.html
Thornhill,https://www.azlyrics.com/t/thornhill.html
Thornley,https://www.azlyrics.com/t/thornley.html
Thousand Below,https://www.azlyrics.com/t/thousandbelow.html
Thousand Foot Krutch,https://www.azlyrics.com/t/thousandfootkrutch.html
"Thousand Horses, A",https://www.azlyrics.com/t/thousandhorses.html
ThouxanBanFauni,https://www.azlyrics.com/t/thouxanbanfauni.html
Three 6 Mafia,https://www.azlyrics.com/t/three6mafia.html
Three Days Grace,https://www.azlyrics.com/t/threedays.html
"Three Degrees, The",https://www.azlyrics.com/t/threedegrees.html
Three Dog Night,https://www.azlyrics.com/t/threedognight.html
Thrice,https://www.azlyrics.com/t/thrice.html
Thrife,https://www.azlyrics.com/t/thrife.html
THRILL PILL,https://www.azlyrics.com/t/thrillpill.html
"Thrills, The",https://www.azlyrics.com/t/thrills.html
Thriving Ivory,https://www.azlyrics.com/t/thrivingivory.html
Through Fire,https://www.azlyrics.com/t/throughfire.html
Thug Life,https://www.azlyrics.com/t/thuglife.html
"Thulin, Jonathan",https://www.azlyrics.com/j/jonathanthulin.html
Thundamentals,https://www.azlyrics.com/t/thundamentals.html
Thunder,https://www.azlyrics.com/t/thunder.html
Thundercat,https://www.azlyrics.com/t/thundercat.html
Thundermother,https://www.azlyrics.com/t/thundermother.html
Thursday,https://www.azlyrics.com/t/thursday.html
Thutmose,https://www.azlyrics.com/t/thutmose.html
Thy Art Is Murder,https://www.azlyrics.com/t/thyartismurder.html
Thyro & Yumi,https://www.azlyrics.com/t/thyroyumi.html
T.I.,https://www.azlyrics.com/t/ti.html
Tiago Iorc,https://www.azlyrics.com/t/tiagoiorc.html
Tiagz,https://www.azlyrics.com/t/tiagz.html
Tiamat,https://www.azlyrics.com/t/tiamat.html
Tiara Andini,https://www.azlyrics.com/t/tiaraandini.html
Tiara Thomas,https://www.azlyrics.com/t/tiarathomas.html
Tich,https://www.azlyrics.com/t/tich.html
Tides Of Man,https://www.azlyrics.com/t/tidesofman.html
"Tide, The",https://www.azlyrics.com/t/tide.html
Tiên Tiên,https://www.azlyrics.com/t/tientien.html
Tierra Whack,https://www.azlyrics.com/t/tierrawhack.html
Tiesto,https://www.azlyrics.com/t/tiesto.html
Tiffany,https://www.azlyrics.com/t/tiffany.html
Tiffany Alvord,https://www.azlyrics.com/t/tiffanyalvord.html
Tiffany Day,https://www.azlyrics.com/t/tiffanyday.html
Tiffany Evans,https://www.azlyrics.com/t/tiffanyevans.html
Tiffany Giardina,https://www.azlyrics.com/t/tiffanygiardina.html
Tiffany Young,https://www.azlyrics.com/t/tiffanyyoung.html
Tiger Army,https://www.azlyrics.com/t/tigerarmy.html
Tigers Jaw,https://www.azlyrics.com/t/tigersjaw.html
Tila Tequila,https://www.azlyrics.com/t/tilatequila.html
Tilian,https://www.azlyrics.com/t/tilian.html
"Tilki, Aleyna",https://www.azlyrics.com/a/aleynatilki.html
"Tillberg, Jacob",https://www.azlyrics.com/j/jacobtillberg.html
"Tiller, Bryson",https://www.azlyrics.com/b/brysontiller.html
"Tillis, Mel",https://www.azlyrics.com/m/meltillis.html
"Tillis, Pam",https://www.azlyrics.com/p/pamtillis.html
Tilly And The Wall,https://www.azlyrics.com/t/tillyandthewall.html
'Til Tuesday,https://www.azlyrics.com/t/tiltuesday.html
Tima Belorusskih (Тима Белорусских),https://www.azlyrics.com/t/timabelorusskih.html
Timal,https://www.azlyrics.com/t/timal.html
Timati (Тимати),https://www.azlyrics.com/t/timati.html
Tim Atlas,https://www.azlyrics.com/t/timatlas.html
Timbaland,https://www.azlyrics.com/t/timbaland.html
Timbaland & Magoo,https://www.azlyrics.com/t/timbalandmagoo.html
Tim Bendzko,https://www.azlyrics.com/t/timbendzko.html
Tim Berg,https://www.azlyrics.com/t/timberg.html
"Timberlake, Justin",https://www.azlyrics.com/t/timberlake.html
Timber Timbre,https://www.azlyrics.com/t/timbertimbre.html
Tim Buckley,https://www.azlyrics.com/t/timbuckley.html
Timeflies,https://www.azlyrics.com/t/timeflies.html
Times Of Grace,https://www.azlyrics.com/t/timesofgrace.html
"Time, The Valuator",https://www.azlyrics.com/t/timethevaluator.html
Tim Hicks,https://www.azlyrics.com/t/timhicks.html
Tim Hughes,https://www.azlyrics.com/t/timhughes.html
Tim James & Nevermind,https://www.azlyrics.com/t/timjamesnevermind.html
Tim McGraw,https://www.azlyrics.com/m/mcgraw.html
Tim McMorris,https://www.azlyrics.com/t/timmcmorris.html
Timmies,https://www.azlyrics.com/t/timmies.html
Tim Montana,https://www.azlyrics.com/t/timmontana.html
Timmy Thomas,https://www.azlyrics.com/t/timmythomas.html
Timmy Trumpet,https://www.azlyrics.com/t/timmytrumpet.html
Timomatic,https://www.azlyrics.com/t/timomatic.html
Timothy Bloom,https://www.azlyrics.com/t/timothybloom.html
Tim Timmons,https://www.azlyrics.com/t/timtimmons.html
"Timur, Umut",https://www.azlyrics.com/u/umuttimur.html
Tina Arena,https://www.azlyrics.com/a/arena.html
Tina Campbell,https://www.azlyrics.com/t/tinacampbell.html
Tinashe,https://www.azlyrics.com/t/tinashe.html
Tina Turner,https://www.azlyrics.com/t/turner.html
Tinchy Stryder,https://www.azlyrics.com/t/tinchystryder.html
Tindersticks,https://www.azlyrics.com/t/tindersticks.html
"Ting Tings, The",https://www.azlyrics.com/t/tingtings.html
Tinie Tempah,https://www.azlyrics.com/t/tinietempah.html
TINI LIN,https://www.azlyrics.com/t/tinilin.html
TINI,https://www.azlyrics.com/t/tini.html
Tink,https://www.azlyrics.com/t/tink.html
Tin Machine,https://www.azlyrics.com/t/tinmachine.html
"Tinnesz, Sam",https://www.azlyrics.com/s/samtinnesz.html
"Tino, Aiman",https://www.azlyrics.com/a/aimantino.html
Tino Coury,https://www.azlyrics.com/t/tinocoury.html
Tiny Meat Gang,https://www.azlyrics.com/t/tinymeatgang.html
Tiny Moving Parts,https://www.azlyrics.com/t/tinymovingparts.html
Tiny Ruins,https://www.azlyrics.com/t/tinyruins.html
"Tiny, The",https://www.azlyrics.com/t/tiny.html
Tiny Tim,https://www.azlyrics.com/t/tinytim.html
Tion Phipps,https://www.azlyrics.com/t/tionphipps.html
Tion Wayne,https://www.azlyrics.com/t/tionwayne.html
"Tippin, Aaron",https://www.azlyrics.com/a/aarontippin.html
Tired Pony,https://www.azlyrics.com/t/tiredpony.html
Tirzah,https://www.azlyrics.com/t/tirzah.html
TisaKorean,https://www.azlyrics.com/t/tisakorean.html
"Tisdale, Ashley",https://www.azlyrics.com/a/ashleytisdale.html
Title Fight,https://www.azlyrics.com/t/titlefight.html
Tito El Bambino,https://www.azlyrics.com/t/titoelbambino.html
Titus Andronicus,https://www.azlyrics.com/t/titusandronicus.html
Tiwa Savage,https://www.azlyrics.com/t/tiwasavage.html
TIX,https://www.azlyrics.com/t/tix.html
Tiziano Ferro,https://www.azlyrics.com/f/ferro.html
"Tiz, Katy",https://www.azlyrics.com/k/katytiz.html
TJ_beastboy,https://www.azlyrics.com/t/tjbeastboy.html
TJ Monterde,https://www.azlyrics.com/t/tjmonterde.html
Tjuvjakt,https://www.azlyrics.com/t/tjuvjakt.html
T-Killah,https://www.azlyrics.com/t/tkillah.html
TK Kravitz,https://www.azlyrics.com/t/tkkravitz.html
TK-N-Ca$H,https://www.azlyrics.com/t/tkncah.html
TLC,https://www.azlyrics.com/t/tlc.html
TM88,https://www.azlyrics.com/t/tm88.html
T. Mills,https://www.azlyrics.com/t/tmills.html
T Mulla,https://www.azlyrics.com/t/tmulla.html
Toadies,https://www.azlyrics.com/t/toadies.html
Toad The Wet Sprocket,https://www.azlyrics.com/t/toadthewetsprocket.html
Tobe Nwigwe,https://www.azlyrics.com/t/tobenwigwe.html
Tobi Lou,https://www.azlyrics.com/t/tobilou.html
Tobi & Manny,https://www.azlyrics.com/t/tobimanny.html
Toby Keith,https://www.azlyrics.com/k/keith.html
Toby Lightman,https://www.azlyrics.com/t/tobylightman.html
Toby Love,https://www.azlyrics.com/t/tobylove.html
tobyMac,https://www.azlyrics.com/t/tobymac.html
Toby Turner,https://www.azlyrics.com/t/tobyturner.html
Todd Agnew,https://www.azlyrics.com/t/toddagnew.html
Todd Dulaney,https://www.azlyrics.com/t/todddulaney.html
Todd Galberth,https://www.azlyrics.com/t/toddgalberth.html
Todd Rundgren,https://www.azlyrics.com/t/toddrundgren.html
Todd Snider,https://www.azlyrics.com/t/toddsnider.html
Todrick Hall,https://www.azlyrics.com/t/todrickhall.html
together PANGEA,https://www.azlyrics.com/t/togetherpangea.html
T.O.K.,https://www.azlyrics.com/t/tok.html
Token,https://www.azlyrics.com/t/token.html
"Tokens, The",https://www.azlyrics.com/t/tokens.html
To Kill A King,https://www.azlyrics.com/t/tokillaking.html
Tokio Hotel,https://www.azlyrics.com/t/tokiohotel.html
Tokyo Jetz,https://www.azlyrics.com/t/tokyojetz.html
Tokyo Police Club,https://www.azlyrics.com/t/tokyopoliceclub.html
TOKYO'S REVENGE,https://www.azlyrics.com/t/tokyosrevenge.html
"Tolcher, Michael",https://www.azlyrics.com/m/michaeltolcher.html
Tomahawk,https://www.azlyrics.com/t/tomahawk.html
Tom Chaplin,https://www.azlyrics.com/t/tomchaplin.html
Tom Cochrane,https://www.azlyrics.com/t/tomcochrane.html
Tom DeLonge,https://www.azlyrics.com/t/tomdelonge.html
Tom Dice,https://www.azlyrics.com/t/tomdice.html
Tom Gregory,https://www.azlyrics.com/t/tomgregory.html
Tom Grennan,https://www.azlyrics.com/t/tomgrennan.html
Tom Jones,https://www.azlyrics.com/j/jones.html
"Tomlin, Chris",https://www.azlyrics.com/c/christomlin.html
"Tomlinson, Louis",https://www.azlyrics.com/l/louistomlinson.html
Tom MacDonald,https://www.azlyrics.com/t/tommacdonald.html
Tommaso Paradiso,https://www.azlyrics.com/t/tommasoparadiso.html
Tommee Profitt,https://www.azlyrics.com/t/tommeeprofitt.html
Tommie,https://www.azlyrics.com/t/tommie.html
Tom Misch,https://www.azlyrics.com/t/tommisch.html
Tom Morello,https://www.azlyrics.com/t/tommorello.html
Tommy Boysen,https://www.azlyrics.com/t/tommyboysen.html
Tommy Genesis,https://www.azlyrics.com/t/tommygenesis.html
Tommy Ice,https://www.azlyrics.com/t/tommyice.html
Tommy James,https://www.azlyrics.com/t/tommyjames.html
Tommy James And The Shondells,https://www.azlyrics.com/t/tommyjamesandtheshondells.html
Tommy Lee,https://www.azlyrics.com/l/leet.html
Tommy Lee Sparta,https://www.azlyrics.com/t/tommyleesparta.html
Tommy Page,https://www.azlyrics.com/t/tommypage.html
Tommy Roe,https://www.azlyrics.com/t/tommyroe.html
Tommy Tutone,https://www.azlyrics.com/t/tommytutone.html
Tom Odell,https://www.azlyrics.com/t/tomodell.html
Tom Paxton,https://www.azlyrics.com/t/tompaxton.html
Tom Petty And The Heartbreakers,https://www.azlyrics.com/t/tompettyandtheheartbreakers.html
Tom Robinson,https://www.azlyrics.com/t/tomrobinson.html
Tom Rosenthal,https://www.azlyrics.com/t/tomrosenthal.html
Tom Speight,https://www.azlyrics.com/t/tomspeight.html
Tom T. Hall,https://www.azlyrics.com/t/tomthall.html
Tom Waits,https://www.azlyrics.com/t/tomwaits.html
Tom Walker,https://www.azlyrics.com/t/tomwalker.html
Tom Zanetti,https://www.azlyrics.com/t/tomzanetti.html
Tone-Loc,https://www.azlyrics.com/t/tone-loc.html
Tones And I,https://www.azlyrics.com/t/tonesandi.html
Tonex,https://www.azlyrics.com/t/tonex.html
Toni Basil,https://www.azlyrics.com/t/tonibasil.html
Toni Braxton,https://www.azlyrics.com/b/braxton.html
Tonic,https://www.azlyrics.com/t/tonic.html
Tonight Alive,https://www.azlyrics.com/t/tonightalive.html
Toni Gonzaga,https://www.azlyrics.com/t/tonigonzaga.html
Toni Romiti,https://www.azlyrics.com/t/toniromiti.html
Tonya Mitchell,https://www.azlyrics.com/m/mitchell.html
Tony Bennett,https://www.azlyrics.com/t/tonybennett.html
Tony Dize,https://www.azlyrics.com/t/tonydize.html
Tony Joe White,https://www.azlyrics.com/t/tonyjoewhite.html
Tony Kakkar,https://www.azlyrics.com/t/tonykakkar.html
Tony Loya,https://www.azlyrics.com/t/tonyloya.html
Tony Orlando & Dawn,https://www.azlyrics.com/t/tonyorlandodawn.html
Tony Rich,https://www.azlyrics.com/t/tonyrich.html
Tony Terry,https://www.azlyrics.com/t/tonyterry.html
Tony! Toni! Tone!,https://www.azlyrics.com/t/tonytonitone.html
Tony Yayo,https://www.azlyrics.com/t/tonyyayo.html
TOO,https://www.azlyrics.com/t/too.html
Too Close To Touch,https://www.azlyrics.com/t/tooclosetotouch.html
Too $hort,https://www.azlyrics.com/t/toohort.html
Tool,https://www.azlyrics.com/t/tool.html
TOOPOOR,https://www.azlyrics.com/t/toopoor.html
Toosii,https://www.azlyrics.com/t/toosii.html
Toothgrinder,https://www.azlyrics.com/t/toothgrinder.html
Toots And The Maytals,https://www.azlyrics.com/t/tootsandthemaytals.html
Topic,https://www.azlyrics.com/t/topic.html
Toploader,https://www.azlyrics.com/t/toploader.html
TOPS,https://www.azlyrics.com/t/tops.html
TOQUEL,https://www.azlyrics.com/t/toquel.html
Tora,https://www.azlyrics.com/t/tora.html
Torche,https://www.azlyrics.com/t/torche.html
Tori Amos,https://www.azlyrics.com/a/amos.html
Tori Kelly,https://www.azlyrics.com/t/torikelly.html
Tor Miller,https://www.azlyrics.com/t/tormiller.html
"Toro, Ray",https://www.azlyrics.com/r/raytoro.html
Toro Y Moi,https://www.azlyrics.com/t/toroymoi.html
TORRES,https://www.azlyrics.com/t/torres.html
"Torres, Noel",https://www.azlyrics.com/n/noeltorres.html
"Torrini, Emiliana",https://www.azlyrics.com/e/emilianatorrini.html
Tory Lanez,https://www.azlyrics.com/t/torylanez.html
"Toscano, Pia",https://www.azlyrics.com/p/piatoscano.html
"Tosh, Peter",https://www.azlyrics.com/p/petertosh.html
Total,https://www.azlyrics.com/t/total.html
Total Ape,https://www.azlyrics.com/t/totalape.html
"Toten Hosen, Die",https://www.azlyrics.com/t/totenhosen.html
Toto,https://www.azlyrics.com/t/toto.html
Touché Amoré,https://www.azlyrics.com/t/toucheamore.html
Toulouse,https://www.azlyrics.com/t/toulouse.html
Tourist LeMC,https://www.azlyrics.com/t/touristlemc.html
Tove Lo,https://www.azlyrics.com/t/tovelo.html
Tove Styrke,https://www.azlyrics.com/t/tovestyrke.html
Tower Of Power,https://www.azlyrics.com/t/towerofpower.html
"Towers, Myke",https://www.azlyrics.com/m/myketowers.html
Towkio,https://www.azlyrics.com/t/towkio.html
Townes Van Zandt,https://www.azlyrics.com/t/townesvanzandt.html
"Townsend, Devin",https://www.azlyrics.com/d/devintownsend.html
"Townshend, Pete",https://www.azlyrics.com/p/petetownshend.html
Toxic Holocaust,https://www.azlyrics.com/t/toxicholocaust.html
Toya,https://www.azlyrics.com/t/toya.html
Toy Dolls,https://www.azlyrics.com/t/toydolls.html
T-Pain,https://www.azlyrics.com/t/tpain.html
T'Pau,https://www.azlyrics.com/t/tpau.html
TQ,https://www.azlyrics.com/t/tq.html
TRACE,https://www.azlyrics.com/t/trace.html
Trace Adkins,https://www.azlyrics.com/t/traceadkins.html
Trace Cyrus,https://www.azlyrics.com/t/tracecyrus.html
Tracey Thorn,https://www.azlyrics.com/t/traceythorn.html
Tracy Byrd,https://www.azlyrics.com/t/tracybyrd.html
Tracy Chapman,https://www.azlyrics.com/t/tracychapman.html
Tracy Lawrence,https://www.azlyrics.com/l/lawrence.html
Trademark,https://www.azlyrics.com/t/trademark.html
Trading Yesterday,https://www.azlyrics.com/t/tradingyesterday.html
Trae,https://www.azlyrics.com/t/trae.html
Traffic,https://www.azlyrics.com/t/traffic.html
"Tragically Hip, The",https://www.azlyrics.com/t/tragicallyhip.html
Train,https://www.azlyrics.com/t/train.html
"Trainor, Meghan",https://www.azlyrics.com/m/meghantrainor.html
"Trammps, The",https://www.azlyrics.com/t/trammps.html
Trampled By Turtles,https://www.azlyrics.com/t/trampledbyturtles.html
Transit,https://www.azlyrics.com/t/transit.html
Transplants,https://www.azlyrics.com/t/transplants.html
Trans-Siberian Orchestra,https://www.azlyrics.com/t/transsiberianorchestra.html
Transviolet,https://www.azlyrics.com/t/transviolet.html
Trapped Under Ice,https://www.azlyrics.com/t/trappedunderice.html
Trapt,https://www.azlyrics.com/t/trapt.html
Trash Boat,https://www.azlyrics.com/t/trashboat.html
"Trashmen, The",https://www.azlyrics.com/t/trashmen.html
"Traveling Wilburys, The",https://www.azlyrics.com/t/travelingwilburys.html
Travie McCoy,https://www.azlyrics.com/t/traviemccoy.html
Travis,https://www.azlyrics.com/t/travis.html
Travis Barker,https://www.azlyrics.com/t/travisbarker.html
"Travis, Chris",https://www.azlyrics.com/c/christravis.html
Travis Denning,https://www.azlyrics.com/t/travisdenning.html
Travis Garland,https://www.azlyrics.com/t/travisgarland.html
"Travis, Glenn",https://www.azlyrics.com/g/glenntravis.html
Travis Greene,https://www.azlyrics.com/t/travisgreene.html
Travis Porter,https://www.azlyrics.com/t/travisporter.html
"Travis, Randy",https://www.azlyrics.com/r/randytravis.html
Travis Scott,https://www.azlyrics.com/t/travisscott.html
Travis Thompson,https://www.azlyrics.com/t/travisthompson.html
Travis Tritt,https://www.azlyrics.com/t/travistritt.html
Treal Lee,https://www.azlyrics.com/t/treallee.html
TREASURE,https://www.azlyrics.com/t/treasure.html
Treble Charger,https://www.azlyrics.com/t/treblecharger.html
Tre Coast,https://www.azlyrics.com/t/trecoast.html
"Tree, Oliver",https://www.azlyrics.com/o/olivertree.html
Trefuego,https://www.azlyrics.com/t/trefuego.html
"Tremeloes, The",https://www.azlyrics.com/t/tremeloes.html
Tremonti,https://www.azlyrics.com/t/tremonti.html
Trent Harmon,https://www.azlyrics.com/t/trentharmon.html
Trent Tomlinson,https://www.azlyrics.com/t/trenttomlinson.html
"Tresvant, Ralph",https://www.azlyrics.com/r/ralphtresvant.html
"Trevejo, Malu",https://www.azlyrics.com/m/malutrevejo.html
"Trevi, Gloria",https://www.azlyrics.com/g/gloriatrevi.html
Trevi Moran,https://www.azlyrics.com/t/trevormoran.html
Trevor Daniel,https://www.azlyrics.com/t/trevordaniel.html
Trevor Hall,https://www.azlyrics.com/t/trevorhall.html
Trevor Jackson,https://www.azlyrics.com/t/trevorjackson.html
Trevor Wesley,https://www.azlyrics.com/t/trevorwesley.html
"Trews, The",https://www.azlyrics.com/t/trews.html
T. Rex,https://www.azlyrics.com/t/trex.html
"Trey, Ryan",https://www.azlyrics.com/r/ryantrey.html
Trey Songz,https://www.azlyrics.com/t/treysongz.html
"Trias, Jasmine",https://www.azlyrics.com/j/jasminetrias.html
Tribal Seeds,https://www.azlyrics.com/t/tribalseeds.html
"Tribe Called Quest, A",https://www.azlyrics.com/t/tribecalledquest.html
Tribe Society,https://www.azlyrics.com/t/tribesociety.html
"Trice, Obie",https://www.azlyrics.com/t/trice.html
Trick Daddy,https://www.azlyrics.com/t/trickdaddy.html
Trick Pony,https://www.azlyrics.com/t/trickpony.html
Trick-Trick,https://www.azlyrics.com/t/tricktrick.html
Tricky,https://www.azlyrics.com/t/tricky.html
Trik Turner,https://www.azlyrics.com/t/trikturner.html
Trill Fam,https://www.azlyrics.com/t/trillfam.html
Trill Ryan,https://www.azlyrics.com/t/trillryan.html
Trill Sammy,https://www.azlyrics.com/t/trillsammy.html
Trillville,https://www.azlyrics.com/t/trillville.html
Trina,https://www.azlyrics.com/t/trina.html
Trina Braxton,https://www.azlyrics.com/t/trinabraxton.html
Trinidad Cardona,https://www.azlyrics.com/t/trinidadcardona.html
Trinidad James,https://www.azlyrics.com/t/trinidadjames.html
Trip Lee,https://www.azlyrics.com/t/triplee.html
Triple Image,https://www.azlyrics.com/t/tripleimage.html
Triple One,https://www.azlyrics.com/t/tripleone.html
Trippie Redd,https://www.azlyrics.com/t/trippieredd.html
Trisha Yearwood,https://www.azlyrics.com/t/trishayearwood.html
Tristam,https://www.azlyrics.com/t/tristam.html
Tristan Prettyman,https://www.azlyrics.com/t/tristanprettyman.html
Tritonal,https://www.azlyrics.com/t/tritonal.html
Triumph,https://www.azlyrics.com/t/triumph.html
Triumph The Insult Comic Dog,https://www.azlyrics.com/t/triumphtheinsultcomicdog.html
Trivium,https://www.azlyrics.com/t/trivium.html
Trixie Mattel,https://www.azlyrics.com/t/trixiemattel.html
"Troggs, The",https://www.azlyrics.com/t/troggs.html
"Trono, Julian",https://www.azlyrics.com/j/juliantrono.html
Troop,https://www.azlyrics.com/t/troop.html
Troop 41,https://www.azlyrics.com/t/troop41.html
Trooper,https://www.azlyrics.com/t/trooper.html
Trophy Eyes,https://www.azlyrics.com/t/trophyeyes.html
Trouble,https://www.azlyrics.com/t/trouble.html
"Trower, Robin",https://www.azlyrics.com/r/robintrower.html
Troy Ave,https://www.azlyrics.com/t/troyave.html
TroyBoi,https://www.azlyrics.com/t/troyboi.html
Troye Sivan,https://www.azlyrics.com/t/troyesivan.html
Troyman,https://www.azlyrics.com/t/troyman.html
True Damage,https://www.azlyrics.com/t/truedamage.html
True Faith,https://www.azlyrics.com/t/truefaith.html
Trueno,https://www.azlyrics.com/t/trueno.html
Trust Company,https://www.azlyrics.com/t/trustcompany.html
Truth Hurts,https://www.azlyrics.com/t/truthhurts.html
Truwer,https://www.azlyrics.com/t/truwer.html
TryHardNinja,https://www.azlyrics.com/t/tryhardninja.html
Tsew The Kid,https://www.azlyrics.com/t/tsewthekid.html
T-Squad,https://www.azlyrics.com/t/tsquad.html
"Tsui, Sam",https://www.azlyrics.com/s/samtsui.html
Tsu Surf,https://www.azlyrics.com/t/tsusurf.html
Tuan Tigabelas,https://www.azlyrics.com/t/tuantigabelas.html
"Tubes, The",https://www.azlyrics.com/t/tubes.html
Tucker Beathard,https://www.azlyrics.com/t/tuckerbeathard.html
Tuğçe Kandemir,https://www.azlyrics.com/t/tuekandemir.html
Tujamo,https://www.azlyrics.com/t/tujamo.html
Tulisa,https://www.azlyrics.com/t/tulisa.html
Tulus,https://www.azlyrics.com/t/tulus.html
tUnE-yArDs,https://www.azlyrics.com/t/tuneyards.html
"Tungevaag, Martin",https://www.azlyrics.com/m/martintungevaag.html
Tungevaag & Raaban,https://www.azlyrics.com/t/tungevaag-and-raaban.html
Turbonegro,https://www.azlyrics.com/t/turbonegro.html
"Turizo, Manuel",https://www.azlyrics.com/m/manuelturizo.html
Turk,https://www.azlyrics.com/t/turk.html
"Turner, Alex",https://www.azlyrics.com/a/alexturner.html
"Turner, Alisa",https://www.azlyrics.com/a/alisaturner.html
"Turner, Catie",https://www.azlyrics.com/c/catieturner.html
"Turner, Eric",https://www.azlyrics.com/e/ericturner.html
"Turner, Frank",https://www.azlyrics.com/f/frankturner.html
"Turner, Josh",https://www.azlyrics.com/t/turnerjosh.html
"Turner, Kreesha",https://www.azlyrics.com/k/kreeshaturner.html
"Turner, Leah",https://www.azlyrics.com/l/leahturner.html
Turnover,https://www.azlyrics.com/t/turnover.html
Turnpike Troubadours,https://www.azlyrics.com/t/turnpiketroubadours.html
Turnstile,https://www.azlyrics.com/t/turnstile.html
"Turtles, The",https://www.azlyrics.com/t/turtles.html
"Turunç, Hasret",https://www.azlyrics.com/h/hasretturunc.html
Tuxedo,https://www.azlyrics.com/t/tuxedo.html
TUZZA,https://www.azlyrics.com/t/tuzza.html
TV Girl,https://www.azlyrics.com/t/tvgirl.html
TV On The Radio,https://www.azlyrics.com/t/tvontheradio.html
TVXQ!,https://www.azlyrics.com/t/tvxq.html
TW3LV,https://www.azlyrics.com/t/tw3lv.html
Twaimz,https://www.azlyrics.com/t/twaimz.html
"Twain, Shania",https://www.azlyrics.com/t/twain.html
T-Wayne,https://www.azlyrics.com/t/twayne.html
Tweedy,https://www.azlyrics.com/t/tweedy.html
"Tweedy, Jeff",https://www.azlyrics.com/j/jefftweedy.html
Tweet,https://www.azlyrics.com/t/tweet.html
Twelve Foot Ninja,https://www.azlyrics.com/t/twelvefootninja.html
Twenty88,https://www.azlyrics.com/t/twenty88.html
Twenty One Pilots,https://www.azlyrics.com/t/twentyonepilots.html
TWICE,https://www.azlyrics.com/t/twice.html
Twila Paris,https://www.azlyrics.com/t/twilaparis.html
Twilight Force,https://www.azlyrics.com/t/twilightforce.html
"Twilight Sad, The",https://www.azlyrics.com/t/twilightsad.html
Twin Atlantic,https://www.azlyrics.com/t/twinatlantic.html
Twin Forks,https://www.azlyrics.com/t/twinforks.html
Twin Peaks,https://www.azlyrics.com/t/twinpeaks.html
Twin Shadow,https://www.azlyrics.com/t/twinshadow.html
Twista,https://www.azlyrics.com/t/twista.html
Twisted Insane,https://www.azlyrics.com/t/twistedinsane.html
Twisted Sister,https://www.azlyrics.com/t/twistedsister.html
"Twitty, Conway",https://www.azlyrics.com/c/conwaytwitty.html
Twiztid,https://www.azlyrics.com/t/twiztid.html
Two Another,https://www.azlyrics.com/t/twoanother.html
twocolors,https://www.azlyrics.com/t/twocolors.html
Two Door Cinema Club,https://www.azlyrics.com/t/twodoorcinemaclub.html
Two Feet,https://www.azlyrics.com/t/twofeet.html
Two Friends,https://www.azlyrics.com/t/twofriends.html
TXT,https://www.azlyrics.com/t/tomorrowxtogethertxt.html
Ty Brasel,https://www.azlyrics.com/t/tybrasel.html
Ty Dolla $ign,https://www.azlyrics.com/t/tydollasign.html
Tye Tribbett,https://www.azlyrics.com/t/tyetribbett.html
Tye Tribbett & G.A.,https://www.azlyrics.com/t/tyetribbettga.html
Tyga,https://www.azlyrics.com/t/tyga.html
Tygers Of Pan Tang,https://www.azlyrics.com/t/tygersofpantang.html
Ty Herndon,https://www.azlyrics.com/t/tyherndon.html
Tyla Yaweh,https://www.azlyrics.com/t/tylayaweh.html
Tyler Blackburn,https://www.azlyrics.com/t/tylerblackburn.html
"Tyler, Bonnie",https://www.azlyrics.com/b/bonnietyler.html
Tyler Braden,https://www.azlyrics.com/t/tylerbraden.html
Tyler Carter,https://www.azlyrics.com/t/tylercarter.html
Tyler Childers,https://www.azlyrics.com/t/tylerchilders.html
Tyler Farr,https://www.azlyrics.com/t/tylerfarr.html
Tyler Glenn,https://www.azlyrics.com/t/tylerglenn.html
Tyler Hilton,https://www.azlyrics.com/t/tylerhilton.html
Tyler James Williams,https://www.azlyrics.com/t/tylerjameswilliams.html
Tyler Joseph,https://www.azlyrics.com/t/tylerjoseph.html
"Tyler, Micah",https://www.azlyrics.com/m/micahtyler.html
Tyler Rich,https://www.azlyrics.com/t/tylerrich.html
Tyler Shaw,https://www.azlyrics.com/t/tylershaw.html
"Tyler, Steven",https://www.azlyrics.com/s/steventyler.html
"Tyler, The Creator",https://www.azlyrics.com/t/tylerthecreator.html
Tyler Ward,https://www.azlyrics.com/t/tylerward.html
Tymek,https://www.azlyrics.com/t/tymek.html
Tynisha Keli,https://www.azlyrics.com/t/tynishakeli.html
Typecast,https://www.azlyrics.com/t/typecast.html
Type O Negative,https://www.azlyrics.com/t/typeonegative.html
Typhoon,https://www.azlyrics.com/t/typhoon.html
Tyra B,https://www.azlyrics.com/t/tyra.html
Tyra Banks,https://www.azlyrics.com/t/tyrabanks.html
Tyrese,https://www.azlyrics.com/t/tyrese.html
Tyrone Wells,https://www.azlyrics.com/t/tyronewells.html
Tyron Hapi,https://www.azlyrics.com/t/tyronhapi.html
Týr,https://www.azlyrics.com/t/tr.html
Ty Segall,https://www.azlyrics.com/t/tysegall.html
TYuS,https://www.azlyrics.com/t/tyus.html
