I-20,https://www.azlyrics.com/i/i20.html
i61,https://www.azlyrics.com/i/i61.html
IAM,https://www.azlyrics.com/i/iam.html
Iamamiwhoami,https://www.azlyrics.com/i/iamamiwhoami.html
IAmChino,https://www.azlyrics.com/i/iamchino.html
IAMDDB,https://www.azlyrics.com/i/iamddb.html
iAmJakeHill,https://www.azlyrics.com/i/iamjakehill.html
I Am King,https://www.azlyrics.com/i/iamking.html
iamnotshane,https://www.azlyrics.com/s/shane.html
Iamsu!,https://www.azlyrics.com/i/iamsu.html
I AM THEY,https://www.azlyrics.com/i/iamthey.html
IAMX,https://www.azlyrics.com/i/iamx.html
Ian,https://www.azlyrics.com/i/ian.html
Ian Brown,https://www.azlyrics.com/i/ianbrown.html
Ian Carey,https://www.azlyrics.com/i/iancarey.html
Ian Dury,https://www.azlyrics.com/i/iandury.html
"Ian, Janis",https://www.azlyrics.com/j/janisian.html
Ian Munsick,https://www.azlyrics.com/i/ianmunsick.html
iann dior,https://www.azlyrics.com/i/ianndior.html
Ian Noe,https://www.azlyrics.com/i/iannoe.html
Ian Van Dahl,https://www.azlyrics.com/i/ianvandahl.html
I Belong To The Zoo,https://www.azlyrics.com/i/ibelongtothezoo.html
Ibeyi,https://www.azlyrics.com/i/ibeyi.html
I Blame Coco,https://www.azlyrics.com/i/iblamecoco.html
IC3PEAK,https://www.azlyrics.com/i/ic3peak.html
I Can Make A Mess Like Nobody's Business,https://www.azlyrics.com/i/icanmakeamesslikenobodysbusiness.html
"Icarus Account, The",https://www.azlyrics.com/i/icarusaccount.html
Iceage,https://www.azlyrics.com/i/iceage.html
Ice Cube,https://www.azlyrics.com/i/icecube.html
Iced Earth,https://www.azlyrics.com/i/icedearth.html
Icehouse,https://www.azlyrics.com/i/icehouse.html
IceJJFish,https://www.azlyrics.com/i/icejjfish.html
ICEKIID,https://www.azlyrics.com/i/icekiid.html
Ice MC,https://www.azlyrics.com/i/icemc.html
Ice Nine Kills,https://www.azlyrics.com/i/iceninekills.html
Ice Prince,https://www.azlyrics.com/i/iceprince.html
Ice-T,https://www.azlyrics.com/i/icet.html
ICO,https://www.azlyrics.com/i/ico.html
Icona Pop,https://www.azlyrics.com/i/iconapop.html
Icon For Hire,https://www.azlyrics.com/i/iconforhire.html
Iconz,https://www.azlyrics.com/i/iconz.html
Idaly,https://www.azlyrics.com/i/idaly.html
Ida Maria,https://www.azlyrics.com/i/idamaria.html
"Ides Of March, The",https://www.azlyrics.com/i/idesofmarch.html
"Idibia, 2face",https://www.azlyrics.com/19/2faceidibia.html
Idina Menzel,https://www.azlyrics.com/i/idinamenzel.html
Idiot Pilot,https://www.azlyrics.com/i/idiotpilot.html
IDK,https://www.azlyrics.com/i/idk.html
IDLES,https://www.azlyrics.com/i/idles.html
Idle Sons,https://www.azlyrics.com/i/idlesons.html
"Idol, Betty",https://www.azlyrics.com/b/bettyidol.html
"Idol, Billy",https://www.azlyrics.com/i/idol.html
I Dont Know How But They Found Me,https://www.azlyrics.com/i/idontknowhowbuttheyfoundme.html
idontknowjeffery,https://www.azlyrics.com/i/idontknowjeffery.html
İdo Tatlıses,https://www.azlyrics.com/i/idotatlses.html
iDubbbz,https://www.azlyrics.com/i/idubbbz.html
"Iero, Frank",https://www.azlyrics.com/f/frankiero.html
Ieva Zasimauskaitė,https://www.azlyrics.com/i/ievazasimauskait.html
iFani,https://www.azlyrics.com/i/ifani.html
I Fight Dragons,https://www.azlyrics.com/i/ifightdragons.html
Ify Alyssa,https://www.azlyrics.com/i/ifyalyssa.html
Iggy Azalea,https://www.azlyrics.com/i/iggyazalea.html
Iggy Pop,https://www.azlyrics.com/i/iggypop.html
"Iglesias, Enrique",https://www.azlyrics.com/i/iglesias.html
"Iglesias, Julio",https://www.azlyrics.com/j/julioiglesias.html
Ignite,https://www.azlyrics.com/i/ignite.html
"İğrek, Emir Can",https://www.azlyrics.com/e/emircanigrek.html
IGUN,https://www.azlyrics.com/i/igun.html
I Hate Kate,https://www.azlyrics.com/i/ihatekate.html
iHeartMemphis,https://www.azlyrics.com/i/iheartmemphis.html
iiO,https://www.azlyrics.com/i/iio.html
Ike & Tina Turner,https://www.azlyrics.com/i/iketinaturner.html
I Killed The Prom Queen,https://www.azlyrics.com/i/ikilledthepromqueen.html
Iko,https://www.azlyrics.com/i/iko.html
iKon,https://www.azlyrics.com/i/ikon.html
"Ilacad, Alexa",https://www.azlyrics.com/a/alexailacad.html
Il Divo,https://www.azlyrics.com/i/ildivo.html
"Ilese, Salem",https://www.azlyrics.com/s/salemilese.html
ILIR7,https://www.azlyrics.com/i/ilir7.html
ILIRA,https://www.azlyrics.com/i/ilira.html
iLL BLU,https://www.azlyrics.com/i/illblu.html
Illenium,https://www.azlyrics.com/i/illenium.html
Ill Nino,https://www.azlyrics.com/i/illnino.html
Illumate,https://www.azlyrics.com/i/illumate.html
iLL Wayno,https://www.azlyrics.com/i/illwayno.html
Illy,https://www.azlyrics.com/i/illy.html
iLOVEFRiDAY,https://www.azlyrics.com/i/ilovefriday.html
iLoveMakonnen,https://www.azlyrics.com/i/ilovemakonnen.html
Ilse DeLange,https://www.azlyrics.com/i/ilsedelange.html
Il Tre,https://www.azlyrics.com/i/iltre.html
Il Volo,https://www.azlyrics.com/i/ilvolo.html
İlyas Yalçıntaş,https://www.azlyrics.com/i/ilyasyalcntas.html
IM5,https://www.azlyrics.com/i/im5.html
Imaginary Future,https://www.azlyrics.com/i/imaginaryfuture.html
Imagine Dragons,https://www.azlyrics.com/i/imaginedragons.html
Imago,https://www.azlyrics.com/i/imago.html
"Imam, Silvana",https://www.azlyrics.com/s/silvanaimam.html
Imany,https://www.azlyrics.com/i/imany.html
Ima Robot,https://www.azlyrics.com/i/imarobot.html
"Imbruglia, Natalie",https://www.azlyrics.com/i/imbruglia.html
"Im, Dami",https://www.azlyrics.com/d/damiim.html
Imelda May,https://www.azlyrics.com/i/imeldamay.html
Imen Es,https://www.azlyrics.com/i/imenes.html
Immature,https://www.azlyrics.com/i/immature.html
Imminence,https://www.azlyrics.com/i/imminence.html
Immortal,https://www.azlyrics.com/i/immortal.html
Immortal Technique,https://www.azlyrics.com/i/immortaltechnique.html
Imogen Heap,https://www.azlyrics.com/i/imogenheap.html
I Mother Earth,https://www.azlyrics.com/i/imotherearth.html
Impending Doom,https://www.azlyrics.com/i/impendingdoom.html
Imperial Mammoth,https://www.azlyrics.com/i/imperialmammoth.html
"Impressions, The",https://www.azlyrics.com/i/impressions.html
Imran Khan,https://www.azlyrics.com/i/imrankhan.html
IMx,https://www.azlyrics.com/i/imx.html
IN2IT,https://www.azlyrics.com/i/in2it.html
Ina Wroldsen,https://www.azlyrics.com/i/inawroldsen.html
Inayah,https://www.azlyrics.com/i/inayah.html
Incantation,https://www.azlyrics.com/i/incantation.html
Incubus,https://www.azlyrics.com/i/incubus.html
India.Arie,https://www.azlyrics.com/i/indiaarie.html
India Martinez,https://www.azlyrics.com/i/indiamartinez.html
Indiana Massara,https://www.azlyrics.com/i/indianamassara.html
Indians,https://www.azlyrics.com/i/indians.html
Indica,https://www.azlyrics.com/i/indica.html
Indigo Girls,https://www.azlyrics.com/i/indigogirls.html
Indila,https://www.azlyrics.com/i/indila.html
Indochine,https://www.azlyrics.com/i/indochine.html
"Indrawari, Ghea",https://www.azlyrics.com/g/gheaindrawari.html
Infant Annihilator,https://www.azlyrics.com/i/infantannihilator.html
"Infante, Pedro",https://www.azlyrics.com/p/pedroinfante.html
In Fear And Faith,https://www.azlyrics.com/i/infearandfaith.html
Infected Mushroom,https://www.azlyrics.com/i/infectedmushroom.html
Infected Rain,https://www.azlyrics.com/i/infectedrain.html
Infectious Grooves,https://www.azlyrics.com/i/infectiousgrooves.html
Infernal,https://www.azlyrics.com/i/infernal.html
INFINITE,https://www.azlyrics.com/i/infinite.html
In Flames,https://www.azlyrics.com/i/inflames.html
Influence Music,https://www.azlyrics.com/i/influencemusic.html
Information Society,https://www.azlyrics.com/i/informationsociety.html
Ingested,https://www.azlyrics.com/i/ingested.html
Ingram Hill,https://www.azlyrics.com/i/ingramhill.html
"Ingram, James",https://www.azlyrics.com/j/jamesingram.html
In-Grid,https://www.azlyrics.com/i/ingrid.html
Ingrid Andress,https://www.azlyrics.com/i/ingridandress.html
Ingrid Michaelson,https://www.azlyrics.com/i/ingridmichaelson.html
"Ingrosso, Benjamin",https://www.azlyrics.com/b/benjaminingrosso.html
"Ingrosso, Sebastian",https://www.azlyrics.com/s/sebastianingrosso.html
In Hearts Wake,https://www.azlyrics.com/i/inheartswake.html
In Her Own Words,https://www.azlyrics.com/i/inherownwords.html
Inigo Pascual,https://www.azlyrics.com/i/inigopascual.html
Ini Kamoze,https://www.azlyrics.com/i/inikamoze.html
Injected,https://www.azlyrics.com/i/injected.html
Injury Reserve,https://www.azlyrics.com/i/injuryreserve.html
Inkwell,https://www.azlyrics.com/i/inkwell.html
InMe,https://www.azlyrics.com/i/inme.html
In Motive,https://www.azlyrics.com/i/inmotive.html
INNA,https://www.azlyrics.com/i/inna.html
Inner Circle,https://www.azlyrics.com/i/innercircle.html
InnerPartySystem,https://www.azlyrics.com/i/innerpartysystem.html
Inner Wave,https://www.azlyrics.com/i/innerwave.html
INOJ,https://www.azlyrics.com/i/inoj.html
In Real Life,https://www.azlyrics.com/i/inreallife.html
Insane Clown Posse,https://www.azlyrics.com/i/icp.html
Insomnium,https://www.azlyrics.com/i/insomnium.html
INSTASAMKA,https://www.azlyrics.com/i/instasamka.html
In Stereo,https://www.azlyrics.com/i/instereo.html
Institute,https://www.azlyrics.com/i/institute.html
Instruction,https://www.azlyrics.com/i/instruction.html
Intelligency,https://www.azlyrics.com/i/intelligency.html
International Five,https://www.azlyrics.com/i/internationalfive.html
Internet Money,https://www.azlyrics.com/i/internetmoney.html
"Internet, The",https://www.azlyrics.com/i/internet.html
Interpol,https://www.azlyrics.com/i/interpol.html
"Interrupters, The",https://www.azlyrics.com/i/interrupters.html
In The Valley Below,https://www.azlyrics.com/i/inthevalleybelow.html
In This Moment,https://www.azlyrics.com/i/inthismoment.html
Intocable,https://www.azlyrics.com/i/intocable.html
Into It. Over It.,https://www.azlyrics.com/i/intoitoverit.html
Intronaut,https://www.azlyrics.com/i/intronaut.html
"Intruders, The",https://www.azlyrics.com/i/intruders.html
Invent Animate,https://www.azlyrics.com/i/inventanimate.html
INXS,https://www.azlyrics.com/i/inxs.html
I.O.I,https://www.azlyrics.com/i/ioi.html
Ion Miles,https://www.azlyrics.com/i/ionmiles.html
ionnalee,https://www.azlyrics.com/i/ionnalee.html
"Iorc, Tiago",https://www.azlyrics.com/t/tiagoiorc.html
I Prevail,https://www.azlyrics.com/i/iprevail.html
"Iraheta, Allison",https://www.azlyrics.com/a/allisoniraheta.html
Irama,https://www.azlyrics.com/i/irama.html
Iration,https://www.azlyrics.com/i/iration.html
İrem Derici,https://www.azlyrics.com/i/iremderici.html
Irene Cara,https://www.azlyrics.com/i/irenecara.html
Iris DeMent,https://www.azlyrics.com/i/irisdement.html
"Iris, Donnie",https://www.azlyrics.com/d/donnieiris.html
Irist,https://www.azlyrics.com/i/irist.html
Irmak Arıcı,https://www.azlyrics.com/i/irmakarc.html
Iron Bell Music,https://www.azlyrics.com/i/ironbellmusic.html
Iron Butterfly,https://www.azlyrics.com/i/ironbutterfly.html
Iron Maiden,https://www.azlyrics.com/i/ironmaiden.html
Iron Savior,https://www.azlyrics.com/i/ironsavior.html
Iron & Wine,https://www.azlyrics.com/i/ironwine.html
"Irrepressibles, The",https://www.azlyrics.com/i/irrepressibles.html
"Irving, Kyrie",https://www.azlyrics.com/k/kyrieirving.html
"Irwin, Ashton",https://www.azlyrics.com/a/ashtonirwin.html
Isaac Carree,https://www.azlyrics.com/i/isaaccarree.html
Isaac Delusion,https://www.azlyrics.com/i/isaacdelusion.html
Isaac Dunbar,https://www.azlyrics.com/i/isaacdunbar.html
Isaac Gracie,https://www.azlyrics.com/i/isaacgracie.html
Isaac Hayes,https://www.azlyrics.com/i/isaachayes.html
"Isaacs, Gregory",https://www.azlyrics.com/g/gregoryisaacs.html
"Isaak, Chris",https://www.azlyrics.com/i/isaak.html
Isabela Merced,https://www.azlyrics.com/i/isabelamerced.html
Isac Elliot,https://www.azlyrics.com/i/isacelliot.html
Isaiah,https://www.azlyrics.com/i/isaiah.html
Isaiah Rashad,https://www.azlyrics.com/i/isaiahrashad.html
Isak Danielson,https://www.azlyrics.com/i/isakdanielson.html
"Isakov, Gregory Alan",https://www.azlyrics.com/g/gregoryalanisakov.html
"Isbell, Jason",https://www.azlyrics.com/j/jasonisbell.html
I See Stars,https://www.azlyrics.com/i/iseestars.html
I Set My Friends On Fire,https://www.azlyrics.com/i/isetmyfriendsonfire.html
"Isgenderli, Sura",https://www.azlyrics.com/s/suraisgenderli.html
ISHA,https://www.azlyrics.com/i/isha.html
ISLAND,https://www.azlyrics.com/i/island.html
Isles & Glaciers,https://www.azlyrics.com/i/islesglaciers.html
"Isley, Alex",https://www.azlyrics.com/a/alexisley.html
"Isley Brothers, The",https://www.azlyrics.com/i/isleybrothers.html
Ismail Izzani,https://www.azlyrics.com/i/ismailizzani.html
Isobel Campbell,https://www.azlyrics.com/i/isobelcampbell.html
Israel Houghton,https://www.azlyrics.com/i/israelhoughton.html
Israel Kamakawiwo'ole,https://www.azlyrics.com/i/israelkamakawiwoole.html
Issa,https://www.azlyrics.com/i/issa.html
Issues,https://www.azlyrics.com/i/issues.html
İstanbul Trip,https://www.azlyrics.com/i/istanbultrip.html
"Istrefi, Era",https://www.azlyrics.com/e/eraistrefi.html
Isyana Sarasvati,https://www.azlyrics.com/i/isyanasarasvati.html
İsyan Tetick,https://www.azlyrics.com/i/isyantetick.html
Isyss,https://www.azlyrics.com/i/isyss.html
ItaloBrothers,https://www.azlyrics.com/i/italobrothers.html
Itchyworms,https://www.azlyrics.com/i/itchyworms.html
"I, The Breather",https://www.azlyrics.com/i/ithebreather.html
I The Mighty,https://www.azlyrics.com/i/ithemighty.html
It Looks Sad.,https://www.azlyrics.com/i/itlookssad.html
ITSOKTOCRY,https://www.azlyrics.com/i/itsoktocry.html
ITZY,https://www.azlyrics.com/i/itzy.html
IU,https://www.azlyrics.com/i/iu.html
Ivan B,https://www.azlyrics.com/i/ivanb.html
"Ives, Burl",https://www.azlyrics.com/b/burlives.html
IV Jay,https://www.azlyrics.com/i/ivjay.html
IV Of Spades,https://www.azlyrics.com/i/ivofspades.html
Ivorian Doll,https://www.azlyrics.com/i/ivoriandoll.html
Ivy,https://www.azlyrics.com/i/ivy.html
Ivy Adara,https://www.azlyrics.com/i/ivyadara.html
Ivy Levan,https://www.azlyrics.com/i/ivylevan.html
Ivy Queen,https://www.azlyrics.com/i/ivyqueen.html
Iwan Fals,https://www.azlyrics.com/i/iwanfals.html
Iwan Rheon,https://www.azlyrics.com/i/iwanrheon.html
Iwrestledabearonce,https://www.azlyrics.com/i/iwrestledabearonce.html
Iyaz,https://www.azlyrics.com/i/iyaz.html
iyla,https://www.azlyrics.com/i/iyla.html
IZA,https://www.azlyrics.com/i/iza.html
IZAL,https://www.azlyrics.com/i/izal.html
IZI,https://www.azlyrics.com/i/izi.html
Izia,https://www.azlyrics.com/i/izia.html
"Izibor, Laura",https://www.azlyrics.com/l/lauraizibor.html
IZ*ONE,https://www.azlyrics.com/i/izone.html
Izzy Bizu,https://www.azlyrics.com/i/izzybizu.html
