L2M,https://www.azlyrics.com/l/l2m.html
L7,https://www.azlyrics.com/l/l7.html
L7NNON,https://www.azlyrics.com/l/l7nnon.html
"Labajo, Juan Karlos",https://www.azlyrics.com/j/juankarloslabajo.html
Labelle,https://www.azlyrics.com/l/labelle.html
"Labelle, Jesse",https://www.azlyrics.com/j/jesselabelle.html
"LaBelle, Patti",https://www.azlyrics.com/p/pattilabelle.html
Labi Siffre,https://www.azlyrics.com/l/labisiffre.html
L.A.B.,https://www.azlyrics.com/l/lab.html
La Bouche,https://www.azlyrics.com/l/labouche.html
LABOUM,https://www.azlyrics.com/l/laboum.html
Labrinth,https://www.azlyrics.com/l/labrinth.html
L'A Capone,https://www.azlyrics.com/l/lacapone.html
Lacey Sturm,https://www.azlyrics.com/l/laceysturm.html
"Lachey, Nick",https://www.azlyrics.com/l/lachey.html
Lacrim,https://www.azlyrics.com/l/lacrim.html
"Lacsamana, Yumi",https://www.azlyrics.com/y/yumilacsamana.html
"Lacs, The",https://www.azlyrics.com/l/lacs.html
"LaCue, Sylvan",https://www.azlyrics.com/s/sylvanlacue.html
Lacuna Coil,https://www.azlyrics.com/l/lacunacoil.html
Lacy Cavalier,https://www.azlyrics.com/l/lacycavalier.html
"Lacy, Steve",https://www.azlyrics.com/s/stevelacy.html
La Dispute,https://www.azlyrics.com/l/ladispute.html
Lady Antebellum,https://www.azlyrics.com/l/ladyantebellum.html
Lady Gaga,https://www.azlyrics.com/l/ladygaga.html
Ladyhawke,https://www.azlyrics.com/l/ladyhawke.html
Lady Leshurr,https://www.azlyrics.com/l/ladyleshurr.html
Lady May,https://www.azlyrics.com/l/ladymay.html
Lady Saw,https://www.azlyrics.com/l/ladysaw.html
Lady Sovereign,https://www.azlyrics.com/l/ladysovereign.html
Ladytron,https://www.azlyrics.com/l/ladytron.html
Lady Zamar,https://www.azlyrics.com/l/ladyzamar.html
LaFee,https://www.azlyrics.com/l/lafee.html
"Laferte, Mon",https://www.azlyrics.com/m/monlaferte.html
"Laffut, Claire",https://www.azlyrics.com/c/clairelaffut.html
La Fouine,https://www.azlyrics.com/l/lafouine.html
"Lafourcade, Natalia",https://www.azlyrics.com/n/natalialafourcade.html
"La Grange, Kyla",https://www.azlyrics.com/k/kylalagrange.html
L.A. Guns,https://www.azlyrics.com/l/laguns.html
Lagwagon,https://www.azlyrics.com/l/lagwagon.html
"Lahey, Alex",https://www.azlyrics.com/a/alexlahey.html
"Lajoie, Jon",https://www.azlyrics.com/j/jonlajoie.html
"Lake, Brandon",https://www.azlyrics.com/b/brandonlake.html
Lake Malawi,https://www.azlyrics.com/l/lakemalawi.html
Lake Street Dive,https://www.azlyrics.com/l/lakestreetdive.html
Lalahuta,https://www.azlyrics.com/l/lalahuta.html
Lalaine,https://www.azlyrics.com/l/lalaine.html
La La Land Cast,https://www.azlyrics.com/l/lalalandcast.html
L'Algérino,https://www.azlyrics.com/l/lalgerino.html
Lalo Ebratt,https://www.azlyrics.com/l/laloebratt.html
"Lamar, Kendrick",https://www.azlyrics.com/k/kendricklamar.html
Lamb,https://www.azlyrics.com/l/lamb.html
Lambchop,https://www.azlyrics.com/l/lambchop.html
"Lambert, Adam",https://www.azlyrics.com/a/adamlambert.html
"Lambert, David",https://www.azlyrics.com/d/davidlambert.html
"Lambert, Mary",https://www.azlyrics.com/m/marylambert.html
"Lambert, Miranda",https://www.azlyrics.com/m/mirandalambert.html
Lamb Of God,https://www.azlyrics.com/l/lambofgod.html
"Lamborghini, Elettra",https://www.azlyrics.com/e/elettralamborghini.html
Lamix,https://www.azlyrics.com/l/lamix.html
"Lamjarred, Saad",https://www.azlyrics.com/s/saadlamjarred.html
"LaMontagne, Ray",https://www.azlyrics.com/r/raylamontagne.html
Lana Del Rey,https://www.azlyrics.com/l/lanadelrey.html
Lanberry,https://www.azlyrics.com/l/lanberry.html
"Lancaster, Jason",https://www.azlyrics.com/j/jasonlancaster.html
Lance Stewart,https://www.azlyrics.com/l/lancestewart.html
LANCO,https://www.azlyrics.com/l/lanco.html
LANDMVRKS,https://www.azlyrics.com/l/landmvrks.html
Landon Austin,https://www.azlyrics.com/l/landonaustin.html
Landon Cube,https://www.azlyrics.com/l/landoncube.html
Landon Pigg,https://www.azlyrics.com/l/landonpigg.html
Landy,https://www.azlyrics.com/l/landy.html
Lane 8,https://www.azlyrics.com/l/lane8.html
"Lane, Chris",https://www.azlyrics.com/c/chrislane.html
"Lanegan, Mark",https://www.azlyrics.com/m/marklanegan.html
"Lanez, Tory",https://www.azlyrics.com/t/torylanez.html
"Langer, Mads",https://www.azlyrics.com/m/madslanger.html
Langhorne Slim,https://www.azlyrics.com/l/langhorneslim.html
"Lang, Jonny",https://www.azlyrics.com/l/lang.html
"Lang, Oscar",https://www.azlyrics.com/o/oscarlang.html
"Langston, Jon",https://www.azlyrics.com/j/jonlangston.html
Lani Misalucha,https://www.azlyrics.com/l/lanimisalucha.html
"Lanning, Bryan",https://www.azlyrics.com/b/bryanlanning.html
"Lansangan, Reese",https://www.azlyrics.com/r/reeselansangan.html
LANY,https://www.azlyrics.com/l/lany.html
La Oreja De Van Gogh,https://www.azlyrics.com/l/laorejadevangogh.html
La'Porsha Renae,https://www.azlyrics.com/l/laporsharenae.html
Låpsley,https://www.azlyrics.com/l/lapsley.html
Lapsus Band,https://www.azlyrics.com/l/lapsusband.html
Lara Fabian,https://www.azlyrics.com/f/fabian.html
Larkin Poe,https://www.azlyrics.com/l/larkinpoe.html
"La Rose, Natalie",https://www.azlyrics.com/n/natalielarose.html
La Ross Maria,https://www.azlyrics.com/l/larossmaria.html
La Roux,https://www.azlyrics.com/l/laroux.html
Larray,https://www.azlyrics.com/l/larray.html
"Larrieux, Amel",https://www.azlyrics.com/a/amellarrieux.html
Larry,https://www.azlyrics.com/l/larry.html
Larry 44,https://www.azlyrics.com/l/larry44.html
Larry Fleet,https://www.azlyrics.com/l/larryfleet.html
Larry Graham,https://www.azlyrics.com/l/larrygraham.html
Larry June,https://www.azlyrics.com/l/larryjune.html
"Larsen, Blaine",https://www.azlyrics.com/b/blainelarsen.html
"Larsen, Marit",https://www.azlyrics.com/m/maritlarsen.html
"Larson, Brie",https://www.azlyrics.com/b/brielarson.html
"Larsson, Zara",https://www.azlyrics.com/z/zaralarsson.html
Lars Vaular,https://www.azlyrics.com/l/larsvaular.html
Lars Winnerbäck,https://www.azlyrics.com/l/larswinnerback.html
Lartiste,https://www.azlyrics.com/l/lartiste.html
"LaRue, Stoney",https://www.azlyrics.com/s/stoneylarue.html
Lary Over,https://www.azlyrics.com/l/laryover.html
Lasgo,https://www.azlyrics.com/l/lasgo.html
"Lashes, The",https://www.azlyrics.com/l/lashes.html
Las Ketchup,https://www.azlyrics.com/l/lasketchup.html
"La Squale, Moha",https://www.azlyrics.com/m/mohalasquale.html
"Lasso, Ari",https://www.azlyrics.com/a/arilasso.html
"Last 5 Years Cast, The",https://www.azlyrics.com/l/last5yearscast.html
Last Dinosaurs,https://www.azlyrics.com/l/lastdinosaurs.html
"Last Goodnight, The",https://www.azlyrics.com/l/lastgoodnight.html
"La's, The",https://www.azlyrics.com/l/las.html
Last In Line,https://www.azlyrics.com/l/lastinline.html
"Last Shadow Puppets, The",https://www.azlyrics.com/l/lastshadowpuppets.html
"Laswell, Greg",https://www.azlyrics.com/g/greglaswell.html
Lata Mangeshkar,https://www.azlyrics.com/l/latamangeshkar.html
Lateeya,https://www.azlyrics.com/l/lateeya.html
"Latency, The",https://www.azlyrics.com/l/latency.html
Latifah,https://www.azlyrics.com/l/latifah.html
Latif,https://www.azlyrics.com/l/latif.html
"Latimore, Jacob",https://www.azlyrics.com/j/jacoblatimore.html
"Lattimore, Kenny",https://www.azlyrics.com/k/kennylattimore.html
"Lattisaw, Stacy",https://www.azlyrics.com/s/stacylattisaw.html
"Lauper, Cyndi",https://www.azlyrics.com/l/lauper.html
Laura Bell Bundy,https://www.azlyrics.com/l/laurabellbundy.html
Laura Branigan,https://www.azlyrics.com/l/laurabranigan.html
Laura Izibor,https://www.azlyrics.com/l/lauraizibor.html
Laura Marano,https://www.azlyrics.com/l/lauramarano.html
Laura Marling,https://www.azlyrics.com/l/lauramarling.html
Laura Mvula,https://www.azlyrics.com/l/lauramvula.html
Laura Pausini,https://www.azlyrics.com/l/laurapausini.html
Laura Story,https://www.azlyrics.com/l/laurastory.html
Laura Veirs,https://www.azlyrics.com/l/lauraveirs.html
Laura Welsh,https://www.azlyrics.com/l/laurawelsh.html
LaurDIY,https://www.azlyrics.com/l/laurdiy.html
Laurel,https://www.azlyrics.com/l/laurel.html
Lauren Alaina,https://www.azlyrics.com/l/laurenalaina.html
Lauren Aquilina,https://www.azlyrics.com/l/laurenaquilina.html
"Laurence, Duncan",https://www.azlyrics.com/d/duncanlaurence.html
Lauren Christy,https://www.azlyrics.com/c/christy.html
Lauren Cimorelli,https://www.azlyrics.com/l/laurencimorelli.html
Lauren Daigle,https://www.azlyrics.com/l/laurendaigle.html
Lauren Jauregui,https://www.azlyrics.com/l/laurenjauregui.html
Lauren Sanderson,https://www.azlyrics.com/l/laurensanderson.html
"Laurie, Hugh",https://www.azlyrics.com/h/hughlaurie.html
Lauryn Hill,https://www.azlyrics.com/h/hill.html
Lauv,https://www.azlyrics.com/l/lauv.html
Lavaado,https://www.azlyrics.com/l/lavaado.html
La Vela Puerca,https://www.azlyrics.com/l/lavelapuerca.html
"Lavery, Ciaran",https://www.azlyrics.com/c/ciaranlavery.html
"Lavigne, Avril",https://www.azlyrics.com/l/lavigne.html
"Lawhorn, JJ",https://www.azlyrics.com/j/jjlawhorn.html
Lawrence,https://www.azlyrics.com/c/clydelawrence.html
"Lawrence Arms, The",https://www.azlyrics.com/l/lawrencearms.html
"Lawrence, Charlotte",https://www.azlyrics.com/c/charlottelawrence.html
"Lawrence, Donald",https://www.azlyrics.com/d/donaldlawrence.html
"Lawrence, Jennifer",https://www.azlyrics.com/j/jenniferlawrence.html
"Lawrence, Tracy",https://www.azlyrics.com/l/lawrence.html
"Lawrence, Vicki",https://www.azlyrics.com/v/vickilawrence.html
Lawson,https://www.azlyrics.com/l/lawson.html
"Lawson, Jamie",https://www.azlyrics.com/j/jamielawson.html
LAY,https://www.azlyrics.com/l/lay.html
"Lay, Brandon",https://www.azlyrics.com/b/brandonlay.html
Laylow,https://www.azlyrics.com/l/laylow.html
Layton Greene,https://www.azlyrics.com/l/laytongreene.html
"Layton, Tasha",https://www.azlyrics.com/t/tashalayton.html
Laza Morgan,https://www.azlyrics.com/l/lazamorgan.html
"Lazarev, Sergey",https://www.azlyrics.com/s/sergeylazarev.html
Lazyboy,https://www.azlyrics.com/l/lazyboy.html
Lazy Town,https://www.azlyrics.com/l/lazytown.html
Lazza,https://www.azlyrics.com/l/lazza.html
LCD Soundsystem,https://www.azlyrics.com/l/lcdsoundsystem.html
L Devine,https://www.azlyrics.com/l/ldevine.html
LEA,https://www.azlyrics.com/l/lea.html
Leafs,https://www.azlyrics.com/l/leafs.html
Leah Guest,https://www.azlyrics.com/l/leahguest.html
Leah Labelle,https://www.azlyrics.com/l/leahlabelle.html
Leah McFall,https://www.azlyrics.com/l/leahmcfall.html
Leah Turner,https://www.azlyrics.com/l/leahturner.html
Lea Michele,https://www.azlyrics.com/l/leamichele.html
Le'Andria Johnson,https://www.azlyrics.com/l/leandriajohnson.html
Leanna Crawford,https://www.azlyrics.com/l/leannacrawford.html
LeAnn Rimes,https://www.azlyrics.com/r/rimes.html
Lea Salonga,https://www.azlyrics.com/l/leasalonga.html
Leathermouth,https://www.azlyrics.com/l/leathermouth.html
Leaves' Eyes,https://www.azlyrics.com/l/leaveseyes.html
Lebanon Hanover,https://www.azlyrics.com/l/lebanonhanover.html
"LeBlanc, Annie",https://www.azlyrics.com/a/annieleblanc.html
LeBrock,https://www.azlyrics.com/l/lebrock.html
Le Butcherettes,https://www.azlyrics.com/l/lebutcherettes.html
Le Club,https://www.azlyrics.com/l/leclub.html
Lecrae,https://www.azlyrics.com/l/lecrae.html
LEDGER,https://www.azlyrics.com/l/ledger.html
Ledisi,https://www.azlyrics.com/l/ledisi.html
"LeDoux, Chris",https://www.azlyrics.com/c/chrisledoux.html
"LeDoux, Ned",https://www.azlyrics.com/n/nedledoux.html
Ledri Vula,https://www.azlyrics.com/l/ledrivula.html
Led Zeppelin,https://www.azlyrics.com/l/ledzeppelin.html
"Lee, Amos",https://www.azlyrics.com/a/amoslee.html
"Lee, Amy",https://www.azlyrics.com/a/amylee.html
Lee Ann Womack,https://www.azlyrics.com/w/womack.html
"Lee, Ben",https://www.azlyrics.com/b/benlee.html
"Lee, Brenda",https://www.azlyrics.com/b/brendalee.html
Lee Brice,https://www.azlyrics.com/l/leebrice.html
"Lee, Coco",https://www.azlyrics.com/l/lee.html
Lee DeWyze,https://www.azlyrics.com/l/leedewyze.html
Lee Fields,https://www.azlyrics.com/l/leefields.html
Lee Greenwood,https://www.azlyrics.com/l/leegreenwood.html
Lee Harding,https://www.azlyrics.com/l/leeharding.html
Lee Hi,https://www.azlyrics.com/l/leehi.html
"Lee, Jackie",https://www.azlyrics.com/j/jackielee.html
"Lee, Jacob",https://www.azlyrics.com/j/jacoblee.html
"Lee, Jacquie",https://www.azlyrics.com/j/jacquielee.html
"Lee, Johnny",https://www.azlyrics.com/j/johnnylee.html
Lee Kernaghan,https://www.azlyrics.com/l/leekernaghan.html
Leek Jack,https://www.azlyrics.com/l/leekjack.html
Leela James,https://www.azlyrics.com/l/leelajames.html
Leeland,https://www.azlyrics.com/l/leeland.html
"Lee, Murphy",https://www.azlyrics.com/l/leem.html
"Lee, Peggy",https://www.azlyrics.com/p/peggylee.html
Lee Roy Parnell,https://www.azlyrics.com/l/leeroyparnell.html
Lee Ryan,https://www.azlyrics.com/l/leeryan.html
Lee Sora,https://www.azlyrics.com/l/leesora.html
"Lee, Spencer",https://www.azlyrics.com/s/spencerlee.html
Lee Suhyun,https://www.azlyrics.com/l/leesuhyun.html
"Lee, Tommy",https://www.azlyrics.com/l/leet.html
"Lee, Trip",https://www.azlyrics.com/t/triplee.html
Lefa,https://www.azlyrics.com/l/lefa.html
"Left Banke, The",https://www.azlyrics.com/l/leftbanke.html
Leftfield,https://www.azlyrics.com/l/leftfield.html
"Leftwich, Benjamin Francis",https://www.azlyrics.com/b/benjaminfrancisleftwich.html
Legacy,https://www.azlyrics.com/l/legacy.html
Legado 7,https://www.azlyrics.com/l/legado7.html
Legally Blonde: The Musical Cast,https://www.azlyrics.com/l/legallyblondethemusicalcast.html
"Legend, John",https://www.azlyrics.com/j/johnlegend.html
Legiao Urbana,https://www.azlyrics.com/l/legiaourbana.html
Leif Vollebekk,https://www.azlyrics.com/l/leifvollebekk.html
Leighton Meester,https://www.azlyrics.com/l/leightonmeester.html
Leikeli47,https://www.azlyrics.com/l/leikeli47.html
LEISURE,https://www.azlyrics.com/l/leisure.html
"Leithauser, Hamilton",https://www.azlyrics.com/h/hamiltonleithauser.html
Leiva,https://www.azlyrics.com/l/leiva.html
"Leksell, Victor",https://www.azlyrics.com/v/victorleksell.html
Lele Blade,https://www.azlyrics.com/l/leleblade.html
Lele Pons,https://www.azlyrics.com/l/lelepons.html
Lemaitre,https://www.azlyrics.com/l/lemaitre.html
Lemar,https://www.azlyrics.com/l/lemar.html
"Lemme, Betta",https://www.azlyrics.com/b/bettalemme.html
"Lemmon, Jon",https://www.azlyrics.com/j/jonlemmon.html
Lemonade Mouth,https://www.azlyrics.com/l/lemonademouth.html
Lemon Demon,https://www.azlyrics.com/l/lemondemon.html
"Lemonheads, The",https://www.azlyrics.com/l/lemonheads.html
"Lemon Pipers, The",https://www.azlyrics.com/l/lemonpipers.html
"Lemon Twigs, The",https://www.azlyrics.com/l/lemontwigs.html
Len,https://www.azlyrics.com/l/len.html
Lena Katina,https://www.azlyrics.com/l/lenakatina.html
Lena Meyer-Landrut,https://www.azlyrics.com/l/lenameyerlandrut.html
Lene Marlin,https://www.azlyrics.com/l/lenemarlin.html
Leningrad (Ленинград),https://www.azlyrics.com/l/leningrad.html
Lenka,https://www.azlyrics.com/l/lenka.html
"Lenker, AdriAnne",https://www.azlyrics.com/a/adriannelenker.html
"Lennon, John",https://www.azlyrics.com/j/johnlennon.html
Lennon & Maisy,https://www.azlyrics.com/l/lennonmaisy.html
"Lennon, Sean",https://www.azlyrics.com/s/seanlennon.html
Lennon Stella,https://www.azlyrics.com/l/lennonstella.html
"Lennox, Annie",https://www.azlyrics.com/l/lennox.html
"Lennox, Ari",https://www.azlyrics.com/a/arilennox.html
Lenny Cooper,https://www.azlyrics.com/l/lennycooper.html
Lenny Kravitz,https://www.azlyrics.com/l/lennykravitz.html
Lenny Tavárez,https://www.azlyrics.com/l/lennytavrez.html
Lenny Williams,https://www.azlyrics.com/l/lennywilliams.html
L'Entourage,https://www.azlyrics.com/l/lentourage.html
"Lenz, Bethany Joy",https://www.azlyrics.com/b/bethanyjoylenz.html
Leona Lewis,https://www.azlyrics.com/l/leonalewis.html
Leonard Cohen,https://www.azlyrics.com/c/cohen.html
"Leonardi, Michael",https://www.azlyrics.com/m/michaelleonardi.html
Leon Bridges,https://www.azlyrics.com/l/leonbridges.html
"Leone, Anna",https://www.azlyrics.com/a/annaleone.html
Leon Else,https://www.azlyrics.com/l/leonelse.html
Leon Faun,https://www.azlyrics.com/l/leonfaun.html
Leon Jackson,https://www.azlyrics.com/l/leonjackson.html
Leon Larregui,https://www.azlyrics.com/l/leonlarregui.html
LÉON,https://www.azlyrics.com/l/leon.html
Leonora,https://www.azlyrics.com/l/leonora.html
Leon Russell,https://www.azlyrics.com/l/leonrussell.html
Leon Thomas III,https://www.azlyrics.com/l/leonthomasiii.html
"Leontiou, Kristian",https://www.azlyrics.com/l/leontiou.html
Leony,https://www.azlyrics.com/l/leony.html
Leo Sayer,https://www.azlyrics.com/l/leosayer.html
Leo Stannard,https://www.azlyrics.com/l/leostannard.html
Leprous,https://www.azlyrics.com/l/leprous.html
Lera Lynn,https://www.azlyrics.com/l/leralynn.html
Leroy Sanchez,https://www.azlyrics.com/l/leroysanchez.html
Le Scimmie,https://www.azlyrics.com/l/lescimmie.html
Lesha Svik (Леша Свик),https://www.azlyrics.com/l/leshasvik.html
Lesley Gore,https://www.azlyrics.com/l/lesleygore.html
Lesley Roy,https://www.azlyrics.com/l/lesleyroy.html
Leslie Grace,https://www.azlyrics.com/l/lesliegrace.html
Leslie Odom Jr.,https://www.azlyrics.com/l/leslieodomjr.html
"Leslie, Ryan",https://www.azlyrics.com/r/ryanleslie.html
Les Miserables Cast,https://www.azlyrics.com/l/lesmiserablescast.html
Less Than Jake,https://www.azlyrics.com/l/lessthanjake.html
"Lestari, Bunga Citra",https://www.azlyrics.com/b/bungacitralestari.html
Lethal Bizzle,https://www.azlyrics.com/l/lethalbizzle.html
"Lethal, Mac",https://www.azlyrics.com/m/maclethal.html
Le Tigre,https://www.azlyrics.com/l/letigre.html
Letlive,https://www.azlyrics.com/l/letlive.html
Leto,https://www.azlyrics.com/l/leto.html
LeToya,https://www.azlyrics.com/l/letoya.html
Let's Eat Grandma,https://www.azlyrics.com/l/letseatgrandma.html
"Letter Black, The",https://www.azlyrics.com/l/letterblack.html
Letters From The Fire,https://www.azlyrics.com/l/lettersfromthefire.html
Letters To Cleo,https://www.azlyrics.com/l/letterstocleo.html
"Levan, Ivy",https://www.azlyrics.com/i/ivylevan.html
Levante,https://www.azlyrics.com/l/levante.html
Level 42,https://www.azlyrics.com/l/level42.html
Levellers,https://www.azlyrics.com/l/levellers.html
Leven Kali,https://www.azlyrics.com/l/levenkali.html
"Levert, Gerald",https://www.azlyrics.com/g/geraldlevert.html
Levi Hummon,https://www.azlyrics.com/l/levihummon.html
"Levine, Adam",https://www.azlyrics.com/a/adamlevine.html
"Levon, Elen",https://www.azlyrics.com/e/elenlevon.html
Levon Helm,https://www.azlyrics.com/l/levonhelm.html
"Levy, Barrington",https://www.azlyrics.com/b/barringtonlevy.html
LEVZ,https://www.azlyrics.com/l/levz.html
"Lewie, Jona",https://www.azlyrics.com/j/jonalewie.html
"Lewis, Aaron",https://www.azlyrics.com/a/aaronlewis.html
"Lewis, Anthony",https://www.azlyrics.com/a/anthonylewis.html
"Lewis, Barbara",https://www.azlyrics.com/b/barbaralewis.html
"Lewis, Benji",https://www.azlyrics.com/b/benjilewis.html
"Lewis, Blake",https://www.azlyrics.com/b/blakelewis.html
Lewis Capaldi,https://www.azlyrics.com/l/lewiscapaldi.html
"Lewis, Dean",https://www.azlyrics.com/d/deanlewis.html
Lewis Del Mar,https://www.azlyrics.com/l/lewisdelmar.html
"Lewis, Donna",https://www.azlyrics.com/d/donnalewis.html
"Lewis, Glenn",https://www.azlyrics.com/g/glennlewis.html
"Lewis, Jeff",https://www.azlyrics.com/j/jefflewis.html
"Lewis, Jenny",https://www.azlyrics.com/j/jennylewis.html
"Lewis, Jerry Lee",https://www.azlyrics.com/j/jerryleelewis.html
"Lewis, Rhys",https://www.azlyrics.com/r/rhyslewis.html
Lewis Watson,https://www.azlyrics.com/l/lewiswatson.html
Lexi Walker,https://www.azlyrics.com/l/lexiwalker.html
Le Youth,https://www.azlyrics.com/l/leyouth.html
LFO,https://www.azlyrics.com/l/lfo.html
Liak,https://www.azlyrics.com/l/liak.html
Lia Marie Johnson,https://www.azlyrics.com/l/liamariejohnson.html
Liam Gallagher,https://www.azlyrics.com/l/liamgallagher.html
Liam Horne,https://www.azlyrics.com/l/liamhorne.html
Liam Lynch,https://www.azlyrics.com/l/liamlynch.html
Liam Payne,https://www.azlyrics.com/l/liampayne.html
"Liang, Ronnie",https://www.azlyrics.com/r/ronnieliang.html
Lianne La Havas,https://www.azlyrics.com/l/liannelahavas.html
LIBERATO,https://www.azlyrics.com/l/liberato.html
"Libertines, The",https://www.azlyrics.com/l/libertines.html
Liberty X,https://www.azlyrics.com/l/libertyx.html
"Libranda, Michael Dutchi",https://www.azlyrics.com/m/michaeldutchilibranda.html
Lido,https://www.azlyrics.com/l/lido.html
"Lieb, Eli",https://www.azlyrics.com/e/elilieb.html
Lifehouse,https://www.azlyrics.com/l/lifehouse.html
Life Of Agony,https://www.azlyrics.com/l/lifeofagony.html
Life Of Dillon,https://www.azlyrics.com/l/lifeofdillon.html
Lifer,https://www.azlyrics.com/l/lifer.html
Light,https://www.azlyrics.com/l/light.html
"Lightfoot, Gordon",https://www.azlyrics.com/g/gordonlightfoot.html
Lighthouse Family,https://www.azlyrics.com/l/lighthouse.html
"Lightman, Toby",https://www.azlyrics.com/t/tobylightman.html
"Lightning Seeds, The",https://www.azlyrics.com/l/lightningseeds.html
"Lightning Thief Cast, The",https://www.azlyrics.com/l/lightningthiefcast.html
Lights,https://www.azlyrics.com/l/lights.html
LightSkinKeisha,https://www.azlyrics.com/l/lightskinkeisha.html
Light The Torch,https://www.azlyrics.com/l/lightthetorch.html
Light Up The Sky,https://www.azlyrics.com/l/lightupthesky.html
Lightworker,https://www.azlyrics.com/l/lightworker.html
Lijpe,https://www.azlyrics.com/l/lijpe.html
Like A Storm,https://www.azlyrics.com/l/likeastorm.html
Like Moths To Flames,https://www.azlyrics.com/l/likemothstoflames.html
Like Pacific,https://www.azlyrics.com/l/likepacific.html
"Like, The",https://www.azlyrics.com/l/like.html
LikyBo,https://www.azlyrics.com/l/likybo.html
Lil 2z,https://www.azlyrics.com/l/lil2z.html
lil aaron,https://www.azlyrics.com/l/lilaaron.html
Lila Downs,https://www.azlyrics.com/l/liladowns.html
Lila McCann,https://www.azlyrics.com/l/lilamccann.html
Lil B,https://www.azlyrics.com/l/lilb.html
Lil Baby,https://www.azlyrics.com/l/lilbaby.html
Lil Barnacle,https://www.azlyrics.com/l/lilbarnacle.html
Lil Berete,https://www.azlyrics.com/l/lilberete.html
Lil Bibby,https://www.azlyrics.com/l/lilbibby.html
Lil Blurry,https://www.azlyrics.com/l/lilblurry.html
Lil Boom,https://www.azlyrics.com/l/lilboom.html
Lil Boosie,https://www.azlyrics.com/l/lilboosie.html
lilbootycall,https://www.azlyrics.com/l/lilbootycall.html
Lil' Bow Wow,https://www.azlyrics.com/l/lilbowwow.html
Lil' Corey,https://www.azlyrics.com/l/lilcorey.html
Lil Cuete,https://www.azlyrics.com/l/lilcuete.html
lil darkie,https://www.azlyrics.com/l/lildarkie.html
Lil Debbie,https://www.azlyrics.com/l/lildebbie.html
Lil Dicky,https://www.azlyrics.com/l/lildicky.html
Lil Donald,https://www.azlyrics.com/l/lildonald.html
LILDRUGHILL,https://www.azlyrics.com/l/lildrughill.html
Lil Durk,https://www.azlyrics.com/l/lildurk.html
Lil Duval,https://www.azlyrics.com/l/lilduval.html
Lil Eazzyy,https://www.azlyrics.com/l/lileazzyy.html
Lil' Eddie,https://www.azlyrics.com/l/lileddie.html
Lil' Flip,https://www.azlyrics.com/l/lilflip.html
Lil Gnar,https://www.azlyrics.com/l/lilgnar.html
Lil Gotit,https://www.azlyrics.com/l/lilgotit.html
Lil Happy Lil Sad,https://www.azlyrics.com/l/lilhappylilsad.html
Lil' Jay,https://www.azlyrics.com/l/liljay.html
Lil Jon,https://www.azlyrics.com/l/liljon.html
Lil Jon & The East Side Boyz,https://www.azlyrics.com/l/liljontheeastsideboyz.html
Lil Keed,https://www.azlyrics.com/l/lilkeed.html
Lil' Keke,https://www.azlyrics.com/l/lilkeke.html
Lil Kesh,https://www.azlyrics.com/k/kesh.html
Lil' Kim,https://www.azlyrics.com/l/lilkim.html
Lil' Kleine,https://www.azlyrics.com/l/lilkleine.html
lil krystalll,https://www.azlyrics.com/l/lilkrystalll.html
Lil Lano,https://www.azlyrics.com/l/lillano.html
Lilla Vargen,https://www.azlyrics.com/l/lillavargen.html
Lillix,https://www.azlyrics.com/l/lillix.html
Lil Loaded,https://www.azlyrics.com/l/lilloaded.html
Lil Lotus,https://www.azlyrics.com/l/lillotus.html
Lilly Wood & The Prick,https://www.azlyrics.com/l/lillywoodtheprick.html
Lil Mama,https://www.azlyrics.com/l/lilmama.html
LIL MAYO,https://www.azlyrics.com/l/lilmayo.html
Lil' Mo,https://www.azlyrics.com/l/lilmo.html
Lil Morty,https://www.azlyrics.com/l/lilmorty.html
Lil Mosey,https://www.azlyrics.com/l/lilmosey.html
Lil Mouse,https://www.azlyrics.com/l/lilmouse.html
Lil Nas X,https://www.azlyrics.com/l/lilnasx.html
LIL NIX,https://www.azlyrics.com/l/lilnix.html
Lil' O,https://www.azlyrics.com/l/lilo.html
Lil Peep,https://www.azlyrics.com/l/lilpeep.html
Lil Pete,https://www.azlyrics.com/l/lilpete.html
Lil Phag,https://www.azlyrics.com/l/lilphag.html
Lil' Phat,https://www.azlyrics.com/l/lilphat.html
Lil Poppa,https://www.azlyrics.com/l/lilpoppa.html
Lil Pump,https://www.azlyrics.com/l/lilpump.html
Lil Reese,https://www.azlyrics.com/l/lilreese.html
Lil Revive,https://www.azlyrics.com/l/lilrevive.html
Lil Rob,https://www.azlyrics.com/l/lilrob.html
Lil Scrappy,https://www.azlyrics.com/l/lilscrappy.html
Lil Skies,https://www.azlyrics.com/l/lilskies.html
Lil Snupe,https://www.azlyrics.com/l/lilsnupe.html
Lil Supa,https://www.azlyrics.com/l/lilsupa.html
Lil Tecca,https://www.azlyrics.com/l/liltecca.html
Lil Tjay,https://www.azlyrics.com/l/liltjay.html
Lil Toe,https://www.azlyrics.com/l/liltoe.html
Lil Tracy,https://www.azlyrics.com/l/liltracy.html
Lil' Troy,https://www.azlyrics.com/l/liltroy.html
Lil Tweety,https://www.azlyrics.com/l/liltweety.html
Lil Twist,https://www.azlyrics.com/l/liltwist.html
Lil Uzi Vert,https://www.azlyrics.com/l/liluzivert.html
Lil Vinceyy,https://www.azlyrics.com/l/lilvinceyy.html
Lil' Wayne,https://www.azlyrics.com/l/lilwayne.html
Lil Wil,https://www.azlyrics.com/l/lilwil.html
Lil' Wyte,https://www.azlyrics.com/l/lilwyte.html
Lil Xan,https://www.azlyrics.com/l/lilxan.html
Lil Xtra,https://www.azlyrics.com/l/lilxtra.html
Lil XXEL,https://www.azlyrics.com/l/lilxxel.html
Lil Yachty,https://www.azlyrics.com/l/lilyachty.html
Lily Allen,https://www.azlyrics.com/l/lilyallen.html
"Lily, Amelia",https://www.azlyrics.com/a/amelialily.html
Lily Kershaw,https://www.azlyrics.com/l/lilykershaw.html
Lily Lane,https://www.azlyrics.com/l/lilylane.html
Lily Moore,https://www.azlyrics.com/l/lilymoore.html
Lil' Zane,https://www.azlyrics.com/l/lilzane.html
Lil Zay Osama,https://www.azlyrics.com/l/lilzayosama.html
Lil Zey,https://www.azlyrics.com/l/lilzey.html
"Lima, Gusttavo",https://www.azlyrics.com/g/gusttavolima.html
Limahl,https://www.azlyrics.com/l/limahl.html
"Limba, The",https://www.azlyrics.com/l/limba.html
Limbo,https://www.azlyrics.com/l/limbo.html
Lime Cordiale,https://www.azlyrics.com/l/limecordiale.html
"Lim, Jireh",https://www.azlyrics.com/j/jirehlim.html
"Limousines, The",https://www.azlyrics.com/l/limousines.html
Limp Bizkit,https://www.azlyrics.com/l/limpbizkit.html
L'Impératrice,https://www.azlyrics.com/l/limperatrice.html
Lincoln,https://www.azlyrics.com/l/lincoln.html
Lincoln Brewster,https://www.azlyrics.com/l/lincolnbrewster.html
Linda Ronstadt,https://www.azlyrics.com/l/lindaronstadt.html
Lindemann,https://www.azlyrics.com/l/lindemann.html
"Lindemann, Maggie",https://www.azlyrics.com/m/maggielindemann.html
Lindsay Ell,https://www.azlyrics.com/l/lindsayell.html
Lindsay Lohan,https://www.azlyrics.com/l/lohan.html
Lindsay Pagano,https://www.azlyrics.com/p/pagano.html
Lindsey Buckingham,https://www.azlyrics.com/l/lindseybuckingham.html
Lindsey Haun,https://www.azlyrics.com/l/lindseyhaun.html
Lindsey Stirling,https://www.azlyrics.com/l/lindseystirling.html
"Lines, Aaron",https://www.azlyrics.com/l/lines.html
Linked Horizon,https://www.azlyrics.com/l/linkedhorizon.html
Linkin Park,https://www.azlyrics.com/l/linkinpark.html
Lin-Manuel Miranda,https://www.azlyrics.com/l/linmanuelmiranda.html
Linneah,https://www.azlyrics.com/l/linneah.html
Lion Babe,https://www.azlyrics.com/l/lionbabe.html
Lionel Richie,https://www.azlyrics.com/r/richie.html
Lionheart,https://www.azlyrics.com/l/lionheart.html
"Lipa, Dua",https://www.azlyrics.com/d/dualipa.html
"Lipps, Inc.",https://www.azlyrics.com/l/lippsinc.html
Liquideep,https://www.azlyrics.com/l/liquideep.html
Liquido,https://www.azlyrics.com/l/liquido.html
LiSA,https://www.azlyrics.com/l/lisa.html
Lisa Cimorelli,https://www.azlyrics.com/l/lisacimorelli.html
Lisa Hannigan,https://www.azlyrics.com/l/lisahannigan.html
Lisa 'Left Eye' Lopes,https://www.azlyrics.com/l/lisalefteyelopes.html
Lisa Lisa & Cult Jam,https://www.azlyrics.com/l/lisalisacultjam.html
Lisa Loeb,https://www.azlyrics.com/l/loeb.html
Lisa Maffia,https://www.azlyrics.com/l/lisamaffia.html
Lisa Marie Presley,https://www.azlyrics.com/p/presleyl.html
Lisa Mitchell,https://www.azlyrics.com/l/lisamitchell.html
Lisandro Cuxi,https://www.azlyrics.com/l/lisandrocuxi.html
Lisa Stansfield,https://www.azlyrics.com/l/lisastansfield.html
Lisi,https://www.azlyrics.com/l/lisi.html
Lissie,https://www.azlyrics.com/l/lissie.html
Listener,https://www.azlyrics.com/l/listener.html
Lit,https://www.azlyrics.com/l/lit.html
Lita Ford,https://www.azlyrics.com/l/litaford.html
Little BIG,https://www.azlyrics.com/l/littlebig.html
Little Big Town,https://www.azlyrics.com/l/littlebigtown.html
Little Boots,https://www.azlyrics.com/l/littleboots.html
Little Comets,https://www.azlyrics.com/l/littlecomets.html
Little Dragon,https://www.azlyrics.com/l/littledragon.html
Little Eva,https://www.azlyrics.com/l/littleeva.html
Little Feat,https://www.azlyrics.com/l/littlefeat.html
Little Green Cars,https://www.azlyrics.com/l/littlegreencars.html
Little Man Tate,https://www.azlyrics.com/l/littlemantate.html
Little May,https://www.azlyrics.com/l/littlemay.html
Little Mix,https://www.azlyrics.com/l/littlemix.html
Little Nikki,https://www.azlyrics.com/l/littlenikki.html
Little Richard,https://www.azlyrics.com/l/littlerichard.html
Little River Band,https://www.azlyrics.com/l/littleriverband.html
Little Sea,https://www.azlyrics.com/l/littlesea.html
Little Simz,https://www.azlyrics.com/l/littlesimz.html
Little Texas,https://www.azlyrics.com/l/littletexas.html
Little T & One Track Mike,https://www.azlyrics.com/l/littlet.html
Little Voice Cast,https://www.azlyrics.com/l/littlevoicecast.html
"Little Willies, The",https://www.azlyrics.com/l/littlewillies.html
"Littrell, Brian",https://www.azlyrics.com/b/brianlittrell.html
liv,https://www.azlyrics.com/l/liv.html
Liv Dawson,https://www.azlyrics.com/l/livdawson.html
Live,https://www.azlyrics.com/l/live.html
Live Lounge Allstars,https://www.azlyrics.com/l/liveloungeallstars.html
Live My Last,https://www.azlyrics.com/l/livemylast.html
LiveonRelease,https://www.azlyrics.com/l/liveonrelease.html
Living Colour,https://www.azlyrics.com/l/livingcolour.html
"Living End, The",https://www.azlyrics.com/l/livingend.html
"Living Tombstone, The",https://www.azlyrics.com/l/livingtombstone.html
"Liv, Kwamie",https://www.azlyrics.com/k/kwamieliv.html
Livvi Franc,https://www.azlyrics.com/l/livvifranc.html
Liza Anne,https://www.azlyrics.com/l/lizaanne.html
"Lizarraga, Chuy",https://www.azlyrics.com/c/chuylizarraga.html
LIZER,https://www.azlyrics.com/l/lizer.html
Liz Huett,https://www.azlyrics.com/l/lizhuett.html
Liz Lawrence,https://www.azlyrics.com/l/lizlawrence.html
Liz Phair,https://www.azlyrics.com/p/phair.html
lizzka (лиззка),https://www.azlyrics.com/l/lizzka.html
Lizzo,https://www.azlyrics.com/l/lizzo.html
Lizz Wright,https://www.azlyrics.com/l/lizzwright.html
LL Cool J,https://www.azlyrics.com/l/llcoolj.html
Lloyd,https://www.azlyrics.com/l/lloyd.html
Lloyd Banks,https://www.azlyrics.com/b/banksll.html
"Lloyd, Cher",https://www.azlyrics.com/c/cherlloyd.html
Lloyd Cole,https://www.azlyrics.com/l/lloydcole.html
"Lloyd, Dennis",https://www.azlyrics.com/d/dennislloyd.html
LMB DG,https://www.azlyrics.com/l/lmbdg.html
LMFAO,https://www.azlyrics.com/l/lmfao.html
LMNT,https://www.azlyrics.com/l/lmnt.html
"Loaiza, Kim",https://www.azlyrics.com/k/kimloaiza.html
Loathe,https://www.azlyrics.com/l/loathe.html
Lobo,https://www.azlyrics.com/l/lobo.html
LOBODA,https://www.azlyrics.com/l/loboda.html
"Lob, Roman",https://www.azlyrics.com/r/romanlob.html
Local H,https://www.azlyrics.com/l/localh.html
Local Natives,https://www.azlyrics.com/l/localnatives.html
LoCash Cowboys,https://www.azlyrics.com/l/locashcowboys.html
Loch Lomond,https://www.azlyrics.com/l/lochlomond.html
"Locke, Kimberley",https://www.azlyrics.com/l/locke.html
Locket,https://www.azlyrics.com/l/locket.html
"Lockett, Billy",https://www.azlyrics.com/b/billylockett.html
Loco,https://www.azlyrics.com/l/loco.html
Loco Escrito,https://www.azlyrics.com/l/locoescrito.html
Lo-Fang,https://www.azlyrics.com/l/lofang.html
Logan Henderson,https://www.azlyrics.com/l/loganhenderson.html
"Logan, Johnny",https://www.azlyrics.com/j/johnnylogan.html
Logan Mize,https://www.azlyrics.com/l/loganmize.html
Logan Paul,https://www.azlyrics.com/l/loganpaul.html
"Loggins, Kenny",https://www.azlyrics.com/k/kennyloggins.html
Loggins & Messina,https://www.azlyrics.com/l/logginsmessina.html
Logic,https://www.azlyrics.com/l/logic.html
"Log, Jósean",https://www.azlyrics.com/j/joseanlog.html
"Lohan, Ali",https://www.azlyrics.com/a/alilohan.html
Loick Essien,https://www.azlyrics.com/l/loickessien.html
Loïc Nottet,https://www.azlyrics.com/l/locnottet.html
Lo ki,https://www.azlyrics.com/l/loki.html
Lola Amour,https://www.azlyrics.com/l/lolaamour.html
Lola Blanc,https://www.azlyrics.com/l/lolablanc.html
Lola Indigo,https://www.azlyrics.com/l/lolaindigo.html
Lola Marsh,https://www.azlyrics.com/l/lolamarsh.html
Lola Monroe,https://www.azlyrics.com/l/lolamonroe.html
Lola Ray,https://www.azlyrics.com/l/lolaray.html
Lolawolf,https://www.azlyrics.com/l/lolawolf.html
Lo & Leduc,https://www.azlyrics.com/l/loleduc.html
Lollipop Lust Kill,https://www.azlyrics.com/l/lollipoplustkill.html
LOLO,https://www.azlyrics.com/l/lolo.html
Lolo Zouaï,https://www.azlyrics.com/l/lolozouai.html
"Lombardi, Pietro",https://www.azlyrics.com/p/pietrolombardi.html
Lomepal,https://www.azlyrics.com/l/lomepal.html
Lo Moon,https://www.azlyrics.com/l/lomoon.html
Łona i Webber,https://www.azlyrics.com/l/lonaiwebber.html
Londonbeat,https://www.azlyrics.com/l/londonbeat.html
London Grammar,https://www.azlyrics.com/l/londongrammar.html
"London, Julie",https://www.azlyrics.com/j/julielondon.html
London On Da Track,https://www.azlyrics.com/l/londonondatrack.html
"London, Theophilus",https://www.azlyrics.com/t/theophiluslondon.html
"Londra, Paulo",https://www.azlyrics.com/p/paulolondra.html
Londynn B,https://www.azlyrics.com/l/londynnb.html
"Lone Bellow, The",https://www.azlyrics.com/l/lonebellow.html
Lonely God,https://www.azlyrics.com/l/lonelygod.html
"Lonely Island, The",https://www.azlyrics.com/l/lonelyisland.html
Lonely The Brave,https://www.azlyrics.com/l/lonelythebrave.html
Lonepsi,https://www.azlyrics.com/l/lonepsi.html
Lonestar,https://www.azlyrics.com/l/lonestar.html
"Longo, Cody",https://www.azlyrics.com/c/codylongo.html
"Longshot, The",https://www.azlyrics.com/l/longshot.html
Longus Mongus,https://www.azlyrics.com/l/longusmongus.html
Lonr.,https://www.azlyrics.com/l/lonr.html
"Lonsdale, Keiynan",https://www.azlyrics.com/k/keiynanlonsdale.html
Looking Glass,https://www.azlyrics.com/l/lookingglass.html
Loon,https://www.azlyrics.com/l/loon.html
Loona,https://www.azlyrics.com/l/loona.html
Loonie,https://www.azlyrics.com/l/loonie.html
"Loops, Jeremy",https://www.azlyrics.com/j/jeremyloops.html
Loose Ends,https://www.azlyrics.com/l/looseends.html
Loote,https://www.azlyrics.com/l/loote.html
"Lopez, Jennifer",https://www.azlyrics.com/l/lopez.html
"Lopez, Sasha",https://www.azlyrics.com/s/sashalopez.html
Loqiemean,https://www.azlyrics.com/l/loqiemean.html
Lorde,https://www.azlyrics.com/l/lorde.html
Lord Esperanza,https://www.azlyrics.com/l/lordesperanza.html
Lord Huron,https://www.azlyrics.com/l/lordhuron.html
Lordi,https://www.azlyrics.com/l/lordi.html
Lord Of The Lost,https://www.azlyrics.com/l/lordofthelost.html
Lord Siva,https://www.azlyrics.com/l/lordsiva.html
Lords Of The Underground,https://www.azlyrics.com/l/lordsoftheunderground.html
L'Or Du Commun,https://www.azlyrics.com/l/lorducommun.html
Loredana,https://www.azlyrics.com/l/loredana.html
Loreen,https://www.azlyrics.com/l/loreen.html
Loreena McKennitt,https://www.azlyrics.com/l/loreenamckennitt.html
Loren Gray,https://www.azlyrics.com/l/lorengray.html
Lorenzo,https://www.azlyrics.com/l/lorenzo.html
Loretta Lynn,https://www.azlyrics.com/l/lorettalynn.html
Lori Martini,https://www.azlyrics.com/l/lorimartini.html
Lori McKenna,https://www.azlyrics.com/l/lorimckenna.html
Lorna Shore,https://www.azlyrics.com/l/lornashore.html
Lorrie Morgan,https://www.azlyrics.com/l/lorriemorgan.html
Los Cadetes De Linares,https://www.azlyrics.com/l/loscadetesdelinares.html
Los Campesinos!,https://www.azlyrics.com/l/loscampesinos.html
Los Del Rio,https://www.azlyrics.com/l/losdelrio.html
Los Enanitos Verdes,https://www.azlyrics.com/l/losenanitosverdes.html
Los Invasores De Nuevo Leon,https://www.azlyrics.com/l/losinvasoresdenuevoleon.html
Loski,https://www.azlyrics.com/l/loski.html
Los Lobos,https://www.azlyrics.com/l/loslobos.html
Los Lonely Boys,https://www.azlyrics.com/l/loslonelyboys.html
Los Plebes Del Rancho De Ariel Camacho,https://www.azlyrics.com/l/losplebesdelranchodearielcamacho.html
Los Primos Del Este,https://www.azlyrics.com/l/losprimosdeleste.html
Lostboycrow,https://www.azlyrics.com/l/lostboycrow.html
Lost Boyz,https://www.azlyrics.com/l/lostboyz.html
Lost Frequencies,https://www.azlyrics.com/l/lostfrequencies.html
Lost Kings,https://www.azlyrics.com/l/lost-kings.html
Lostprophets,https://www.azlyrics.com/l/lostprophets.html
Lost Sky,https://www.azlyrics.com/l/lostsky.html
"Lost Trailers, The",https://www.azlyrics.com/l/losttrailers.html
Los Tucanes De Tijuana,https://www.azlyrics.com/l/lostucanesdetijuana.html
"Lot Like Birds, A",https://www.azlyrics.com/l/lotlikebirds.html
LOTTE,https://www.azlyrics.com/l/lotte.html
Lotto Boyzz,https://www.azlyrics.com/l/lottoboyzz.html
"Lott, Pixie",https://www.azlyrics.com/p/pixielott.html
Louane,https://www.azlyrics.com/l/louane.html
Lou Bega,https://www.azlyrics.com/l/loubega.html
Loud Luxury,https://www.azlyrics.com/l/loudluxury.html
Loudon Wainwright III,https://www.azlyrics.com/l/loudonwainwrightiii.html
Lou Gramm,https://www.azlyrics.com/l/lougramm.html
Louie Duffelbags,https://www.azlyrics.com/l/louieduffelbags.html
Louisa Johnson,https://www.azlyrics.com/l/louisajohnson.html
Louis Armstrong,https://www.azlyrics.com/l/louisarmstrong.html
Louisa Wendorff,https://www.azlyrics.com/l/louisawendorff.html
"Louise, Emma",https://www.azlyrics.com/e/emmalouise.html
Louis The Child,https://www.azlyrics.com/l/louis-the-child.html
Louis Tomlinson,https://www.azlyrics.com/l/louistomlinson.html
Louis XIV,https://www.azlyrics.com/l/louisxiv.html
LouiVos,https://www.azlyrics.com/l/louivos.html
Lou Rawls,https://www.azlyrics.com/l/lourawls.html
Lou Reed,https://www.azlyrics.com/l/loureed.html
Lous And The Yakuza,https://www.azlyrics.com/l/lousandtheyakuza.html
"Lou, Tobi",https://www.azlyrics.com/t/tobilou.html
Lov1,https://www.azlyrics.com/l/lov1.html
LOVA,https://www.azlyrics.com/l/lova.html
"Lovato, Demi",https://www.azlyrics.com/d/demilovato.html
Loveable Rogues,https://www.azlyrics.com/l/loveablerogues.html
Love And Death,https://www.azlyrics.com/l/loveanddeath.html
Love And Theft,https://www.azlyrics.com/l/loveandtheft.html
Love And The Outcome,https://www.azlyrics.com/l/loveandtheoutcome.html
"Love, Courtney",https://www.azlyrics.com/l/love.html
"Love, Darlene",https://www.azlyrics.com/d/darlenelove.html
Love Dollhouse,https://www.azlyrics.com/l/lovedollhouse.html
Lovedrug,https://www.azlyrics.com/l/lovedrug.html
Lovehammers,https://www.azlyrics.com/l/lovehammers.html
Love Harder,https://www.azlyrics.com/l/loveharder.html
LoveLeo,https://www.azlyrics.com/l/loveleo.html
"Loveless, Patty",https://www.azlyrics.com/p/pattyloveless.html
lovelytheband,https://www.azlyrics.com/l/lovelytheband.html
Lovelyz,https://www.azlyrics.com/l/lovelyz.html
"Lovemakers, The",https://www.azlyrics.com/l/lovemakers.html
LoveRance,https://www.azlyrics.com/l/loverance.html
Loverboy,https://www.azlyrics.com/l/loverboy.html
"Love, Rico",https://www.azlyrics.com/r/ricolove.html
"Love, Toby",https://www.azlyrics.com/t/tobylove.html
LovHer,https://www.azlyrics.com/l/lovher.html
Loving,https://www.azlyrics.com/l/loving.html
Loving Caliber,https://www.azlyrics.com/l/lovingcaliber.html
"Lovin' Spoonful, The",https://www.azlyrics.com/l/lovinspoonful.html
Low,https://www.azlyrics.com/l/low.html
"Low Anthem, The",https://www.azlyrics.com/l/lowanthem.html
"Lowe, Nick",https://www.azlyrics.com/n/nicklowe.html
Lower Dens,https://www.azlyrics.com/l/lowerdens.html
Lower Than Atlantis,https://www.azlyrics.com/l/lowerthanatlantis.html
"Lowery, Clint",https://www.azlyrics.com/c/clintlowery.html
Lowkey,https://www.azlyrics.com/l/lowkey.html
Low Level Flight,https://www.azlyrics.com/l/lowlevelflight.html
lowlow,https://www.azlyrics.com/l/lowlow.html
Low Millions,https://www.azlyrics.com/l/lowmillions.html
"Lowndes, Jessica",https://www.azlyrics.com/j/jessicalowndes.html
Low Roar,https://www.azlyrics.com/l/lowroar.html
"Lowry, Witt",https://www.azlyrics.com/w/wittlowry.html
Lox Chatterbox,https://www.azlyrics.com/l/loxchatterbox.html
"Lox, Mahogany",https://www.azlyrics.com/m/mahoganylox.html
"Lox, The",https://www.azlyrics.com/l/lox.html
"Loya, Tony",https://www.azlyrics.com/t/tonyloya.html
Loyle Carner,https://www.azlyrics.com/l/loylecarner.html
LPB Poody,https://www.azlyrics.com/l/lpbpoody.html
LP,https://www.azlyrics.com/l/lp.html
LPX,https://www.azlyrics.com/l/lpx.html
LSD,https://www.azlyrics.com/l/lsd.html
LSG,https://www.azlyrics.com/l/lsg.html
LSP (ЛСП),https://www.azlyrics.com/l/lsp.html
L.T.D.,https://www.azlyrics.com/l/ltd.html
Lu,https://www.azlyrics.com/l/lu.html
Luan Santana,https://www.azlyrics.com/l/luansantana.html
Luca Brasi,https://www.azlyrics.com/l/lucabrasi.html
Luca Hänni,https://www.azlyrics.com/l/lucahnni.html
Lucas Coly,https://www.azlyrics.com/l/lucascoly.html
Lucas DiPasquale,https://www.azlyrics.com/l/lucasdipasquale.html
Lucas Estrada,https://www.azlyrics.com/l/lucasestrada.html
"Lucas, Joyner",https://www.azlyrics.com/j/joynerlucas.html
Lucas Lucco,https://www.azlyrics.com/l/lucaslucco.html
Lucas & Steve,https://www.azlyrics.com/l/lucassteve.html
LUCAVEROS,https://www.azlyrics.com/l/lucaveros.html
Lucenzo,https://www.azlyrics.com/l/lucenzo.html
Lucero,https://www.azlyrics.com/l/lucero.html
Luchè,https://www.azlyrics.com/l/luche.html
Luciana Zogbi,https://www.azlyrics.com/l/lucianazogbi.html
"Luciani, Clara",https://www.azlyrics.com/c/claraluciani.html
Luciano,https://www.azlyrics.com/l/luciano.html
Lucidious,https://www.azlyrics.com/l/lucidious.html
Lucie Silvas,https://www.azlyrics.com/l/luciesilvas.html
Lucinda Williams,https://www.azlyrics.com/l/lucindawilliams.html
Lucius,https://www.azlyrics.com/l/lucius.html
LUCKI,https://www.azlyrics.com/l/lucki.html
Lucky Boys Confusion,https://www.azlyrics.com/l/luckyboys.html
Lucky Daye,https://www.azlyrics.com/l/luckydaye.html
Lucky Dube,https://www.azlyrics.com/l/luckydube.html
Lucky Rose,https://www.azlyrics.com/l/luckyrose.html
Lucy Angel,https://www.azlyrics.com/l/lucyangel.html
Lucy Dacus,https://www.azlyrics.com/l/lucydacus.html
Lucy Hale,https://www.azlyrics.com/l/lucyhale.html
Lucy Rose,https://www.azlyrics.com/l/lucyrose.html
Lucy Spraggan,https://www.azlyrics.com/l/lucyspraggan.html
Lucy Woodward,https://www.azlyrics.com/w/woodward.html
Ludacris,https://www.azlyrics.com/l/ludacris.html
Lud Foe,https://www.azlyrics.com/l/ludfoe.html
Ludmilla,https://www.azlyrics.com/l/ludmilla.html
Ludo,https://www.azlyrics.com/l/ludo.html
"Ludwig, Alexander",https://www.azlyrics.com/a/alexanderludwig.html
"Lueders, Carson",https://www.azlyrics.com/c/carsonlueders.html
"Luh, Derek",https://www.azlyrics.com/d/derekluh.html
Luh Kel,https://www.azlyrics.com/l/luhkel.html
Luh Soldier,https://www.azlyrics.com/l/luhsoldier.html
Luidji,https://www.azlyrics.com/l/luidji.html
Luis Coronel,https://www.azlyrics.com/l/luiscoronel.html
Luis Fonsi,https://www.azlyrics.com/l/luisfonsi.html
Luis Miguel,https://www.azlyrics.com/l/luismiguel.html
Lukas Graham,https://www.azlyrics.com/l/lukasgraham.html
Lukas Leon,https://www.azlyrics.com/l/lukasleon.html
Lukas Nelson & Promise Of The Real,https://www.azlyrics.com/l/lukasnelsonpromiseofthereal.html
Luke Benward,https://www.azlyrics.com/l/lukebenward.html
Luke Bryan,https://www.azlyrics.com/l/lukebryan.html
Luke Christopher,https://www.azlyrics.com/l/lukechristopher.html
Luke Combs,https://www.azlyrics.com/l/lukecombs.html
Luke Friend,https://www.azlyrics.com/l/lukefriend.html
Luke James,https://www.azlyrics.com/l/lukejames.html
Luke Sital-Singh,https://www.azlyrics.com/l/lukesitalsingh.html
Lulu,https://www.azlyrics.com/l/lulu.html
Lulu And The Lampshades,https://www.azlyrics.com/l/luluandthelampshades.html
LUME,https://www.azlyrics.com/l/lume.html
Lumidee,https://www.azlyrics.com/l/lumidee.html
"Lumineers, The",https://www.azlyrics.com/l/lumineers.html
LUMP,https://www.azlyrics.com/l/lump.html
Luna Shadows,https://www.azlyrics.com/l/lunashadows.html
Lunatic,https://www.azlyrics.com/l/lunatic.html
Lunay,https://www.azlyrics.com/l/lunay.html
Luna (Луна),https://www.azlyrics.com/l/luna.html
LunchMoney Lewis,https://www.azlyrics.com/l/lunchmoneylewis.html
Lund,https://www.azlyrics.com/l/lund.html
"Lundell, Joakim",https://www.azlyrics.com/j/joakimlundell.html
"Lundvik, John",https://www.azlyrics.com/j/johnlundvik.html
Lune,https://www.azlyrics.com/l/lune.html
Luniz,https://www.azlyrics.com/l/luniz.html
Lupe Fiasco,https://www.azlyrics.com/l/lupefiasco.html
Luscious Jackson,https://www.azlyrics.com/l/luscious.html
Lush,https://www.azlyrics.com/l/lush.html
Lustra,https://www.azlyrics.com/l/lustra.html
"Lustre, Nadine",https://www.azlyrics.com/n/nadinelustre.html
Lute,https://www.azlyrics.com/l/lute.html
Luther Barnes,https://www.azlyrics.com/l/lutherbarnes.html
Luther Vandross,https://www.azlyrics.com/v/vandross.html
LuvBug,https://www.azlyrics.com/l/luvbug.html
Lux Courageous,https://www.azlyrics.com/l/luxcourageous.html
Luz,https://www.azlyrics.com/l/luz.html
LVLY,https://www.azlyrics.com/l/lvly.html
LVNDSCAPE,https://www.azlyrics.com/l/lvndscape.html
LX,https://www.azlyrics.com/l/lx.html
Lx24,https://www.azlyrics.com/l/lx24.html
Lxst,https://www.azlyrics.com/l/lxst.html
Lydia,https://www.azlyrics.com/l/lydia.html
Lydia Denker,https://www.azlyrics.com/d/denker.html
Lydia Laird,https://www.azlyrics.com/l/lydialaird.html
Lydia Liza,https://www.azlyrics.com/l/lydializa.html
Lyfe Jennings,https://www.azlyrics.com/l/lyfe.html
Lykke Li,https://www.azlyrics.com/l/lykkeli.html
"Lylas, The",https://www.azlyrics.com/l/lylas.html
Lyle Lovett,https://www.azlyrics.com/l/lylelovett.html
"Lynch, Dustin",https://www.azlyrics.com/d/dustinlynch.html
Lynch Mob,https://www.azlyrics.com/l/lynchmob.html
"Lynch, Ross",https://www.azlyrics.com/r/rosslynch.html
"Lynch, Stephen",https://www.azlyrics.com/s/stephenlynch.html
Lynda,https://www.azlyrics.com/l/lynda.html
Lynn Anderson,https://www.azlyrics.com/l/lynnanderson.html
"Lynn, Cheryl",https://www.azlyrics.com/c/cheryllynn.html
"Lynn, Maria",https://www.azlyrics.com/m/marialynn.html
"Lynn, Vera",https://www.azlyrics.com/v/veralynn.html
"Lynott, Phil",https://www.azlyrics.com/p/phillynott.html
Lynyrd Skynyrd,https://www.azlyrics.com/l/lynyrd.html
Lyodra,https://www.azlyrics.com/l/lyodra.html
Lyrica Anderson,https://www.azlyrics.com/l/lyricaanderson.html
"Lystell, Anders",https://www.azlyrics.com/a/anderslystell.html
Lyta,https://www.azlyrics.com/l/lyta.html
"Lyttle, Kevin",https://www.azlyrics.com/l/lyttle.html
