K27,https://www.azlyrics.com/k/k27.html
K-391,https://www.azlyrics.com/k/k391.html
KAACHI,https://www.azlyrics.com/k/kaachi.html
K.A.A.N.,https://www.azlyrics.com/k/kaan.html
Kaaris,https://www.azlyrics.com/k/kaaris.html
Kaash Paige,https://www.azlyrics.com/k/kaashpaige.html
KAAZE,https://www.azlyrics.com/k/kaaze.html
Kacey Musgraves,https://www.azlyrics.com/k/kaceymusgraves.html
Kaci,https://www.azlyrics.com/k/kaci.html
Kaci Brown,https://www.azlyrics.com/k/kacibrown.html
Kacy Hill,https://www.azlyrics.com/k/kacyhill.html
Kadebostany,https://www.azlyrics.com/k/kadebostany.html
"Kadison, Joshua",https://www.azlyrics.com/j/joshuakadison.html
"Kahan, Noah",https://www.azlyrics.com/n/noahkahan.html
Kahitna,https://www.azlyrics.com/k/kahitna.html
Kahraman Deniz,https://www.azlyrics.com/k/kahramandeniz.html
Kaiit,https://www.azlyrics.com/k/kaiit.html
Kailee Morgue,https://www.azlyrics.com/k/kaileemorgue.html
Kaiser Chiefs,https://www.azlyrics.com/k/kaiserchiefs.html
Kajagoogoo,https://www.azlyrics.com/k/kajagoogoo.html
"Kakar, Sukriti",https://www.azlyrics.com/s/sukritikakar.html
"Kakkar, Neha",https://www.azlyrics.com/n/nehakakkar.html
"Kakkar, Tony",https://www.azlyrics.com/t/tonykakkar.html
"Kalani, Mecca",https://www.azlyrics.com/m/meccakalani.html
Kalan Porter,https://www.azlyrics.com/k/kalanporter.html
"Kalas, Freddy",https://www.azlyrics.com/f/freddykalas.html
Kalash,https://www.azlyrics.com/k/kalash.html
Kalash Criminel,https://www.azlyrics.com/k/kalashcriminel.html
Kalazh44,https://www.azlyrics.com/k/kalazh44.html
Kalben,https://www.azlyrics.com/k/kalben.html
Kaleida,https://www.azlyrics.com/k/kaleida.html
KALEO,https://www.azlyrics.com/k/kaleo.html
Kali,https://www.azlyrics.com/k/kali.html
Kalie Shorr,https://www.azlyrics.com/k/kalieshorr.html
Kaliffa,https://www.azlyrics.com/k/kaliffa.html
KALIM,https://www.azlyrics.com/k/kalim.html
Kalin And Myles,https://www.azlyrics.com/k/kalinandmyles.html
Kalin White,https://www.azlyrics.com/k/kalinwhite.html
Kali Uchis,https://www.azlyrics.com/k/kaliuchis.html
Kalmah,https://www.azlyrics.com/k/kalmah.html
Kamaiyah,https://www.azlyrics.com/k/kamaiyah.html
"Kamakawiwo'ole, Israel",https://www.azlyrics.com/i/israelkamakawiwoole.html
Kamelot,https://www.azlyrics.com/k/kamelot.html
Kamferdrops,https://www.azlyrics.com/k/kamferdrops.html
Kamikazee,https://www.azlyrics.com/k/kamikazee.html
"Kamoze, Ini",https://www.azlyrics.com/i/inikamoze.html
"Kandemir, Tuğçe",https://www.azlyrics.com/t/tuekandemir.html
Kandi,https://www.azlyrics.com/k/kandi.html
"Kane, Arika",https://www.azlyrics.com/a/arikakane.html
Kane Brown,https://www.azlyrics.com/k/kanebrown.html
"Kane, Christian",https://www.azlyrics.com/c/christiankane.html
"Kane, Miles",https://www.azlyrics.com/m/mileskane.html
Kang Daniel,https://www.azlyrics.com/k/kangdaniel.html
Kangi (Канги),https://www.azlyrics.com/k/kangi.html
Kano,https://www.azlyrics.com/k/kano.html
Kansas,https://www.azlyrics.com/k/kansas.html
"Kanungo, Arjun",https://www.azlyrics.com/a/arjunkanungo.html
Kanye West,https://www.azlyrics.com/w/west.html
Kaonashi,https://www.azlyrics.com/k/kaonashi.html
Kap G,https://www.azlyrics.com/k/kapg.html
"Kaplan, Avi",https://www.azlyrics.com/a/avikaplan.html
KAPTN,https://www.azlyrics.com/k/kaptn.html
"Karaduman, Emrah",https://www.azlyrics.com/e/emrahkaraduman.html
"Karaibrahimgil, Nil",https://www.azlyrics.com/n/nilkaraibrahimgil.html
Kara Marni,https://www.azlyrics.com/k/karamarni.html
Karan Aujla,https://www.azlyrics.com/k/karanaujla.html
Kara's Flowers,https://www.azlyrics.com/k/karasflowers.html
"Karayel, Fikri",https://www.azlyrics.com/f/fikrikarayel.html
KARD,https://www.azlyrics.com/k/kard.html
Kardinal Offishall,https://www.azlyrics.com/k/kardinaloffishall.html
Karencitta,https://www.azlyrics.com/k/karencitta.html
Karen Clark Sheard,https://www.azlyrics.com/k/karenclarksheard.html
Karen Harding,https://www.azlyrics.com/k/karenharding.html
Karen O,https://www.azlyrics.com/k/kareno.html
Kari Faux,https://www.azlyrics.com/k/karifaux.html
Kari Jobe,https://www.azlyrics.com/k/karijobe.html
Kari Kimmel,https://www.azlyrics.com/k/karikimmel.html
Karina Pasian,https://www.azlyrics.com/k/karina.html
Karlaaa,https://www.azlyrics.com/k/karlaaa.html
Karla Bonoff,https://www.azlyrics.com/k/karlabonoff.html
"Karlberg, Sofia",https://www.azlyrics.com/s/sofiakarlberg.html
Karlie Redd,https://www.azlyrics.com/k/karlieredd.html
Karl Wolf,https://www.azlyrics.com/k/karlwolf.html
Karmin,https://www.azlyrics.com/k/karmin.html
Karnivool,https://www.azlyrics.com/k/karnivool.html
Karol G,https://www.azlyrics.com/k/karolg.html
Karpe Diem,https://www.azlyrics.com/k/karpediem.html
Kartky,https://www.azlyrics.com/k/kartky.html
"Karydas, Eves",https://www.azlyrics.com/e/eveskarydas.html
Karyn White,https://www.azlyrics.com/k/karynwhite.html
Kasabian,https://www.azlyrics.com/k/kasabian.html
Kasbo,https://www.azlyrics.com/k/kasbo.html
Kase.O,https://www.azlyrics.com/k/kaseo.html
Kasey Chambers,https://www.azlyrics.com/c/chambers.html
Kash Doll,https://www.azlyrics.com/k/kashdoll.html
Kashmir,https://www.azlyrics.com/k/kashmir.html
Kaskade,https://www.azlyrics.com/k/kaskade.html
Kasta (Каста),https://www.azlyrics.com/k/kasta.html
Kataklysm,https://www.azlyrics.com/k/kataklysm.html
Katatonia,https://www.azlyrics.com/k/katatonia.html
Kat Cunning,https://www.azlyrics.com/k/katcunning.html
Kat Dahlia,https://www.azlyrics.com/k/katdahlia.html
Kat Deluna,https://www.azlyrics.com/k/katdeluna.html
Kate Bush,https://www.azlyrics.com/k/katebush.html
Kate Dearaugo,https://www.azlyrics.com/k/katedearaugo.html
Kate Havnevik,https://www.azlyrics.com/k/katehavnevik.html
Katelyn Tarver,https://www.azlyrics.com/k/katelyntarver.html
"Kate, Macy",https://www.azlyrics.com/m/macykate.html
Kate Miller-Heidke,https://www.azlyrics.com/k/katemillerheidke.html
Kate Nash,https://www.azlyrics.com/k/katenash.html
Katerine Duska,https://www.azlyrics.com/k/katerineduska.html
Kate Ryan,https://www.azlyrics.com/k/kateryan.html
Kate Voegele,https://www.azlyrics.com/k/katevoegele.html
Kate Winslet,https://www.azlyrics.com/w/winslet.html
Kat Graham,https://www.azlyrics.com/k/katgraham.html
Katharine McPhee,https://www.azlyrics.com/k/katharinemcphee.html
Katherine Ho,https://www.azlyrics.com/k/katherineho.html
Katherine Jenkins,https://www.azlyrics.com/k/katherinejenkins.html
Katherine McNamara,https://www.azlyrics.com/k/katherinemcnamara.html
Kathleen Edwards,https://www.azlyrics.com/k/kathleenedwards.html
KATIE,https://www.azlyrics.com/k/katie.html
Katie Armiger,https://www.azlyrics.com/k/katiearmiger.html
Katie Costello,https://www.azlyrics.com/k/katiecostello.html
Katie Herzig,https://www.azlyrics.com/k/katieherzig.html
Katie Holmes,https://www.azlyrics.com/h/holmes.html
Katie Melua,https://www.azlyrics.com/m/melua.html
Katie Noel,https://www.azlyrics.com/k/katienoel.html
Katie Sky,https://www.azlyrics.com/k/katiesky.html
"Katina, Lena",https://www.azlyrics.com/l/lenakatina.html
Katja Krasavice,https://www.azlyrics.com/k/katjakrasavice.html
Katrina And The Waves,https://www.azlyrics.com/k/katrinaandthewaves.html
Katrina Elam,https://www.azlyrics.com/k/katrinaelam.html
Katy B,https://www.azlyrics.com/k/katyb.html
Katy McAllister,https://www.azlyrics.com/k/katymcallister.html
Katy Perry,https://www.azlyrics.com/k/katyperry.html
Katy Rose,https://www.azlyrics.com/k/katyrose.html
Katy Tiz,https://www.azlyrics.com/k/katytiz.html
Kavinsky,https://www.azlyrics.com/k/kavinsky.html
Kaya Stewart,https://www.azlyrics.com/k/kayastewart.html
Kay Cook,https://www.azlyrics.com/k/kaycook.html
Kayden,https://www.azlyrics.com/k/kayden.html
Kaye Cal,https://www.azlyrics.com/k/kayecal.html
"Kaye, Codi",https://www.azlyrics.com/c/codikaye.html
KAYEF,https://www.azlyrics.com/k/kayef.html
"Kaye, Marina",https://www.azlyrics.com/m/marinakaye.html
Kayla Brianna,https://www.azlyrics.com/k/kayla-brianna.html
Kayla Nicole,https://www.azlyrics.com/k/kaylanicole.html
Kay One,https://www.azlyrics.com/k/kayone.html
"Kays, Sara",https://www.azlyrics.com/s/sarakays.html
KAYTRANADA,https://www.azlyrics.com/k/kaytranada.html
Kaza,https://www.azlyrics.com/k/kaza.html
Kaz Bałagane,https://www.azlyrics.com/k/kazbalagane.html
KAZKA,https://www.azlyrics.com/k/kazka.html
Kazzer,https://www.azlyrics.com/k/kazzer.html
KB,https://www.azlyrics.com/k/kb.html
KBFR,https://www.azlyrics.com/k/kbfr.html
K Camp,https://www.azlyrics.com/k/kcamp.html
KC And The Sunshine Band,https://www.azlyrics.com/k/kcandthesunshineband.html
K-Ci & JoJo,https://www.azlyrics.com/k/kcijojo.html
K-Clique,https://www.azlyrics.com/k/kclique.html
KC Rebell,https://www.azlyrics.com/k/kcrebell.html
K/DA,https://www.azlyrics.com/k/kda.html
k.d. lang,https://www.azlyrics.com/k/kdlang.html
Keane,https://www.azlyrics.com/k/keane.html
"Kearney, Mat",https://www.azlyrics.com/m/matkearney.html
"Keating, Ronan",https://www.azlyrics.com/k/keating.html
Keaton Henson,https://www.azlyrics.com/k/keatonhenson.html
KeBlack,https://www.azlyrics.com/k/keblack.html
Keb' Mo',https://www.azlyrics.com/k/kebmo.html
"Kee, John P.",https://www.azlyrics.com/j/johnpkee.html
"Keenan, David",https://www.azlyrics.com/d/davidkeenan.html
Keen'V,https://www.azlyrics.com/k/keenv.html
Kehlani,https://www.azlyrics.com/k/kehlani.html
KEiiNO,https://www.azlyrics.com/k/keiino.html
Keira Knightley,https://www.azlyrics.com/k/keiraknightley.html
Keişan,https://www.azlyrics.com/k/keisan.html
Keisha Buchanan,https://www.azlyrics.com/k/keishabuchanan.html
Keisha White,https://www.azlyrics.com/k/keishawhite.html
Keith Anderson,https://www.azlyrics.com/k/keithanderson.html
Keith Ape,https://www.azlyrics.com/k/keithape.html
Keith Martin,https://www.azlyrics.com/k/keithmartin.html
Keith Power,https://www.azlyrics.com/k/keithpower.html
Keith Richards,https://www.azlyrics.com/k/keithrichards.html
Keith Sweat,https://www.azlyrics.com/s/sweat.html
"Keith, Toby",https://www.azlyrics.com/k/keith.html
Keith Urban,https://www.azlyrics.com/u/urban.html
Keith Whitley,https://www.azlyrics.com/k/keithwhitley.html
Keiynan Lonsdale,https://www.azlyrics.com/k/keiynanlonsdale.html
KęKę,https://www.azlyrics.com/k/keke.html
Keke Palmer,https://www.azlyrics.com/k/kekepalmer.html
Keke Wyatt,https://www.azlyrics.com/w/wyatt.html
Kekra,https://www.azlyrics.com/k/kekra.html
Kele,https://www.azlyrics.com/k/kele.html
Kelela,https://www.azlyrics.com/k/kelela.html
Kelis,https://www.azlyrics.com/k/kelis.html
"Keli, Tynisha",https://www.azlyrics.com/t/tynishakeli.html
Kelleigh Bannen,https://www.azlyrics.com/k/kelleighbannen.html
"Kelley, Charles",https://www.azlyrics.com/c/charleskelley.html
"Kelley, Josh",https://www.azlyrics.com/j/joshkelley.html
Kellie Pickler,https://www.azlyrics.com/k/kelliepickler.html
"Kelly, Bridget",https://www.azlyrics.com/b/bridgetkelly.html
Kelly Clarkson,https://www.azlyrics.com/c/clarkson.html
"Kelly Family, The",https://www.azlyrics.com/k/kellyfamily.html
Kelly Khumalo,https://www.azlyrics.com/k/kellykhumalo.html
"Kelly, Michael Patrick",https://www.azlyrics.com/m/michaelpatrickkelly.html
Kelly Osbourne,https://www.azlyrics.com/o/osbournek.html
"Kelly, Paul",https://www.azlyrics.com/p/paulkelly.html
Kelly Price,https://www.azlyrics.com/p/price.html
Kelly Rowland,https://www.azlyrics.com/r/rowland.html
"Kelly, Ruston",https://www.azlyrics.com/r/rustonkelly.html
"Kelly, Tori",https://www.azlyrics.com/t/torikelly.html
Kelsea Ballerini,https://www.azlyrics.com/k/kelseaballerini.html
Kelsy Karter,https://www.azlyrics.com/k/kelsykarter.html
Kelvin Jones,https://www.azlyrics.com/k/kelvinjones.html
Kelvyn Colt,https://www.azlyrics.com/k/kelvyncolt.html
Kem,https://www.azlyrics.com/k/kem.html
Kenan Doğulu,https://www.azlyrics.com/k/kenandogulu.html
Ken Ashcorp,https://www.azlyrics.com/k/kenashcorp.html
Kendall K,https://www.azlyrics.com/k/kendallk.html
Kendji Girac,https://www.azlyrics.com/k/kendjigirac.html
Kendra Morris,https://www.azlyrics.com/k/kendramorris.html
"Kendrick, Anna",https://www.azlyrics.com/a/annakendrick.html
Kendrick Lamar,https://www.azlyrics.com/k/kendricklamar.html
"Kendricks, Eddie",https://www.azlyrics.com/e/eddiekendricks.html
Kenia OS,https://www.azlyrics.com/k/keniaos.html
Kenndog,https://www.azlyrics.com/k/kenndog.html
kennedi,https://www.azlyrics.com/k/kennedi.html
"Kennedy, Dermot",https://www.azlyrics.com/d/dermotkennedy.html
"Kennedy, Dom",https://www.azlyrics.com/d/domkennedy.html
"Kennedy, Myles",https://www.azlyrics.com/m/myleskennedy.html
"Kennon, Matt",https://www.azlyrics.com/m/mattkennon.html
Kenny B,https://www.azlyrics.com/k/kennyb.html
Kenny Chesney,https://www.azlyrics.com/c/chesney.html
Kenny G,https://www.azlyrics.com/k/kennyg.html
Kenny Holland,https://www.azlyrics.com/k/kennyholland.html
KennyHoopla,https://www.azlyrics.com/k/kennyhoopla.html
Kenny Lattimore,https://www.azlyrics.com/k/kennylattimore.html
Kenny Loggins,https://www.azlyrics.com/k/kennyloggins.html
Kenny Rogers,https://www.azlyrics.com/k/kennyrogers.html
Kenny Wayne Shepherd,https://www.azlyrics.com/k/kennywayneshepherd.html
Kenshi Yonezu,https://www.azlyrics.com/k/kenshiyonezu.html
Kensington,https://www.azlyrics.com/k/kensington.html
Kent Charcos,https://www.azlyrics.com/k/kentcharcos.html
Kent Jones,https://www.azlyrics.com/k/kentjones.html
"Kentucky Headhunters, The",https://www.azlyrics.com/k/kentuckyheadhunters.html
Keny Arkana,https://www.azlyrics.com/k/kenyarkana.html
"Kerekes, Mat",https://www.azlyrics.com/m/matkerekes.html
Keri Hilson,https://www.azlyrics.com/k/kerihilson.html
Kerli,https://www.azlyrics.com/k/kerli.html
"Kernaghan, Lee",https://www.azlyrics.com/l/leekernaghan.html
Kero Kero Bonito,https://www.azlyrics.com/k/kerokerobonito.html
"Kerr, Hannah",https://www.azlyrics.com/h/hannahkerr.html
Kerser,https://www.azlyrics.com/k/kerser.html
"Kershaw, Lily",https://www.azlyrics.com/l/lilykershaw.html
"Kershaw, Nik",https://www.azlyrics.com/n/nikkershaw.html
"Kershaw, Sammy",https://www.azlyrics.com/s/sammykershaw.html
Kery James,https://www.azlyrics.com/k/keryjames.html
Kesha,https://www.azlyrics.com/k/keha.html
keshi,https://www.azlyrics.com/k/keshi.html
Keshia Chante,https://www.azlyrics.com/c/chante.html
KESI,https://www.azlyrics.com/k/kesi.html
"Kestner, Molly Kate",https://www.azlyrics.com/m/mollykatekestner.html
Ketama126,https://www.azlyrics.com/k/ketama126.html
"Ketchum, Hal",https://www.azlyrics.com/h/halketchum.html
"Ketterer, Michael",https://www.azlyrics.com/m/michaelketterer.html
Kevin,https://www.azlyrics.com/k/kevin.html
Kevin Abstract,https://www.azlyrics.com/k/kevinabstract.html
Kevin Daniel,https://www.azlyrics.com/k/kevindaniel.html
Kevin Federline,https://www.azlyrics.com/k/kevinfederline.html
Kevin Flum,https://www.azlyrics.com/k/kevinflum.html
Kevin Fowler,https://www.azlyrics.com/k/kevinfowler.html
Kevin Garrett,https://www.azlyrics.com/k/kevingarrett.html
Kevin Gates,https://www.azlyrics.com/k/kevingates.html
Kevin Hart,https://www.azlyrics.com/k/kevinhart.html
Kevin Lyttle,https://www.azlyrics.com/l/lyttle.html
Kevin McCall,https://www.azlyrics.com/k/kevinmccall.html
Kevin McHale,https://www.azlyrics.com/k/kevinmchale.html
Kevin Morby,https://www.azlyrics.com/k/kevinmorby.html
Kevin Roldán,https://www.azlyrics.com/k/kevinroldan.html
Kevin Ross,https://www.azlyrics.com/k/kevinross.html
Kevin Rudolf,https://www.azlyrics.com/k/kevinrudolf.html
KEVVO,https://www.azlyrics.com/k/kevvo.html
Key,https://www.azlyrics.com/k/key.html
Key Glock,https://www.azlyrics.com/k/keyglock.html
Key Largo,https://www.azlyrics.com/k/keylargo.html
"Keys, Alicia",https://www.azlyrics.com/a/aliciakeys.html
Keyshia Cole,https://www.azlyrics.com/k/keyshiacole.html
Kezah,https://www.azlyrics.com/k/kezah.html
Kezzo,https://www.azlyrics.com/k/kezzo.html
K.Flay,https://www.azlyrics.com/k/kflay.html
K. Forest,https://www.azlyrics.com/k/kforest.html
KG Smokey,https://www.azlyrics.com/k/kgsmokey.html
Khai Dreams,https://www.azlyrics.com/k/khaidreams.html
Khalid,https://www.azlyrics.com/k/khalid.html
Khalil,https://www.azlyrics.com/k/khalil.html
"Khan, Chaka",https://www.azlyrics.com/c/chakakhan.html
"Khan, Imran",https://www.azlyrics.com/i/imrankhan.html
"Kharisma, Nella",https://www.azlyrics.com/n/nellakharisma.html
Khary,https://www.azlyrics.com/k/khary.html
KHEA,https://www.azlyrics.com/k/khea.html
Khia,https://www.azlyrics.com/k/khia.html
Khontkar,https://www.azlyrics.com/k/khontkar.html
Khruangbin,https://www.azlyrics.com/k/khruangbin.html
KIAN,https://www.azlyrics.com/k/kian.html
Kiana Lede,https://www.azlyrics.com/k/kianalede.html
Kiana Valenciano,https://www.azlyrics.com/k/kianavalenciano.html
Kianush,https://www.azlyrics.com/k/kianush.html
Kida Kudz,https://www.azlyrics.com/k/kidakudz.html
Kid Bloom,https://www.azlyrics.com/k/kidbloom.html
Kid Buu,https://www.azlyrics.com/k/kidbuu.html
Kid Cudi,https://www.azlyrics.com/k/kidcudi.html
Kidda,https://www.azlyrics.com/k/kidda.html
Kidd G,https://www.azlyrics.com/k/kiddg.html
Kidd Keo,https://www.azlyrics.com/k/kiddkeo.html
Kid Ink,https://www.azlyrics.com/k/kidink.html
"Kid LAROI, The",https://www.azlyrics.com/k/kidlaroi.html
Kidneythieves,https://www.azlyrics.com/k/kidneythieves.html
Kid Quill,https://www.azlyrics.com/k/kidquill.html
Kid Rock,https://www.azlyrics.com/k/kidrock.html
Kids In Glass Houses,https://www.azlyrics.com/k/kidsinglasshouses.html
KIDS SEE GHOSTS,https://www.azlyrics.com/k/kidsseeghosts.html
Kids United,https://www.azlyrics.com/k/kidsunited.html
Kid Trunks,https://www.azlyrics.com/k/kidtrunks.html
Kid Vicious,https://www.azlyrics.com/k/kidvicious.html
Kierra Sheard,https://www.azlyrics.com/k/kierrasheard.html
Kiesza,https://www.azlyrics.com/k/kiesza.html
Kiev,https://www.azlyrics.com/k/kiev.html
Kiiara,https://www.azlyrics.com/k/kiiara.html
KIKESA,https://www.azlyrics.com/k/kikesa.html
Kiley Dean,https://www.azlyrics.com/k/kileydean.html
Killa Hakan,https://www.azlyrics.com/k/killahakan.html
Killer Be Killed,https://www.azlyrics.com/k/killerbekilled.html
Killer Mike,https://www.azlyrics.com/k/killermike.html
"Killers, The",https://www.azlyrics.com/k/killers.html
Kill Hannah,https://www.azlyrics.com/k/killhannah.html
Killing Heidi,https://www.azlyrics.com/k/killingheidi.html
Killing Joke,https://www.azlyrics.com/k/killingjoke.html
"Kills, Natalia",https://www.azlyrics.com/n/nataliakills.html
Killstation,https://www.azlyrics.com/k/killstation.html
"Kills, The",https://www.azlyrics.com/k/kills.html
Killswitch Engage,https://www.azlyrics.com/k/killswitchengage.html
Kill The Lights,https://www.azlyrics.com/k/killthelights.html
Kill The Noise,https://www.azlyrics.com/k/killthenoise.html
Killumantii,https://www.azlyrics.com/k/killumantii.html
KILLY,https://www.azlyrics.com/k/killy.html
"Kim, Andy",https://www.azlyrics.com/a/andykim.html
"Kimball, Cheyenne",https://www.azlyrics.com/c/cheyennekimball.html
Kimberley Locke,https://www.azlyrics.com/l/locke.html
Kimberly Caldwell,https://www.azlyrics.com/k/kimberlycaldwell.html
Kimberly Cole,https://www.azlyrics.com/k/kimberlycole.html
Kimbra,https://www.azlyrics.com/k/kimbra.html
Kim Bu Reyhan,https://www.azlyrics.com/k/kimbureyhan.html
Kim Burrell,https://www.azlyrics.com/k/kimburrell.html
Kim Carnes,https://www.azlyrics.com/k/kimcarnes.html
Kim Cesarion,https://www.azlyrics.com/k/kimcesarion.html
Kim Chiu,https://www.azlyrics.com/k/kimchiu.html
Kim Jae-Hwan,https://www.azlyrics.com/k/kimjaehwan.html
Kim Kardashian,https://www.azlyrics.com/k/kimkardashian.html
Kim Loaiza,https://www.azlyrics.com/k/kimloaiza.html
Kim Mitchell,https://www.azlyrics.com/k/kimmitchell.html
Kim Nam Joo,https://www.azlyrics.com/k/kimnamjoo.html
Kim Na Young,https://www.azlyrics.com/k/kimnayoung.html
"Kim, Paul",https://www.azlyrics.com/p/paulkim.html
Kim Petras,https://www.azlyrics.com/k/kimpetras.html
"Kim, Roy",https://www.azlyrics.com/r/roykim.html
"Kim, Sam",https://www.azlyrics.com/s/samkim.html
Kim Walker-Smith,https://www.azlyrics.com/k/kimwalkersmith.html
Kim Wilde,https://www.azlyrics.com/k/kimwilde.html
Kimya Dawson,https://www.azlyrics.com/k/kimyadawson.html
Kim Yo Han,https://www.azlyrics.com/k/kimyohan.html
Kina,https://www.azlyrics.com/k/kina.html
Kina Grannis,https://www.azlyrics.com/k/kinagrannis.html
Kinder Malo,https://www.azlyrics.com/k/kindermalo.html
"Kinder, Ryan",https://www.azlyrics.com/r/ryankinder.html
King 810,https://www.azlyrics.com/k/king810.html
"King, Albert",https://www.azlyrics.com/a/albertking.html
"King, Ben E.",https://www.azlyrics.com/b/beneking.html
"King, Carole",https://www.azlyrics.com/c/caroleking.html
King Charles,https://www.azlyrics.com/k/kingcharles.html
King Combs,https://www.azlyrics.com/k/kingcombs.html
King Crimson,https://www.azlyrics.com/k/kingcrimson.html
King Critical,https://www.azlyrics.com/k/kingcritical.html
"King, Derek",https://www.azlyrics.com/d/derekking.html
King Diamond,https://www.azlyrics.com/k/kingdiamond.html
"King, Diana",https://www.azlyrics.com/d/dianaking.html
Kingdom Come,https://www.azlyrics.com/k/kingdomcome.html
Kingdom Of Giants,https://www.azlyrics.com/k/kingdomofgiants.html
"King, Elle",https://www.azlyrics.com/e/elleking.html
"King, Emily",https://www.azlyrics.com/e/emilyking.html
"King, Freddie",https://www.azlyrics.com/f/freddieking.html
King Gizzard & The Lizard Wizard,https://www.azlyrics.com/k/kinggizzardthelizardwizard.html
King Harvest,https://www.azlyrics.com/k/kingharvest.html
King Henry,https://www.azlyrics.com/k/kinghenry.html
"King, John",https://www.azlyrics.com/j/johnking.html
King Krule,https://www.azlyrics.com/k/kingkrule.html
King Lil G,https://www.azlyrics.com/k/kinglilg.html
King Los,https://www.azlyrics.com/k/king-los.html
King Louie,https://www.azlyrics.com/k/kinglouie.html
KINGMOSTWANTED,https://www.azlyrics.com/k/kingmostwanted.html
King Princess,https://www.azlyrics.com/k/kingprincess.html
King Promise,https://www.azlyrics.com/k/kingpromise.html
"King, Rygin",https://www.azlyrics.com/r/ryginking.html
Kings Kaleidoscope,https://www.azlyrics.com/k/kingskaleidoscope.html
"Kingsmen, The",https://www.azlyrics.com/k/kingsmen.html
Kings Of Convenience,https://www.azlyrics.com/k/kingsofconvenience.html
Kings Of Leon,https://www.azlyrics.com/k/kingsofleon.html
Kingspade,https://www.azlyrics.com/k/kingspade.html
King Staccz,https://www.azlyrics.com/k/kingstaccz.html
"Kingston, Sean",https://www.azlyrics.com/s/seankingston.html
"Kingston Trio, The",https://www.azlyrics.com/k/kingstontrio.html
King's X,https://www.azlyrics.com/k/kingsx.html
King The Kid,https://www.azlyrics.com/k/kingthekid.html
King Von,https://www.azlyrics.com/k/kingvon.html
"Kinks, The",https://www.azlyrics.com/k/kinks.html
Kinneret,https://www.azlyrics.com/k/kinneret.html
"Kinney, Emily",https://www.azlyrics.com/e/emilykinney.html
Kip Moore,https://www.azlyrics.com/k/kipmoore.html
Kira Isabella,https://www.azlyrics.com/k/kiraisabella.html
Kira Kosarin,https://www.azlyrics.com/k/kirakosarin.html
KIRBY,https://www.azlyrics.com/k/kirby.html
Kirk Franklin,https://www.azlyrics.com/f/franklin.html
Kirko Bangz,https://www.azlyrics.com/k/kirkobangz.html
Kirstin,https://www.azlyrics.com/k/kirstin.html
Kirsty MacColl,https://www.azlyrics.com/k/kirstymaccoll.html
Kishi Bashi,https://www.azlyrics.com/k/kishibashi.html
Kishore Kumar,https://www.azlyrics.com/k/kishorekumar.html
"Kiske, Michael",https://www.azlyrics.com/m/michaelkiske.html
kiskisnotdead (кис-кис),https://www.azlyrics.com/k/kiskisnotdead.html
Kiss,https://www.azlyrics.com/k/kiss.html
Kiss Daniel,https://www.azlyrics.com/k/kissdaniel.html
"Kissel, Brett",https://www.azlyrics.com/b/brettkissel.html
Kisses Delavin,https://www.azlyrics.com/k/kissesdelavin.html
Kissin' Dynamite,https://www.azlyrics.com/k/kissindynamite.html
Kitchie Nadal,https://www.azlyrics.com/k/kitchienadal.html
"Kite String Tangle, The",https://www.azlyrics.com/k/kitestringtangle.html
Kithara,https://www.azlyrics.com/k/kithara.html
"Kitic, Elena",https://www.azlyrics.com/e/elenakitic.html
KitschKrieg,https://www.azlyrics.com/k/kitschkrieg.html
Kitten,https://www.azlyrics.com/k/kitten.html
Kittie,https://www.azlyrics.com/k/kittie.html
"Kiwanuka, Michael",https://www.azlyrics.com/m/michael-kiwanuka.html
Kix,https://www.azlyrics.com/k/kix.html
Kiya Juliet,https://www.azlyrics.com/k/kiyajuliet.html
Kiyo,https://www.azlyrics.com/k/kiyo.html
"Kiyoko, Hayley",https://www.azlyrics.com/h/hayleykiyoko.html
K.I.Z,https://www.azlyrics.com/k/kiz.html
Kizaru,https://www.azlyrics.com/k/kizaru.html
Kizo,https://www.azlyrics.com/k/kizo.html
KJ-52,https://www.azlyrics.com/k/kj52.html
K'Jon,https://www.azlyrics.com/k/kjon.html
K Koke,https://www.azlyrics.com/k/kkoke.html
K'LA,https://www.azlyrics.com/k/kla.html
"Kläfford, Chris",https://www.azlyrics.com/c/chrisklfford.html
"Klang, Donnie",https://www.azlyrics.com/d/donnieklang.html
Klangkarussell,https://www.azlyrics.com/k/klangkarussell.html
Klava Koka (Клава Кока),https://www.azlyrics.com/k/klavakoka.html
Klaxons,https://www.azlyrics.com/k/klaxons.html
Klergy,https://www.azlyrics.com/k/klergy.html
"Kley, Vitor",https://www.azlyrics.com/v/vitorkley.html
"Kliemann, Fynn",https://www.azlyrics.com/f/fynnkliemann.html
Klinac,https://www.azlyrics.com/k/klinac.html
Klingande,https://www.azlyrics.com/k/klingande.html
Kllo,https://www.azlyrics.com/k/kllo.html
KLOUD,https://www.azlyrics.com/k/kloud.html
Klymaxx,https://www.azlyrics.com/k/klymaxx.html
KMFDM,https://www.azlyrics.com/k/kmfdm.html
K. Michelle,https://www.azlyrics.com/k/kmichelle.html
K'Naan,https://www.azlyrics.com/k/knaan.html
"Knack, The",https://www.azlyrics.com/k/knack.html
Knife Party,https://www.azlyrics.com/k/knifeparty.html
"Knife, The",https://www.azlyrics.com/k/knife.html
"Knight, Beverley",https://www.azlyrics.com/b/beverley.html
"Knight, Chris",https://www.azlyrics.com/c/chrisknight.html
"Knight, Gladys",https://www.azlyrics.com/g/gladysknight.html
"Knight, Jordan",https://www.azlyrics.com/k/knight.html
"Knight, Sterling",https://www.azlyrics.com/s/sterlingknight.html
"Knight, Zack",https://www.azlyrics.com/z/zackknight.html
KNK,https://www.azlyrics.com/k/knk.html
Knocked Loose,https://www.azlyrics.com/k/knockedloose.html
"Knocks, The",https://www.azlyrics.com/k/knocks.html
Knoc-Turn'al,https://www.azlyrics.com/k/knocturnal.html
"Knopfler, Mark",https://www.azlyrics.com/m/markknopfler.html
Knossi,https://www.azlyrics.com/k/knossi.html
"Knowles, Solange",https://www.azlyrics.com/k/knowless.html
"Knowles, Zachary",https://www.azlyrics.com/z/zacharyknowles.html
Knuckle Puck,https://www.azlyrics.com/k/knucklepuck.html
Koba LaD,https://www.azlyrics.com/k/kobalad.html
Kobi Marimi,https://www.azlyrics.com/k/kobimarimi.html
Kobra And The Lotus,https://www.azlyrics.com/k/kobraandthelotus.html
"Koç, Oğuzhan",https://www.azlyrics.com/o/ouzhanko.html
Kodak Black,https://www.azlyrics.com/k/kodakblack.html
Kodaline,https://www.azlyrics.com/k/kodaline.html
Kodes,https://www.azlyrics.com/k/kodes.html
Kodie Shane,https://www.azlyrics.com/k/kodieshane.html
Kody West,https://www.azlyrics.com/k/kodywest.html
Koe Wetzel,https://www.azlyrics.com/k/koewetzel.html
Koffee,https://www.azlyrics.com/k/koffee.html
Koffee Brown,https://www.azlyrics.com/k/koffeebrown.html
Kofs,https://www.azlyrics.com/k/kofs.html
"Kohanski, Chloe",https://www.azlyrics.com/c/chloekohanski.html
Kojo Funds,https://www.azlyrics.com/k/kojofunds.html
KÖK$VL,https://www.azlyrics.com/k/koksvl.html
Kolby Cooper,https://www.azlyrics.com/k/kolbycooper.html
Kollegah,https://www.azlyrics.com/k/kollegah.html
Kolohe Kai,https://www.azlyrics.com/k/kolohekai.html
"Koma, Matthew",https://www.azlyrics.com/m/matthewkoma.html
Konai,https://www.azlyrics.com/k/konai.html
Kongos,https://www.azlyrics.com/k/kongos.html
Konoba,https://www.azlyrics.com/k/konoba.html
Konshens,https://www.azlyrics.com/k/konshens.html
Kontrafakt,https://www.azlyrics.com/k/kontrafakt.html
Kontra K,https://www.azlyrics.com/k/kontrak.html
"Kooks, The",https://www.azlyrics.com/k/kooks.html
Kool Moe Dee,https://www.azlyrics.com/k/koolmoedee.html
Kool Savas,https://www.azlyrics.com/k/koolsavas.html
Kool & The Gang,https://www.azlyrics.com/k/koolthegang.html
Korn,https://www.azlyrics.com/k/korn.html
Korpiklaani,https://www.azlyrics.com/k/korpiklaani.html
Koryn Hawthorne,https://www.azlyrics.com/k/korynhawthorne.html
k-os,https://www.azlyrics.com/k/kos.html
Kota Banks,https://www.azlyrics.com/k/kotabanks.html
KOTA The Friend,https://www.azlyrics.com/k/kotathefriend.html
Kottonmouth Kings,https://www.azlyrics.com/k/kottonmouth.html
"Kotzen, Richie",https://www.azlyrics.com/r/richiekotzen.html
Kovacs,https://www.azlyrics.com/k/kovacs.html
Koven,https://www.azlyrics.com/k/koven.html
Kovic,https://www.azlyrics.com/k/kovic.html
KPoint,https://www.azlyrics.com/k/kpoint.html
Kraantje Pappie,https://www.azlyrics.com/k/kraantjepappie.html
Kraftwerk,https://www.azlyrics.com/k/kraftwerk.html
"Krall, Diana",https://www.azlyrics.com/k/krall.html
"Kramer, Jana",https://www.azlyrics.com/j/janakramer.html
Kranium,https://www.azlyrics.com/k/kranium.html
"Krauss, Alison",https://www.azlyrics.com/k/krauss.html
"Kravitz, Lenny",https://www.azlyrics.com/l/lennykravitz.html
Krayzie Bone,https://www.azlyrics.com/k/krayziebone.html
KREAM,https://www.azlyrics.com/k/kream.html
Kreator,https://www.azlyrics.com/k/kreator.html
Kreayshawn,https://www.azlyrics.com/k/kreayshawn.html
"Krecioch, Jackson",https://www.azlyrics.com/j/jacksonkrecioch.html
Kree Harrison,https://www.azlyrics.com/k/kreeharrison.html
Kreepa,https://www.azlyrics.com/k/kreepa.html
Kreesha Turner,https://www.azlyrics.com/k/kreeshaturner.html
Krept & Konan,https://www.azlyrics.com/k/kreptkonan.html
"Kreviazuk, Chantal",https://www.azlyrics.com/k/kreviazuk.html
Krewella,https://www.azlyrics.com/k/krewella.html
Krezip,https://www.azlyrics.com/k/krezip.html
Kris Allen,https://www.azlyrics.com/k/krisallen.html
Kris Delano,https://www.azlyrics.com/k/krisdelano.html
Krishane,https://www.azlyrics.com/k/krishane.html
Kris Kristofferson,https://www.azlyrics.com/k/kriskristofferson.html
Kris Kross,https://www.azlyrics.com/k/kriskross.html
Kris Kross Amsterdam,https://www.azlyrics.com/k/kriskrossamsterdam.html
Krissy & Ericka,https://www.azlyrics.com/k/krissyericka.html
Kristen Bell,https://www.azlyrics.com/k/kristenbell.html
Kristene DiMarco,https://www.azlyrics.com/k/kristenedimarco.html
Kristen Kelly,https://www.azlyrics.com/k/kristenkelly.html
Kristian Bush,https://www.azlyrics.com/k/kristianbush.html
Kristian Kostov,https://www.azlyrics.com/k/kristiankostov.html
Kristian Leontiou,https://www.azlyrics.com/l/leontiou.html
"Kristiansen, Alice",https://www.azlyrics.com/a/alicekristiansen.html
Kristian Stanfill,https://www.azlyrics.com/k/kristianstanfill.html
Kristina Maria,https://www.azlyrics.com/k/kristinamaria.html
Kristin Chenoweth,https://www.azlyrics.com/k/kristinchenoweth.html
Kristinia DeBarge,https://www.azlyrics.com/k/kristiniadebarge.html
Kris Wu,https://www.azlyrics.com/k/kriswu.html
Krisy,https://www.azlyrics.com/k/krisy.html
Krizz Kaliko,https://www.azlyrics.com/k/krizzkaliko.html
"Kroeger, Chad",https://www.azlyrics.com/k/kroeger.html
Krokus,https://www.azlyrics.com/k/krokus.html
Krovostok (Кровосток),https://www.azlyrics.com/k/krovostok.html
KRS-One,https://www.azlyrics.com/k/krsone.html
"Krull, Cecilia",https://www.azlyrics.com/c/ceciliakrull.html
"Krunegård, Markus",https://www.azlyrics.com/m/markuskrunegard.html
KryFuZe,https://www.azlyrics.com/k/kryfuze.html
KRYPTO9095,https://www.azlyrics.com/k/krypto9095.html
Krystal Harris,https://www.azlyrics.com/h/harris.html
Krystal Keith,https://www.azlyrics.com/k/krystalkeith.html
Krystal Meyers,https://www.azlyrics.com/k/krystalmeyers.html
K's Choice,https://www.azlyrics.com/k/kschoice.html
KSHMR,https://www.azlyrics.com/k/kshmr.html
Książę Kapota,https://www.azlyrics.com/k/ksiazekapota.html
KSI,https://www.azlyrics.com/k/ksi.html
KSM,https://www.azlyrics.com/k/ksm.html
Kstylis,https://www.azlyrics.com/k/kstylis.html
K.T. Oslin,https://www.azlyrics.com/k/ktoslin.html
K-Trap,https://www.azlyrics.com/k/ktrap.html
KT Tunstall,https://www.azlyrics.com/k/kttunstall.html
Kuami Eugene,https://www.azlyrics.com/k/kuamieugene.html
Kuba Oms,https://www.azlyrics.com/k/kubaoms.html
Kübilay Aka,https://www.azlyrics.com/k/kubilayaka.html
Kubi Producent,https://www.azlyrics.com/k/kubiproducent.html
Kublai Khan,https://www.azlyrics.com/k/kublaikhan.html
"Ku, Georgia",https://www.azlyrics.com/g/georgiaku.html
"Kuhn, Judy",https://www.azlyrics.com/j/judykuhn.html
Kula Shaker,https://www.azlyrics.com/k/kulashaker.html
"Kuli, Peter",https://www.azlyrics.com/p/peterkuli.html
Kumbia Kings,https://www.azlyrics.com/k/kumbiakings.html
Kungs,https://www.azlyrics.com/k/kungs.html
Kunto Aji,https://www.azlyrics.com/k/kuntoaji.html
k$upreme,https://www.azlyrics.com/k/kupreme.html
Kur,https://www.azlyrics.com/k/kur.html
Kurdo,https://www.azlyrics.com/k/kurdo.html
"Kuria, Christian",https://www.azlyrics.com/c/christiankuria.html
Kurt Carr,https://www.azlyrics.com/k/kurtcarr.html
Kurtis Blow,https://www.azlyrics.com/k/kurtisblow.html
Kurt Vile,https://www.azlyrics.com/k/kurtvile.html
Kurupt,https://www.azlyrics.com/k/kurupt.html
Kush Kush,https://www.azlyrics.com/k/kushkush.html
Kut Klose,https://www.azlyrics.com/k/kutklose.html
Kutless,https://www.azlyrics.com/k/kutless.html
Kut U Up,https://www.azlyrics.com/k/kutuup.html
Kuya Bryan,https://www.azlyrics.com/k/kuyabryan.html
Kvelertak,https://www.azlyrics.com/k/kvelertak.html
Kwabs,https://www.azlyrics.com/k/kwabs.html
Kwamie Liv,https://www.azlyrics.com/k/kwamieliv.html
KWAYE,https://www.azlyrics.com/k/kwaye.html
Kweku Collins,https://www.azlyrics.com/k/kwekucollins.html
"Kweli, Talib",https://www.azlyrics.com/k/kweli.html
"Kweller, Ben",https://www.azlyrics.com/k/kweller.html
Kwesi Arthur,https://www.azlyrics.com/k/kwesiarthur.html
Kwesta,https://www.azlyrics.com/k/kwesta.html
Kygo,https://www.azlyrics.com/k/kygo.html
Kyla,https://www.azlyrics.com/k/kyla.html
Kyla La Grange,https://www.azlyrics.com/k/kylalagrange.html
KYLE,https://www.azlyrics.com/k/kyle.html
Kyle Dion,https://www.azlyrics.com/k/kyledion.html
Kyle Echarri,https://www.azlyrics.com/k/kyleecharri.html
Kyle Exum,https://www.azlyrics.com/k/kyleexum.html
Kyle Juliano,https://www.azlyrics.com/k/kylejuliano.html
Kyle Park,https://www.azlyrics.com/k/kylepark.html
Kyle Patrick,https://www.azlyrics.com/k/kylepatrick.html
Kylesa,https://www.azlyrics.com/k/kylesa.html
Kyle Zagado,https://www.azlyrics.com/k/kylezagado.html
Kylie Minogue,https://www.azlyrics.com/m/minogue.html
Ky-Mani Marley,https://www.azlyrics.com/k/kymanimarley.html
Kym Marsh,https://www.azlyrics.com/m/marsh.html
Kyndall,https://www.azlyrics.com/k/kyndall.html
Kyo,https://www.azlyrics.com/k/kyo.html
Kyprios,https://www.azlyrics.com/k/kyprios.html
Kyrie Irving,https://www.azlyrics.com/k/kyrieirving.html
Kyuhyun,https://www.azlyrics.com/k/kyuhyun.html
Kyu Sakamoto,https://www.azlyrics.com/k/kyusakamoto.html
Kyuss,https://www.azlyrics.com/k/kyuss.html
KZ Tandingan,https://www.azlyrics.com/k/kztandingan.html
