H1GHR MUSIC,https://www.azlyrics.com/h/h1ghrmusic.html
Ha-Ash,https://www.azlyrics.com/h/haash.html
"Hackett, Emily",https://www.azlyrics.com/e/emilyhackett.html
"Hackett, Steve",https://www.azlyrics.com/s/stevehackett.html
Haddaway,https://www.azlyrics.com/h/haddaway.html
"Haddon, Deitrick",https://www.azlyrics.com/d/deitrickhaddon.html
Hadestown Cast,https://www.azlyrics.com/h/hadestowncast.html
Hadise,https://www.azlyrics.com/h/hadise.html
Hadouken!,https://www.azlyrics.com/h/hadouken.html
"Haenow, Ben",https://www.azlyrics.com/b/benhaenow.html
Haerts,https://www.azlyrics.com/h/haerts.html
Haftbefehl,https://www.azlyrics.com/h/haftbefehl.html
"Hagar, Sammy",https://www.azlyrics.com/s/sammyhagar.html
"Haggard, Merle",https://www.azlyrics.com/m/merlehaggard.html
Hailee Steinfeld,https://www.azlyrics.com/h/haileesteinfeld.html
Hail The Sun,https://www.azlyrics.com/h/hailthesun.html
HAIM,https://www.azlyrics.com/h/haim.html
Haircut 100,https://www.azlyrics.com/h/haircut100.html
Haiti Babii,https://www.azlyrics.com/h/haitibabii.html
Hajin,https://www.azlyrics.com/h/hajin.html
Håkan Hellström,https://www.azlyrics.com/h/hkanhellstrm.html
Haken,https://www.azlyrics.com/h/haken.html
"Hakim, Nick",https://www.azlyrics.com/n/nickhakim.html
Hale,https://www.azlyrics.com/h/hale.html
"Haleco, Migz",https://www.azlyrics.com/m/migzhaleco.html
"Hale, Lucy",https://www.azlyrics.com/l/lucyhale.html
Halestorm,https://www.azlyrics.com/h/halestorm.html
"Haley, Gavin",https://www.azlyrics.com/g/gavinhaley.html
Haley Heynderickx,https://www.azlyrics.com/h/haleyheynderickx.html
Haley Reinhart,https://www.azlyrics.com/h/haleyreinhart.html
Haley Smalls,https://www.azlyrics.com/h/haleysmalls.html
half•alive,https://www.azlyrics.com/h/halfalive.html
Half-A-Mil,https://www.azlyrics.com/h/halfamil.html
Half Moon Run,https://www.azlyrics.com/h/halfmoonrun.html
HalfNoise,https://www.azlyrics.com/h/halfnoise.html
"Halford, Rob",https://www.azlyrics.com/r/robhalford.html
Halifax,https://www.azlyrics.com/h/halifax.html
Hal Ketchum,https://www.azlyrics.com/h/halketchum.html
"Hall, Aaron",https://www.azlyrics.com/a/aaronhall.html
"Hall, Daryl",https://www.azlyrics.com/d/darylhall.html
"Halliwell, Geri",https://www.azlyrics.com/h/halliwell.html
Hall & Oates,https://www.azlyrics.com/h/halloates.html
"Hall, Todrick",https://www.azlyrics.com/t/todrickhall.html
"Hall, Tom T.",https://www.azlyrics.com/t/tomthall.html
"Hall, Trevor",https://www.azlyrics.com/t/trevorhall.html
"Hallyday, Johnny",https://www.azlyrics.com/j/johnnyhallyday.html
Halsey,https://www.azlyrics.com/h/halsey.html
"Hamasaki, Ayumi",https://www.azlyrics.com/a/ayumihamasaki.html
"Hamilton, Anthony",https://www.azlyrics.com/h/hamilton.html
"Hamilton, Joe Frank & Reynolds",https://www.azlyrics.com/h/hamiltonjoefrankreynolds.html
Hamilton Leithauser,https://www.azlyrics.com/h/hamiltonleithauser.html
Hamilton Park,https://www.azlyrics.com/h/hamiltonpark.html
"Hammack, Caylee",https://www.azlyrics.com/c/cayleehammack.html
HammAli & Navai,https://www.azlyrics.com/h/hammalinavai.html
Hammerfall,https://www.azlyrics.com/h/hammerfall.html
"Hammitt, Matt",https://www.azlyrics.com/m/matthammitt.html
"Hammond, Albert",https://www.azlyrics.com/a/alberthammond.html
"Hammond, Beres",https://www.azlyrics.com/b/bereshammond.html
"Hammond, Fred",https://www.azlyrics.com/f/fredhammond.html
"Hammond, Jr., Albert",https://www.azlyrics.com/a/alberthammondjr.html
"Hamptons, The",https://www.azlyrics.com/h/hamptons.html
Hamza,https://www.azlyrics.com/h/hamza.html
Hande Ünsal,https://www.azlyrics.com/h/handensal.html
Hands Like Houses,https://www.azlyrics.com/h/handslikehouses.html
Handsome Devil,https://www.azlyrics.com/h/handsome.html
"Handsome Family, The",https://www.azlyrics.com/h/handsomefamily.html
Handsome Ghost,https://www.azlyrics.com/h/handsomeghost.html
Hanggini,https://www.azlyrics.com/h/hanggini.html
Hanin Dhiya,https://www.azlyrics.com/h/hanindhiya.html
Hank Snow,https://www.azlyrics.com/h/hanksnow.html
Hank Williams,https://www.azlyrics.com/h/hankwilliams.html
Hank Williams III,https://www.azlyrics.com/h/hankwilliamsiii.html
Hank Williams Jr.,https://www.azlyrics.com/h/hankwilliamsjr.html
"Hanna, Gabbie",https://www.azlyrics.com/g/gabbiehanna.html
Hannah Ellis,https://www.azlyrics.com/h/hannahellis.html
Hannah Kerr,https://www.azlyrics.com/h/hannahkerr.html
Hannah Montana,https://www.azlyrics.com/h/hannahmontana.html
Hannah Precillas,https://www.azlyrics.com/h/hannahprecillas.html
"Hannigan, Lisa",https://www.azlyrics.com/l/lisahannigan.html
"Hänni, Luca",https://www.azlyrics.com/l/lucahnni.html
"Hansard, Glen",https://www.azlyrics.com/g/glenhansard.html
"Hansen, Mads",https://www.azlyrics.com/m/madshansen.html
Han Seung Woo,https://www.azlyrics.com/h/hanseungwoo.html
Hanson,https://www.azlyrics.com/h/hanson.html
"Hanson, Carlie",https://www.azlyrics.com/c/carliehanson.html
Hanybal,https://www.azlyrics.com/h/hanybal.html
"Hapi, Tyron",https://www.azlyrics.com/t/tyronhapi.html
"Happy Fits, The",https://www.azlyrics.com/h/happyfits.html
Harakiri For The Sky,https://www.azlyrics.com/h/harakiriforthesky.html
Harana,https://www.azlyrics.com/h/harana.html
Hardcore Superstar,https://www.azlyrics.com/h/hardcoresuperstar.html
Hard-Fi,https://www.azlyrics.com/h/hardfi.html
"Harding, Curtis",https://www.azlyrics.com/c/curtisharding.html
"Harding, Karen",https://www.azlyrics.com/k/karenharding.html
"Harding, Lee",https://www.azlyrics.com/l/leeharding.html
"Hardkiss, The",https://www.azlyrics.com/h/hardkiss.html
Hardline,https://www.azlyrics.com/h/hardline.html
Hardwell,https://www.azlyrics.com/h/hardwell.html
HARDY,https://www.azlyrics.com/h/hardy.html
Hardy Caprio,https://www.azlyrics.com/h/hardycaprio.html
Harem Scarem,https://www.azlyrics.com/h/haremscarem.html
Haristone,https://www.azlyrics.com/h/haristone.html
"Harket, Morten",https://www.azlyrics.com/m/mortenharket.html
Harlem Spartans,https://www.azlyrics.com/h/harlemspartans.html
Harlequin,https://www.azlyrics.com/h/harlequin.html
Harley Poe,https://www.azlyrics.com/h/harleypoe.html
"Harley, Steve",https://www.azlyrics.com/s/steveharley.html
"Harlow, Jack",https://www.azlyrics.com/j/jackharlow.html
Harmonize,https://www.azlyrics.com/h/harmonize.html
"Harmon, Trent",https://www.azlyrics.com/t/trentharmon.html
"Harnett, Sinead",https://www.azlyrics.com/s/sineadharnett.html
haroinfather,https://www.azlyrics.com/h/haroinfather.html
Harold Melvin & The Blue Notes,https://www.azlyrics.com/h/haroldmelvinthebluenotes.html
"Harper, Ben",https://www.azlyrics.com/h/harper.html
"Harper, Shane",https://www.azlyrics.com/s/shaneharper.html
"Harp, Jessica",https://www.azlyrics.com/j/jessicaharp.html
"Harris, Calvin",https://www.azlyrics.com/c/calvinharris.html
"Harris, Emmylou",https://www.azlyrics.com/e/emmylouharris.html
Harris J,https://www.azlyrics.com/h/harrisj.html
"Harris, Jawan",https://www.azlyrics.com/j/jawanharris.html
"Harris, Krystal",https://www.azlyrics.com/h/harris.html
Harrison Craig,https://www.azlyrics.com/h/harrisoncraig.html
"Harrison, George",https://www.azlyrics.com/g/georgeharrison.html
"Harrison, Kree",https://www.azlyrics.com/k/kreeharrison.html
Harrison Storm,https://www.azlyrics.com/h/harrisonstorm.html
"Harris, Tameka ""Tiny""",https://www.azlyrics.com/t/tamekatinyharris.html
Harry Belafonte,https://www.azlyrics.com/h/harrybelafonte.html
Harry Chapin,https://www.azlyrics.com/h/harrychapin.html
"Harry Connick, Jr.",https://www.azlyrics.com/c/connickjr.html
Harry Hudson,https://www.azlyrics.com/h/harryhudson.html
Harry Nach,https://www.azlyrics.com/h/harrynach.html
Harry Nilsson,https://www.azlyrics.com/h/harrynilsson.html
Harry Styles,https://www.azlyrics.com/h/harrystyles.html
"Hart, Beth",https://www.azlyrics.com/b/bethhart.html
"Hart, Corey",https://www.azlyrics.com/c/coreyhart.html
"Harters, The",https://www.azlyrics.com/h/harters.html
"Hart, Jonn",https://www.azlyrics.com/j/jonnhart.html
"Hart, Kevin",https://www.azlyrics.com/k/kevinhart.html
"Hartman, Dan",https://www.azlyrics.com/d/danhartman.html
"Hartman, Sara",https://www.azlyrics.com/s/sarahartman.html
"Harun, Aziz",https://www.azlyrics.com/a/azizharun.html
Harvey Danger,https://www.azlyrics.com/h/harveydanger.html
"Harvey, Mandy",https://www.azlyrics.com/m/mandyharvey.html
"Harvey, Samantha",https://www.azlyrics.com/s/samanthaharvey.html
Haschak Sisters,https://www.azlyrics.com/h/haschaksisters.html
Hashtags,https://www.azlyrics.com/h/hashtags.html
Hasibe,https://www.azlyrics.com/h/hasibe.html
Hasret Turunç,https://www.azlyrics.com/h/hasretturunc.html
"Hassani, Bilal",https://www.azlyrics.com/b/bilalhassani.html
"Hasselhoff, David",https://www.azlyrics.com/d/davidhasselhoff.html
"Hassle, Erik",https://www.azlyrics.com/e/erikhassle.html
Haste The Day,https://www.azlyrics.com/h/hastetheday.html
Ha Sung Woon,https://www.azlyrics.com/h/hasungwoon.html
Hatari,https://www.azlyrics.com/h/hatari.html
Hatchie,https://www.azlyrics.com/h/hatchie.html
Hatebreed,https://www.azlyrics.com/h/hatebreed.html
"Hathaway, Anne",https://www.azlyrics.com/a/annehathaway.html
"Hathaway, Donny",https://www.azlyrics.com/d/donnyhathaway.html
HATIK,https://www.azlyrics.com/h/hatik.html
"Hatters, The",https://www.azlyrics.com/h/hatters.html
"Haun, Lindsey",https://www.azlyrics.com/l/lindseyhaun.html
"Hause, Dave",https://www.azlyrics.com/d/davehause.html
Haux,https://www.azlyrics.com/h/haux.html
Hava,https://www.azlyrics.com/h/hava.html
Havana Brown,https://www.azlyrics.com/h/havanabrown.html
Have A Nice Life,https://www.azlyrics.com/h/haveanicelife.html
Have Heart,https://www.azlyrics.com/h/haveheart.html
Have Mercy,https://www.azlyrics.com/h/havemercy.html
"Havens, Richie",https://www.azlyrics.com/r/richiehavens.html
"Havnevik, Kate",https://www.azlyrics.com/k/katehavnevik.html
Havok,https://www.azlyrics.com/h/havok.html
"Hawkins, Sophie B.",https://www.azlyrics.com/s/sophiebhawkins.html
"Hawkins, Walter",https://www.azlyrics.com/w/walterhawkins.html
Hawk Nelson,https://www.azlyrics.com/h/hawknelson.html
Hawkwind,https://www.azlyrics.com/h/hawkwind.html
"Hawley, Richard",https://www.azlyrics.com/r/richardhawley.html
Hawthorne Heights,https://www.azlyrics.com/h/hawthorneheights.html
"Hawthorne, Koryn",https://www.azlyrics.com/k/korynhawthorne.html
"Hawthorne, Mayer",https://www.azlyrics.com/m/mayerhawthorne.html
Hayce Lemsi,https://www.azlyrics.com/h/haycelemsi.html
"Hay, Colin",https://www.azlyrics.com/c/colinhay.html
Hayd,https://www.azlyrics.com/h/hayd.html
Hayden James,https://www.azlyrics.com/h/haydenjames.html
Hayden Panettiere,https://www.azlyrics.com/h/haydenpanettiere.html
Hayden Summerall,https://www.azlyrics.com/h/haydensummerall.html
Hayes Carll,https://www.azlyrics.com/h/hayescarll.html
"Hayes, Darren",https://www.azlyrics.com/h/hayes.html
"Hayes, Isaac",https://www.azlyrics.com/i/isaachayes.html
"Hayes, Walker",https://www.azlyrics.com/w/walkerhayes.html
Hayki,https://www.azlyrics.com/h/hayki.html
Hayley Kiyoko,https://www.azlyrics.com/h/hayleykiyoko.html
Hayley Westenra,https://www.azlyrics.com/w/westenra.html
Hayley Williams,https://www.azlyrics.com/h/hayleywilliams.html
Haylie Duff,https://www.azlyrics.com/h/haylieduff.html
"Haynes, Warren",https://www.azlyrics.com/w/warrenhaynes.html
"Haynie, Emile",https://www.azlyrics.com/e/emilehaynie.html
Haystak,https://www.azlyrics.com/h/haystak.html
Haze,https://www.azlyrics.com/h/haze.html
Hazel English,https://www.azlyrics.com/h/hazelenglish.html
"Haze, Sara",https://www.azlyrics.com/s/sarahaze.html
"Hazlewood, Ben",https://www.azlyrics.com/b/benhazlewood.html
HBK Gang,https://www.azlyrics.com/h/hbkgang.html
H & Claire,https://www.azlyrics.com/h/hclaire.html
"Head And The Heart, The",https://www.azlyrics.com/h/headandtheheart.html
Head Automatica,https://www.azlyrics.com/h/headautomatica.html
Head East,https://www.azlyrics.com/h/headeast.html
Headie One,https://www.azlyrics.com/h/headieone.html
HEALTH,https://www.azlyrics.com/h/health.html
Healy,https://www.azlyrics.com/h/healy.html
"Heap, Imogen",https://www.azlyrics.com/i/imogenheap.html
Hear'say,https://www.azlyrics.com/h/hearsay.html
Heart,https://www.azlyrics.com/h/heart.html
Heart Attack Man,https://www.azlyrics.com/h/heartattackman.html
Heartland,https://www.azlyrics.com/h/heartland.html
Heartless Bastards,https://www.azlyrics.com/h/heartlessbastards.html
"Heart, Michael",https://www.azlyrics.com/m/michaelheart.html
Hearts & Colors,https://www.azlyrics.com/h/heartscolors.html
Heartsounds,https://www.azlyrics.com/h/heartsounds.html
H.E.A.T,https://www.azlyrics.com/h/heat.html
"Heath, Brandon",https://www.azlyrics.com/b/brandonheath.html
Heather Headley,https://www.azlyrics.com/h/headley.html
Heather Nova,https://www.azlyrics.com/h/heathernova.html
Heathers: The Musical Cast,https://www.azlyrics.com/h/heathersthemusicalcast.html
"Heaton, Niykee",https://www.azlyrics.com/n/niykeeheaton.html
Heatwave,https://www.azlyrics.com/h/heatwave.html
Heaven 17,https://www.azlyrics.com/h/heaven17.html
Heaven & Hell,https://www.azlyrics.com/h/heavenhell.html
Heavenly,https://www.azlyrics.com/h/heavenly.html
Heaven's Basement,https://www.azlyrics.com/h/heavensbasement.html
Heaven Shall Burn,https://www.azlyrics.com/h/heavenshallburn.html
Heavy D,https://www.azlyrics.com/h/heavyd.html
"Heavy, The",https://www.azlyrics.com/h/heavy.html
Hedegaard,https://www.azlyrics.com/h/hedegaard.html
Hedley,https://www.azlyrics.com/h/hedley.html
"Hedlund, Garrett",https://www.azlyrics.com/g/garretthedlund.html
(Hed) P.E.,https://www.azlyrics.com/h/hedpe.html
Hef,https://www.azlyrics.com/h/hef.html
Heffron Drive,https://www.azlyrics.com/h/heffrondrive.html
Heidi Montag,https://www.azlyrics.com/h/heidimontag.html
Heidi Newfield,https://www.azlyrics.com/h/heidinewfield.html
Heilung,https://www.azlyrics.com/h/heilung.html
He Is Legend,https://www.azlyrics.com/h/heislegend.html
He Is We,https://www.azlyrics.com/h/heiswe.html
Heize,https://www.azlyrics.com/h/heize.html
"Heldens, Oliver",https://www.azlyrics.com/o/oliverheldens.html
Helene Fischer,https://www.azlyrics.com/h/helenefischer.html
Helen Reddy,https://www.azlyrics.com/h/helenreddy.html
Helix,https://www.azlyrics.com/h/helix.html
"Hell, Coleman",https://www.azlyrics.com/c/colemanhell.html
Hellions,https://www.azlyrics.com/h/hellions.html
Hell Is For Heroes,https://www.azlyrics.com/h/hellisforheroes.html
Hellogoodbye,https://www.azlyrics.com/h/hellogoodbye.html
Helloween,https://www.azlyrics.com/h/helloween.html
HELLYEAH,https://www.azlyrics.com/h/hellyeah.html
"Helman, Scott",https://www.azlyrics.com/s/scotthelman.html
Helmet,https://www.azlyrics.com/h/helmet.html
"Helm, Levon",https://www.azlyrics.com/l/levonhelm.html
"Helms, Bobby",https://www.azlyrics.com/b/bobbyhelms.html
Helping Haiti,https://www.azlyrics.com/h/helpinghaiti.html
Hendersin,https://www.azlyrics.com/h/hendersin.html
"Henderson, Ella",https://www.azlyrics.com/e/ellahenderson.html
"Henderson, Logan",https://www.azlyrics.com/l/loganhenderson.html
"Henderson, Taylor",https://www.azlyrics.com/t/taylorhenderson.html
"Hendrix, Jimi",https://www.azlyrics.com/j/jimihendrix.html
"Henley, Don",https://www.azlyrics.com/d/donhenley.html
"Henley, Ron",https://www.azlyrics.com/r/ronhenley.html
Hennedub,https://www.azlyrics.com/h/hennedub.html
"Henningsens, The",https://www.azlyrics.com/h/henningsens.html
Henri PFR,https://www.azlyrics.com/h/henripfr.html
Henry Gallagher,https://www.azlyrics.com/h/henrygallagher.html
Henry Green,https://www.azlyrics.com/h/henrygreen.html
Henry,https://www.azlyrics.com/h/henry.html
Henry Jamison,https://www.azlyrics.com/h/henryjamison.html
"Henshaw, Samm",https://www.azlyrics.com/s/sammhenshaw.html
"Henson, Keaton",https://www.azlyrics.com/k/keatonhenson.html
Henyong Makata,https://www.azlyrics.com/h/henyongmakata.html
"Hepburn, Alex",https://www.azlyrics.com/a/alexhepburn.html
H.E.R.,https://www.azlyrics.com/h/her.html
Her,https://www.azlyrics.com/h/herthefrenchband.html
Herb Alpert,https://www.azlyrics.com/h/herbalpert.html
Her Bright Skies,https://www.azlyrics.com/h/herbrightskies.html
Here Be Lions,https://www.azlyrics.com/h/herebelions.html
Herman's Hermits,https://www.azlyrics.com/h/hermanshermits.html
Hermitude,https://www.azlyrics.com/h/hermitude.html
"Hernandez, Marcos",https://www.azlyrics.com/m/marcoshernandez.html
"Hernandez, Patrick",https://www.azlyrics.com/p/patrickhernandez.html
"Herndon, Ty",https://www.azlyrics.com/t/tyherndon.html
"Herre, Max",https://www.azlyrics.com/m/maxherre.html
"Herron, Zach",https://www.azlyrics.com/z/zachherron.html
Her's,https://www.azlyrics.com/h/hers.html
"Hersey, James",https://www.azlyrics.com/j/jameshersey.html
"Hertz, Joe",https://www.azlyrics.com/j/joehertz.html
"Herzig, Katie",https://www.azlyrics.com/k/katieherzig.html
"Hest, Ari",https://www.azlyrics.com/a/arihest.html
Heuss L'Enfoiré,https://www.azlyrics.com/h/heusslenfoire.html
"Hewitt, Emma",https://www.azlyrics.com/e/emmahewitt.html
"Hewitt, Jennifer Love",https://www.azlyrics.com/h/hewitt.html
HeyHiHello,https://www.azlyrics.com/h/heyhihello.html
Hey Monday,https://www.azlyrics.com/h/heymonday.html
Hey Violet,https://www.azlyrics.com/h/heyviolet.html
Hezekiah Walker,https://www.azlyrics.com/h/hezekiahwalker.html
"Hiatt, John",https://www.azlyrics.com/j/johnhiatt.html
Hiatus Kaiyote,https://www.azlyrics.com/h/hiatuskaiyote.html
"Hicks, Taylor",https://www.azlyrics.com/t/taylorhicks.html
"Hicks, Tim",https://www.azlyrics.com/t/timhicks.html
Hidell,https://www.azlyrics.com/h/hidell.html
Hi̇dra,https://www.azlyrics.com/h/hidra.html
"Hietala, Marko",https://www.azlyrics.com/m/markohietala.html
HIEUTHUHAI,https://www.azlyrics.com/h/hieuthuhai.html
"Higa, Ryan",https://www.azlyrics.com/r/ryanhiga.html
"Higgins, Bertie",https://www.azlyrics.com/b/bertiehiggins.html
"Higgins, Missy",https://www.azlyrics.com/h/higgins.html
Highasakite,https://www.azlyrics.com/h/highasakite.html
Higher Brothers,https://www.azlyrics.com/h/higherbrothers.html
High Highs,https://www.azlyrics.com/h/highhighs.html
Highlands Worship,https://www.azlyrics.com/h/highlandsworship.html
HIGHLIGHT,https://www.azlyrics.com/h/highlight.html
Highly Suspect,https://www.azlyrics.com/h/highlysuspect.html
High School Musical Cast,https://www.azlyrics.com/h/highschoolmusicalcast.html
Highsnob,https://www.azlyrics.com/h/highsnob.html
"High Strung, The",https://www.azlyrics.com/h/highstrung.html
High Valley,https://www.azlyrics.com/h/highvalley.html
Highway 101,https://www.azlyrics.com/h/highway101.html
"Highwaymen, The",https://www.azlyrics.com/h/highwaymen.html
"Highwomen, The",https://www.azlyrics.com/h/highwomen.html
"Hijazi, Zane",https://www.azlyrics.com/z/zanehijazi.html
"Hikaru, Utada",https://www.azlyrics.com/u/utada.html
Hilary Duff,https://www.azlyrics.com/d/duff.html
"Hilfigerrr, Zay",https://www.azlyrics.com/z/zayhilfigerrr.html
Hillary Scott,https://www.azlyrics.com/h/hillaryscott.html
"Hill, Becky",https://www.azlyrics.com/b/beckyhill.html
"Hill, Dan",https://www.azlyrics.com/d/danhill.html
"Hill, Faith",https://www.azlyrics.com/f/faithhill.html
"Hill, Kacy",https://www.azlyrics.com/k/kacyhill.html
"Hill, Lauryn",https://www.azlyrics.com/h/hill.html
"Hill, Marian",https://www.azlyrics.com/m/marianhill.html
Hillsong Live,https://www.azlyrics.com/h/hillsonglive.html
Hillsong United,https://www.azlyrics.com/h/hillsongunited.html
Hillsong Worship,https://www.azlyrics.com/h/hillsongworship.html
Hillsong Young & Free,https://www.azlyrics.com/h/hillsongyoungfree.html
Hilltop Hoods,https://www.azlyrics.com/h/hilltophoods.html
"Hilson, Keri",https://www.azlyrics.com/k/kerihilson.html
"Hilton, Paris",https://www.azlyrics.com/p/parishilton.html
"Hilton, Tyler",https://www.azlyrics.com/t/tylerhilton.html
"Hilty, Megan",https://www.azlyrics.com/m/meganhilty.html
HIM,https://www.azlyrics.com/h/him.html
"Him, The",https://www.azlyrics.com/h/himthe.html
HINAPIA,https://www.azlyrics.com/h/hinapia.html
Hinder,https://www.azlyrics.com/h/hinder.html
Hindia,https://www.azlyrics.com/h/hindia.html
Hinds,https://www.azlyrics.com/h/hinds.html
"Hines, Brandon",https://www.azlyrics.com/b/brandonhines.html
"Hines, Marie",https://www.azlyrics.com/m/mariehines.html
Hippie Sabotage,https://www.azlyrics.com/h/hippiesabotage.html
Hippo Campus,https://www.azlyrics.com/h/hippocampus.html
"Hires, Matt",https://www.azlyrics.com/m/matthires.html
Hi-Rez,https://www.azlyrics.com/h/hirez.html
Hiro,https://www.azlyrics.com/h/hiro.html
Hiss Golden Messenger,https://www.azlyrics.com/h/hissgoldenmessenger.html
History In The Making,https://www.azlyrics.com/h/historyinthemaking.html
"Hitchcock, Deante'",https://www.azlyrics.com/d/deantehitchcock.html
"Hitch, Neon",https://www.azlyrics.com/n/neonhitch.html
Hitmaka,https://www.azlyrics.com/h/hitmaka.html
Hitman Sammy Sam,https://www.azlyrics.com/h/hitmansammy.html
Hit The Lights,https://www.azlyrics.com/h/hitthelights.html
"Hives, The",https://www.azlyrics.com/h/hives.html
HIVI!,https://www.azlyrics.com/h/hivi.html
Hkeem,https://www.azlyrics.com/h/hkeem.html
HLEB (ХЛЕБ),https://www.azlyrics.com/h/hleb.html
HL Wave,https://www.azlyrics.com/h/hlwave.html
H Magnum,https://www.azlyrics.com/h/hmagnum.html
"Hoang, Stevie",https://www.azlyrics.com/s/steviehoang.html
Hobo Johnson,https://www.azlyrics.com/h/hobojohnson.html
Hockey,https://www.azlyrics.com/h/hockey.html
Hockey Dad,https://www.azlyrics.com/h/hockeydad.html
"Hodgson, Roger",https://www.azlyrics.com/r/rogerhodgson.html
Hodgy Beats,https://www.azlyrics.com/h/hodgybeats.html
"Hogan, Brooke",https://www.azlyrics.com/b/brookehogan.html
"Hoge, Will",https://www.azlyrics.com/w/willhoge.html
"Ho, Katherine",https://www.azlyrics.com/k/katherineho.html
Hoku,https://www.azlyrics.com/h/hoku.html
"Holbrook, Taylor Ray",https://www.azlyrics.com/t/taylorrayholbrook.html
"Holcomb, Ellie",https://www.azlyrics.com/e/ellieholcomb.html
Holden,https://www.azlyrics.com/h/holden.html
"Holden, Greg",https://www.azlyrics.com/g/gregholden.html
Holding Absence,https://www.azlyrics.com/h/holdingabsence.html
"Hold Steady, The",https://www.azlyrics.com/h/holdsteady.html
Hole,https://www.azlyrics.com/h/hole.html
"Holiday, Billie",https://www.azlyrics.com/b/billieholiday.html
"Holland, Dylan",https://www.azlyrics.com/d/dylanholland.html
"Holland, Kenny",https://www.azlyrics.com/k/kennyholland.html
"Hollens, Peter",https://www.azlyrics.com/p/peterhollens.html
"Hollies, The",https://www.azlyrics.com/h/hollies.html
"Hollister, Dave",https://www.azlyrics.com/d/davehollister.html
Hollow Coves,https://www.azlyrics.com/h/hollowcoves.html
Holly Brook,https://www.azlyrics.com/h/hollybrook.html
"Holly, Buddy",https://www.azlyrics.com/b/buddyholly.html
Holly Dunn,https://www.azlyrics.com/h/hollydunn.html
Holly Humberstone,https://www.azlyrics.com/h/hollyhumberstone.html
Holly Miranda,https://www.azlyrics.com/h/hollymiranda.html
Hollyn,https://www.azlyrics.com/h/hollyn.html
Holly Valance,https://www.azlyrics.com/v/valance.html
Holly Williams,https://www.azlyrics.com/h/hollywilliams.html
Hollywood Ending,https://www.azlyrics.com/h/hollywoodending.html
Hollywood Undead,https://www.azlyrics.com/h/hollywoodundead.html
Hollywood Vampires,https://www.azlyrics.com/h/hollywoodvampires.html
"Holmes, Katie",https://www.azlyrics.com/h/holmes.html
"Holmes, Rupert",https://www.azlyrics.com/r/rupertholmes.html
"Holter, Julia",https://www.azlyrics.com/j/juliaholter.html
"Holt, Olivia",https://www.azlyrics.com/o/oliviaholt.html
HOLYCHILD,https://www.azlyrics.com/h/holychild.html
Holy Holy,https://www.azlyrics.com/h/holyholy.html
"Holy, Steve",https://www.azlyrics.com/s/steveholy.html
Hombres G,https://www.azlyrics.com/h/hombresg.html
Home Free,https://www.azlyrics.com/h/homefree.html
Homesafe,https://www.azlyrics.com/h/homesafe.html
Home Town Hero,https://www.azlyrics.com/h/hometown.html
Honey Cocaine,https://www.azlyrics.com/h/honeycocaine.html
Honey Cone,https://www.azlyrics.com/h/honeycone.html
Honeymoon Suite,https://www.azlyrics.com/h/honeymoonsuite.html
Honeywater,https://www.azlyrics.com/h/honeywater.html
HONNE,https://www.azlyrics.com/h/honne.html
"Honorary Title, The",https://www.azlyrics.com/h/honorarytitle.html
Honors,https://www.azlyrics.com/h/honors.html
Honor Society,https://www.azlyrics.com/h/honorsociety.html
Hoobastank,https://www.azlyrics.com/h/hoobastank.html
HoodCelebrityy,https://www.azlyrics.com/h/hoodcelebrityy.html
Hoodie Allen,https://www.azlyrics.com/h/hoodieallen.html
Hoodoo Gurus,https://www.azlyrics.com/h/hoodoogurus.html
HoodRich Pablo Juan,https://www.azlyrics.com/h/hoodrichpablojuan.html
Hoody,https://www.azlyrics.com/h/hoody.html
"Hook, Shawn",https://www.azlyrics.com/s/shawnhook.html
hooligan chase,https://www.azlyrics.com/h/hooliganchase.html
Hooligan Hefs,https://www.azlyrics.com/h/hooliganhefs.html
"Hoosiers, The",https://www.azlyrics.com/h/hoosiers.html
Hooss,https://www.azlyrics.com/h/hooss.html
"Hooters, The",https://www.azlyrics.com/h/hooters.html
Hootie & The Blowfish,https://www.azlyrics.com/h/hootie.html
Hooverphonic,https://www.azlyrics.com/h/hooverphonic.html
Hop Along,https://www.azlyrics.com/h/hopalong.html
Hope Darst,https://www.azlyrics.com/h/hopedarst.html
"Hope, Dempsey",https://www.azlyrics.com/d/dempseyhope.html
Hope For Haiti Now,https://www.azlyrics.com/h/hopeforhaitinow.html
"Hope, Mallary",https://www.azlyrics.com/m/mallaryhope.html
"Hope, Mitchell",https://www.azlyrics.com/m/mitchellhope.html
Hope Partlow,https://www.azlyrics.com/h/hopepartlow.html
Hopes Die Last,https://www.azlyrics.com/h/hopesdielast.html
Hopesfall,https://www.azlyrics.com/h/hopesfall.html
Hope Tala,https://www.azlyrics.com/h/hopetala.html
"Hopkin, Mary",https://www.azlyrics.com/m/maryhopkin.html
Hopsin,https://www.azlyrics.com/h/hopsin.html
"Horan, Niall",https://www.azlyrics.com/n/niallhoran.html
"Horne, Liam",https://www.azlyrics.com/l/liamhorne.html
Hornet La Frappe,https://www.azlyrics.com/h/hornetlafrappe.html
"Hornsby, Bruce",https://www.azlyrics.com/b/brucehornsby.html
"Horrible Crowes, The",https://www.azlyrics.com/h/horriblecrowes.html
Horrorpops,https://www.azlyrics.com/h/horrorpops.html
Horrorshow,https://www.azlyrics.com/h/horrorshow.html
"Horrors, The",https://www.azlyrics.com/h/horrors.html
Horse Feathers,https://www.azlyrics.com/h/horsefeathers.html
"Horton, Johnny",https://www.azlyrics.com/j/johnnyhorton.html
HOSH,https://www.azlyrics.com/h/hosh.html
Hoshi,https://www.azlyrics.com/h/hoshi.html
Hot Action Cop,https://www.azlyrics.com/h/hotaction.html
Hot Apple Pie,https://www.azlyrics.com/h/hotapplepie.html
Hot Boys,https://www.azlyrics.com/h/hotboys.html
Hot Chelle Rae,https://www.azlyrics.com/h/hotchellerae.html
Hot Chip,https://www.azlyrics.com/h/hotchip.html
Hot Chocolate,https://www.azlyrics.com/h/hotchocolate.html
Hotdog,https://www.azlyrics.com/h/hotdog.html
Hotel Books,https://www.azlyrics.com/h/hotelbooks.html
"Hotelier, The",https://www.azlyrics.com/h/hotelier.html
Hot Hot Heat,https://www.azlyrics.com/h/hothotheat.html
Hothouse Flowers,https://www.azlyrics.com/h/hothouseflowers.html
Hot Mulligan,https://www.azlyrics.com/h/hotmulligan.html
Hot Water Music,https://www.azlyrics.com/h/hotwatermusic.html
"Houdini, Sal",https://www.azlyrics.com/s/salhoudini.html
"Hough, Julianne",https://www.azlyrics.com/j/juliannehough.html
"Houghton, Israel",https://www.azlyrics.com/i/israelhoughton.html
Houndmouth,https://www.azlyrics.com/h/houndmouth.html
Housefires,https://www.azlyrics.com/h/housefires.html
Household,https://www.azlyrics.com/h/household.html
"Housemartins, The",https://www.azlyrics.com/h/housemartins.html
House Of Heroes,https://www.azlyrics.com/h/houseofheroes.html
House Of Lords,https://www.azlyrics.com/h/houseoflords.html
House Of Pain,https://www.azlyrics.com/h/house.html
"Houser, Randy",https://www.azlyrics.com/r/randyhouser.html
Houston,https://www.azlyrics.com/h/houst.html
"Houston, Marques",https://www.azlyrics.com/h/houstonm.html
"Houston, Thelma",https://www.azlyrics.com/t/thelmahouston.html
"Houston, Whitney",https://www.azlyrics.com/h/houston.html
Hov1,https://www.azlyrics.com/h/hov1.html
Hovey Benjamin,https://www.azlyrics.com/h/hoveybenjamin.html
"Howard, Adina",https://www.azlyrics.com/h/howard.html
"Howard, Ben",https://www.azlyrics.com/b/benhoward.html
"Howard, Brittany",https://www.azlyrics.com/b/brittanyhoward.html
Howard Jones,https://www.azlyrics.com/h/howardjones.html
"Howard, Miki",https://www.azlyrics.com/m/mikihoward.html
"Howell, Dan",https://www.azlyrics.com/d/danhowell.html
How I Became The Bomb,https://www.azlyrics.com/h/howibecamethebomb.html
Howie D,https://www.azlyrics.com/h/howied.html
Howie Day,https://www.azlyrics.com/d/day.html
"Howl, Chloe",https://www.azlyrics.com/c/chloehowl.html
Howlin' Wolf,https://www.azlyrics.com/h/howlinwolf.html
How To Destroy Angels,https://www.azlyrics.com/h/howtodestroyangels.html
How To Dress Well,https://www.azlyrics.com/h/howtodresswell.html
Hozier,https://www.azlyrics.com/h/hozier.html
HRVY,https://www.azlyrics.com/h/hrvy.html
H-Town,https://www.azlyrics.com/h/htown.html
"Hudak, Jes",https://www.azlyrics.com/j/jeshudak.html
"Hudgens, Vanessa",https://www.azlyrics.com/v/vanessahudgens.html
"Hudson, Emmanuel",https://www.azlyrics.com/e/emmanuelhudson.html
"Hudson, Jennifer",https://www.azlyrics.com/j/jenniferhudson.html
"Hudson, Sarah",https://www.azlyrics.com/s/sarahhudson.html
Hudson Taylor,https://www.azlyrics.com/h/hudsontaylor.html
Hudson Thames,https://www.azlyrics.com/h/hudsonthames.html
"Hues Corporation, The",https://www.azlyrics.com/h/huescorporation.html
"Huett, Liz",https://www.azlyrics.com/l/lizhuett.html
Huey,https://www.azlyrics.com/h/huey13467.html
Huey,https://www.azlyrics.com/h/huey.html
Huey Lewis & The News,https://www.azlyrics.com/h/hueylewisthenews.html
"Huff, George",https://www.azlyrics.com/g/georgehuff.html
HUGEL,https://www.azlyrics.com/h/hugel.html
"Hughes, Tim",https://www.azlyrics.com/t/timhughes.html
Hugh Grant,https://www.azlyrics.com/h/hughgrant.html
Hugh Laurie,https://www.azlyrics.com/h/hughlaurie.html
Hugo,https://www.azlyrics.com/h/hugo.html
Hugo Helmig,https://www.azlyrics.com/h/hugohelmig.html
Hum,https://www.azlyrics.com/h/hum.html
"Human League, The",https://www.azlyrics.com/h/humanleague.html
Human Nature,https://www.azlyrics.com/h/humannature.html
Human Touch,https://www.azlyrics.com/h/humantouch.html
Humble Pie,https://www.azlyrics.com/h/humblepie.html
"Hummon, Levi",https://www.azlyrics.com/l/levihummon.html
Humood AlKhudher,https://www.azlyrics.com/h/humoodalkhudher.html
"Humperdinck, Engelbert",https://www.azlyrics.com/e/engelberthumperdinck.html
Hundred Reasons,https://www.azlyrics.com/h/hundredreasons.html
Hundredth,https://www.azlyrics.com/h/hundredth.html
Hundred Waters,https://www.azlyrics.com/h/hundredwaters.html
"Hung, William",https://www.azlyrics.com/h/hung.html
"Hunna, The",https://www.azlyrics.com/h/hunna.html
HUNNY,https://www.azlyrics.com/h/hunny.html
Huntar,https://www.azlyrics.com/h/huntar.html
Hunter Brothers,https://www.azlyrics.com/h/hunterbrothers.html
Hunter Hayes,https://www.azlyrics.com/h/hunterhayes.html
"Hunter, Matt",https://www.azlyrics.com/m/matthunter.html
Hunters & Collectors,https://www.azlyrics.com/h/hunterscollectors.html
"Hunt, Sam",https://www.azlyrics.com/s/samhunt.html
"Hurd, Ryan",https://www.azlyrics.com/r/ryanhurd.html
Hurricane Chris,https://www.azlyrics.com/h/hurricanechris.html
Hurt,https://www.azlyrics.com/h/hurt.html
Hurts,https://www.azlyrics.com/h/hurts.html
"Hush Sound, The",https://www.azlyrics.com/h/hushsound.html
Husky (Хаски),https://www.azlyrics.com/h/husky.html
Hustle Gang,https://www.azlyrics.com/h/hustlegang.html
"Hutchins, Norman",https://www.azlyrics.com/n/normanhutchins.html
"Hutchinson, Eric",https://www.azlyrics.com/e/erichutchinson.html
"HU, The",https://www.azlyrics.com/h/hu.html
"Hval, Jenny",https://www.azlyrics.com/j/jennyhval.html
Hwasa,https://www.azlyrics.com/h/hwasa.html
"Hyland, Brooke",https://www.azlyrics.com/b/brookehyland.html
"Hyman, Phyllis",https://www.azlyrics.com/p/phyllishyman.html
"Hynde, Chrissie",https://www.azlyrics.com/c/chrissiehynde.html
HYO,https://www.azlyrics.com/h/hyo.html
Hyolyn,https://www.azlyrics.com/h/hyolyn.html
"Hype, James",https://www.azlyrics.com/j/jameshype.html
"Hyslop, Joshua",https://www.azlyrics.com/j/joshuahyslop.html
Hyuk,https://www.azlyrics.com/h/hyuk.html
Hyukoh,https://www.azlyrics.com/h/hyukoh.html
HyunA,https://www.azlyrics.com/h/hyuna.html
