Yael Naim,https://www.azlyrics.com/y/yaelnaim.html
"Yalçıntaş, İlyas",https://www.azlyrics.com/i/ilyasyalcntas.html
Yalın,https://www.azlyrics.com/y/yaln.html
Yall,https://www.azlyrics.com/y/yall.html
"Yamagata, Rachael",https://www.azlyrics.com/y/yamagata.html
"Yamin, Elliott",https://www.azlyrics.com/e/elliottyamin.html
Yandel,https://www.azlyrics.com/y/yandel.html
Yang Da Il,https://www.azlyrics.com/y/yangdail.html
Yanix,https://www.azlyrics.com/y/yanix.html
"Yankovic, Weird Al",https://www.azlyrics.com/y/yankovic.html
Yanni,https://www.azlyrics.com/y/yanni.html
"Yanofsky, Nikki",https://www.azlyrics.com/n/nikkiyanofsky.html
"Yardbirds, The",https://www.azlyrics.com/y/yardbirds.html
Yaro,https://www.azlyrics.com/y/yaro.html
"Yaşar, Ebru",https://www.azlyrics.com/e/ebruyasar.html
Yashua,https://www.azlyrics.com/y/yashua.html
Yasin,https://www.azlyrics.com/y/yasin.html
"Yates, Francesco",https://www.azlyrics.com/f/francescoyates.html
"Yatra, Sebastian",https://www.azlyrics.com/s/sebastianyatra.html
Yayoi,https://www.azlyrics.com/y/yayoi.html
"Yayo, Tony",https://www.azlyrics.com/t/tonyyayo.html
Yazoo,https://www.azlyrics.com/y/yazoo.html
YBN Almighty Jay,https://www.azlyrics.com/y/ybnalmightyjay.html
YBN Cordae,https://www.azlyrics.com/y/ybncordae.html
YBN Nahmir,https://www.azlyrics.com/y/ybnnahmir.html
YCEE,https://www.azlyrics.com/y/ycee.html
Yeah Yeah Yeahs,https://www.azlyrics.com/y/yeahyeahyeahs.html
Years & Years,https://www.azlyrics.com/y/yearsyears.html
"Yearwood, Trisha",https://www.azlyrics.com/t/trishayearwood.html
Yeasayer,https://www.azlyrics.com/y/yeasayer.html
Ye Banished Privateers,https://www.azlyrics.com/y/yebanishedprivateers.html
Yebba,https://www.azlyrics.com/y/yebba.html
Yeek,https://www.azlyrics.com/y/yeek.html
Yelawolf,https://www.azlyrics.com/y/yelawolf.html
Yella Beezy,https://www.azlyrics.com/y/yellabeezy.html
Yelle,https://www.azlyrics.com/y/yelle.html
Yello,https://www.azlyrics.com/y/yello.html
Yellowcard,https://www.azlyrics.com/y/yellowcard.html
Yellow Claw,https://www.azlyrics.com/y/yellowclaw.html
Yellow Days,https://www.azlyrics.com/y/yellowdays.html
Yemi Alade,https://www.azlyrics.com/y/yemialade.html
Yener Çevik,https://www.azlyrics.com/y/yenercevik.html
Yeng Constantino,https://www.azlyrics.com/y/yengconstantino.html
Yerin Baek,https://www.azlyrics.com/y/yerinbaek.html
Yes,https://www.azlyrics.com/y/yes.html
yesterday,https://www.azlyrics.com/y/yesterday.html
"Yeter, Burak",https://www.azlyrics.com/b/burakyeter.html
YFN Lucci,https://www.azlyrics.com/y/yfnlucci.html
YG,https://www.azlyrics.com/y/yg.html
YG Pablo,https://www.azlyrics.com/y/ygpablo.html
Yhung T.O.,https://www.azlyrics.com/y/yhungto.html
Ying Yang Twins,https://www.azlyrics.com/y/yingyangtwins.html
YK Osiris,https://www.azlyrics.com/y/ykosiris.html
YL,https://www.azlyrics.com/y/yl.html
Y La Bamba,https://www.azlyrics.com/y/ylabamba.html
Ylona Garcia,https://www.azlyrics.com/y/ylonagarcia.html
Ylvis,https://www.azlyrics.com/y/ylvis.html
YNG Martyr,https://www.azlyrics.com/y/yngmartyr.html
Yngwie Malmsteen,https://www.azlyrics.com/y/yngwiemalmsteen.html
YN Jay,https://www.azlyrics.com/y/ynjay.html
YNW BSlime,https://www.azlyrics.com/y/ynwbslime.html
YNW Melly,https://www.azlyrics.com/y/ynwmelly.html
"Yoakam, Dwight",https://www.azlyrics.com/d/dwightyoakam.html
YOASOBI,https://www.azlyrics.com/y/yoasobi.html
Yoe Mase,https://www.azlyrics.com/y/yoemase.html
Yofrangel,https://www.azlyrics.com/y/yofrangel.html
Yogi,https://www.azlyrics.com/y/yogi.html
Yo Gotti,https://www.azlyrics.com/y/yogotti.html
Yoke Lore,https://www.azlyrics.com/y/yokelore.html
Yola,https://www.azlyrics.com/y/yola.html
Yolanda Adams,https://www.azlyrics.com/a/adamsy.html
Yolanda Be Cool,https://www.azlyrics.com/y/yolandabecool.html
Yo La Tengo,https://www.azlyrics.com/y/yolatengo.html
YONAKA,https://www.azlyrics.com/y/yonaka.html
YONAS,https://www.azlyrics.com/y/yonas.html
"Yonezu, Kenshi",https://www.azlyrics.com/k/kenshiyonezu.html
YONII,https://www.azlyrics.com/y/yonii.html
YooA,https://www.azlyrics.com/y/yooa.html
Yoona,https://www.azlyrics.com/y/yoona.html
Yoon Jisung,https://www.azlyrics.com/y/yoonjisung.html
"Yorke, Thom",https://www.azlyrics.com/t/thomyorke.html
"Yorn, Pete",https://www.azlyrics.com/y/yorn.html
Yoshi Flower,https://www.azlyrics.com/y/yoshiflower.html
Yoste,https://www.azlyrics.com/y/yoste.html
Yotari,https://www.azlyrics.com/y/yotari.html
Yo Trane,https://www.azlyrics.com/y/yotrane.html
You Am I,https://www.azlyrics.com/y/youami.html
You+Me,https://www.azlyrics.com/y/youme.html
You Me At Six,https://www.azlyrics.com/y/youmeatsix.html
Young Artists For Haiti,https://www.azlyrics.com/y/youngartistsforhaiti.html
Youngblood Hawke,https://www.azlyrics.com/y/youngbloodhawke.html
"Youngbloods, The",https://www.azlyrics.com/y/youngbloods.html
YoungBloodZ,https://www.azlyrics.com/y/youngbloodz.html
Young Bombs,https://www.azlyrics.com/y/youngbombs.html
"Young, Brett",https://www.azlyrics.com/b/brettyoung.html
Young Buck,https://www.azlyrics.com/y/youngbuck.html
"Young, Chris",https://www.azlyrics.com/c/chrisyoung.html
Young Chris,https://www.azlyrics.com/y/youngchris.html
Young Dolph,https://www.azlyrics.com/y/youngdolph.html
Young Dro,https://www.azlyrics.com/y/youngdro.html
Young Ellens,https://www.azlyrics.com/y/youngellens.html
Young Empires,https://www.azlyrics.com/y/youngempires.html
"Young, Faron",https://www.azlyrics.com/f/faronyoung.html
Young Fathers,https://www.azlyrics.com/y/youngfathers.html
Young Franco,https://www.azlyrics.com/y/youngfranco.html
Young Greatness,https://www.azlyrics.com/y/younggreatness.html
Young Guns,https://www.azlyrics.com/y/youngguns.html
Young Gunz,https://www.azlyrics.com/y/younggunz.html
Young Heart Attack,https://www.azlyrics.com/y/youngheartattack.html
Young Igi,https://www.azlyrics.com/y/youngigi.html
Youngjae,https://www.azlyrics.com/y/youngjae.html
"Young, Jaymes",https://www.azlyrics.com/j/jaymesyoung.html
Young Jeezy,https://www.azlyrics.com/y/youngjeezy.html
"Young, John Paul",https://www.azlyrics.com/j/johnpaulyoung.html
"Young, Jon",https://www.azlyrics.com/j/jonyoung.html
"Young, Jonathan",https://www.azlyrics.com/j/jonathanyoung.html
Young L3x,https://www.azlyrics.com/y/youngl3x.html
Young Love,https://www.azlyrics.com/y/younglove.html
Young Lyric,https://www.azlyrics.com/y/younglyric.html
Young M.A,https://www.azlyrics.com/y/youngma.html
Young Marqus,https://www.azlyrics.com/y/youngmarqus.html
Young MC,https://www.azlyrics.com/y/youngmc.html
Young Money,https://www.azlyrics.com/y/youngmoney.html
Young Multi,https://www.azlyrics.com/y/youngmulti.html
"Young, Neil",https://www.azlyrics.com/y/young.html
Youngn Lipz,https://www.azlyrics.com/y/youngnlipz.html
Young Nudy,https://www.azlyrics.com/y/youngnudy.html
Young Pappy,https://www.azlyrics.com/y/youngpappy.html
"Young, Paul",https://www.azlyrics.com/p/paulyoung.html
Youngr,https://www.azlyrics.com/y/youngr.html
Young Rising Sons,https://www.azlyrics.com/y/youngrisingsons.html
Young Rome,https://www.azlyrics.com/y/youngrome.html
Young Sam,https://www.azlyrics.com/y/youngsam.html
Young Science,https://www.azlyrics.com/y/youngscience.html
Young Scooter,https://www.azlyrics.com/y/youngscooter.html
Young Signorino,https://www.azlyrics.com/y/youngsignorino.html
Youngstown,https://www.azlyrics.com/y/youngstown.html
Young Summer,https://www.azlyrics.com/y/youngsummer.html
"Young, Tata",https://www.azlyrics.com/y/youngt.html
Young T & Bugsey,https://www.azlyrics.com/y/youngtbugsey.html
Young The Giant,https://www.azlyrics.com/y/youngthegiant.html
Young Thug,https://www.azlyrics.com/y/youngthug.html
"Young, Tiffany",https://www.azlyrics.com/t/tiffanyyoung.html
"Young Veins, The",https://www.azlyrics.com/y/youngveins.html
"Young, Will",https://www.azlyrics.com/y/youngw.html
Younha,https://www.azlyrics.com/y/younha.html
Your Favorite Martian,https://www.azlyrics.com/y/yourfavoritemartian.html
Yours Truly,https://www.azlyrics.com/y/yourstruly.html
Youssoupha,https://www.azlyrics.com/y/youssoupha.html
Youth Fountain,https://www.azlyrics.com/y/youthfountain.html
Youth Lagoon,https://www.azlyrics.com/y/youthlagoon.html
YouTunes,https://www.azlyrics.com/y/youtunes.html
Yo Yo Honey Singh,https://www.azlyrics.com/h/honeysingh.html
Ysabelle Cuevas,https://www.azlyrics.com/y/ysabellecuevas.html
YSN Flow,https://www.azlyrics.com/y/ysnflow.html
Yssi SB,https://www.azlyrics.com/y/yssisb.html
Ysy A,https://www.azlyrics.com/y/ysya.html
Y&T,https://www.azlyrics.com/y/yt.html
Yui,https://www.azlyrics.com/y/yui.html
Yüksek Sadakat,https://www.azlyrics.com/y/yukseksadakat.html
Yulema,https://www.azlyrics.com/y/yulema.html
Yumi Lacsamana,https://www.azlyrics.com/y/yumilacsamana.html
Yumi Zouma,https://www.azlyrics.com/y/yumizouma.html
Yuna,https://www.azlyrics.com/y/yuna.html
Yung Bae,https://www.azlyrics.com/y/yungbae.html
Yung Bans,https://www.azlyrics.com/y/yungbans.html
Yung Beef,https://www.azlyrics.com/y/yungbeef.html
Yung Berg,https://www.azlyrics.com/y/yungberg.html
Yung Bleu,https://www.azlyrics.com/y/yungbleu.html
YUNGBLUD,https://www.azlyrics.com/y/yungblud.html
Yung Chris,https://www.azlyrics.com/y/yungchris.html
Yungeen Ace,https://www.azlyrics.com/y/yungeenace.html
Yungen,https://www.azlyrics.com/y/yungen.html
Yung Felix,https://www.azlyrics.com/y/yungfelix.html
Yung Gravy,https://www.azlyrics.com/y/yunggravy.html
Yung Heazy,https://www.azlyrics.com/y/yungheazy.html
Yung Hurn,https://www.azlyrics.com/y/yunghurn.html
Yung Joc,https://www.azlyrics.com/y/yungjoc.html
Yung Kafa & Kücük Efendi,https://www.azlyrics.com/y/yungkafakucukefendi.html
Yung Lean,https://www.azlyrics.com/y/yunglean.html
Yung Mal,https://www.azlyrics.com/y/yungmal.html
Yung Mavu,https://www.azlyrics.com/y/yungmavu.html
Yung Nation,https://www.azlyrics.com/y/yungnation.html
Yung Pinch,https://www.azlyrics.com/y/yungpinch.html
Yung Tory,https://www.azlyrics.com/y/yungtory.html
Yung Wun,https://www.azlyrics.com/y/yungwun.html
Yura Yunita,https://www.azlyrics.com/y/yurayunita.html
Yuri,https://www.azlyrics.com/y/yuri.html
Yuridia,https://www.azlyrics.com/y/yuridia.html
"Yusuf, Sami",https://www.azlyrics.com/s/samiyusuf.html
YUZMV,https://www.azlyrics.com/y/yuzmv.html
Yüzyüzeyken Konuşuruz,https://www.azlyrics.com/y/yzyzeykenkonuuruz.html
Yves Tumor,https://www.azlyrics.com/y/yvestumor.html
Yves V,https://www.azlyrics.com/y/yvesv.html
Yvonne Catterfeld,https://www.azlyrics.com/y/yvonnecatterfeld.html
Yvonne Elliman,https://www.azlyrics.com/y/yvonneelliman.html
Yxng Bane,https://www.azlyrics.com/y/yxngbane.html
Yxngxr1,https://www.azlyrics.com/y/yxngxr1.html
